<TABELAS> 

	<TABELA NOME="AcaoPPA" BEAN="AcaoPPA">
		<CAMPO NOME="valorGlobalAcao" MASKREL="valorGlobalAcao" CREDITO="N" DEBITO="N"/>
	</TABELA>
	
	<TABELA NOME="Programa" BEAN="Programa">
		<CAMPO NOME="valorGlobalPrograma" MASKREL="valorGlobalPrograma" CREDITO="N" DEBITO="N"/>
	</TABELA>	
	
	<TABELA NOME="AlienacaoBem" BEAN="AlienacaoBem">
		<CAMPO NOME="valorAlienacao" MASKREL="valorAlienacao" CREDITO="N" DEBITO="N"/>
	</TABELA>		
	
	<TABELA NOME="AplicacaoAlienacaoBem" BEAN="AplicacaoAlienacaoBem">
		<CAMPO NOME="valorAplicacao" MASKREL="valorAplicacao" CREDITO="N" DEBITO="N"/>
	</TABELA>			
	
	<TABELA NOME="CompensacaoRenuncia" BEAN="CompensacaoRenuncia">
		<CAMPO NOME="valorCompensacao" MASKREL="valorCompensacao" CREDITO="N" DEBITO="N"/>
	</TABELA>				
	
	<TABELA NOME="MetaFiscal" BEAN="MetaFiscal">
		<CAMPO NOME="valorMetaPrevista" MASKREL="valorMetaPrevista" CREDITO="N" DEBITO="N"/>
		<CAMPO NOME="valorConstanteMetaPrevista" MASKREL="valorConstanteMetaPrevista" CREDITO="N" DEBITO="N"/>
		<CAMPO NOME="valorRealizadaAnosAnteriores" MASKREL="valorRealizadaAnosAnteriores" CREDITO="N" DEBITO="N"/>		
	</TABELA>					
	
	<TABELA NOME="PassivoContingente" BEAN="PassivoContingente">
		<CAMPO NOME="valorPassivoContingente" MASKREL="valorPassivoContingente" CREDITO="N" DEBITO="N"/>
	</TABELA>					
	
	<TABELA NOME="PatrimonioLiquido" BEAN="PatrimonioLiquido">
		<CAMPO NOME="valorPatrimonioFinal" MASKREL="valorPatrimonioFinal" CREDITO="N" DEBITO="N"/>
	</TABELA>						
	
	<TABELA NOME="PercentualParticipacaoPoderes" BEAN="PercentualParticipacaoPoderes">
		<CAMPO NOME="valorPercentualRLD" MASKREL="valorPercentualRLD" CREDITO="N" DEBITO="N"/>
	</TABELA>							
	
	<TABELA NOME="RenunciaReceitaAumentoDespesa" BEAN="RenunciaReceitaAumentoDespesa">
		<CAMPO NOME="valor" MASKREL="valorRenunciaAumentoDespesa" CREDITO="N" DEBITO="N"/>
	</TABELA>								
	
	<TABELA NOME="PrevisaoReceita" BEAN="PrevisaoReceita">
		<CAMPO NOME="valorReceitaOrcada" MASKREL="valorReceitaOrcada" CREDITO="N" DEBITO="N"/>
	</TABELA>									
	
	<TABELA NOME="Orcamento" BEAN="Orcamento">
		<CAMPO NOME="valorRclEstimada" MASKREL="valorRclEstimada" CREDITO="N" DEBITO="N"/>
		<CAMPO NOME="valorRldEstimada" MASKREL="valorRldEstimada" CREDITO="N" DEBITO="N"/>		
	</TABELA>										
	
	<TABELA NOME="FonteRecurso" BEAN="FonteRecurso">
		<CAMPO NOME="valorOrcado" MASKREL="valorOrcado" CREDITO="N" DEBITO="N"/>
	</TABELA>										
	
	<TABELA NOME="AlteracaoOrcamentaria" BEAN="AlteracaoOrcamentaria">
		<CAMPO NOME="valorAlteracao" MASKREL="valorAlteracao" CREDITO="N" DEBITO="N"/>
	</TABELA>											
	
	<TABELA NOME="FonteRecursoCreditoAdicional" BEAN="FonteRecursoCreditoAdicional">
		<CAMPO NOME="valorRecurso" MASKREL="valorRecurso" CREDITO="N" DEBITO="N"/>
	</TABELA>												
	
	<TABELA NOME="NotaAnulacaoLiberacaoCreditoOrcamentario" BEAN="NotaAnulacaoLiberacaoCreditoOrcamentario">
		<CAMPO NOME="valorAnulacao" MASKREL="valorAnulacao" CREDITO="N" DEBITO="N"/>
	</TABELA>													
	
	<TABELA NOME="NotaLiberacaoCreditoOrcamentario" BEAN="NotaLiberacaoCreditoOrcamentario">
		<CAMPO NOME="valorCreditoLiberado" MASKREL="valorCreditoLiberado" CREDITO="N" DEBITO="N"/>
	</TABELA>
	
	<TABELA NOME="ComponenteFiscal" BEAN="ComponenteFiscal">
		<CAMPO NOME="valorInformado" MASKREL="valorInformado" CREDITO="N" DEBITO="N"/>
		<CAMPO NOME="valorApurado" MASKREL="valorApurado" CREDITO="N" DEBITO="N"/>
	</TABELA>															
	
</TABELAS> 