<?xml version="1.0" encoding="UTF-8"?>
<!DOCTYPE hibernate-mapping PUBLIC "-//Hibernate/Hibernate Mapping DTD 2.0//EN"
                                   "http://hibernate.sourceforge.net/hibernate-mapping-2.0.dtd">
<hibernate-mapping package="br.gov.sc.tce.esfinge.common.entidades.tipoChave">
 <class name="br.gov.sc.tce.esfinge.common.entidades.tipoChave.TipoChave">
  <id name="identificador" type="integer">
  	<column name="identificador" sql-type="INTEGER"/>
   <generator class="increment"/>
  </id>

  <property name="descricaoTipoChave" type="string">
  	<column name="descricao" sql-type="VARCHAR"/>
  </property>
 </class>
</hibernate-mapping>
