<?xml version="1.0" encoding="UTF-8"?>
<!DOCTYPE hibernate-mapping PUBLIC "-//Hibernate/Hibernate Mapping DTD 2.0//EN"
                                   "http://hibernate.sourceforge.net/hibernate-mapping-2.0.dtd">
<hibernate-mapping package="br.gov.sc.tce.esfinge.common.entidades.ente">
 <class name="Ente" table="Ente">
  <id name="identificador" type="long">
   <column name="identificador" sql-type="INTEGER"/>
   <generator class="identity"/>
  </id>
  <property name="codigoEnte" not-null="true"/>
  <property name="nome"  column="nomeEnte" not-null="false"/>
  <property name="leiInstituicaoControleInterno" column="numeroLeiInstituicaoCI" not-null="false"/>
  <property name="dataLeiInstituicaoControleInterno" column="dataLeiInstituicaoCI" not-null="false"/>
  
  <property name="dataOpcaoSemestralidade" not-null="false"/>
  <property name="numeroFundamentoOpcaoSemestralidade" not-null="false"/>
  <property name="dataTerminoOpcaoSemestralidade" not-null="false"/>
  <property name="numeroDecretoRegulamentacaoCI" not-null="false"/>
  <property name="dataDecretoRegulamentacaoCI" not-null="false"/>
  <property name="descricaoEmailOrgaoCentralCI" not-null="false"/>
  <property name="identificadorTipoTextoJuridicoOpcaoSemestralidade" not-null="false"/>
  
  <many-to-one name="tipoEsfera" column="identificadorTipoEsfera" class="br.gov.sc.tce.esfinge.common.entidades.ente.TipoEsfera"/>
 </class>
</hibernate-mapping>
