<?xml version="1.0" encoding="UTF-8"?>
<!DOCTYPE hibernate-mapping PUBLIC "-//Hibernate/Hibernate Mapping DTD 2.0//EN"
                                   "http://hibernate.sourceforge.net/hibernate-mapping-2.0.dtd">
<hibernate-mapping package="br.gov.sc.tce.esfinge.common.entidades.ente">
 <class name="TipoEsfera" table="TipoEsfera">
  <id name="identificador" type="integer">
   <column name="identificador" sql-type="INTEGER"/>
   <generator class="identity"/>
  </id>  
  <property name="tipoEsfera" column="codigoTipoEsfera" type="integer"/>
  <property name="descricaoEsfera" column="descricaoTipoEsfera" type="string"/>
  <property name="dataAtivacao"  type="date"/>
  <property name="dataDesativacao"  type="date"/>
 </class>
</hibernate-mapping>
