<?xml version="1.0" encoding="UTF-8"?>
<!DOCTYPE hibernate-mapping PUBLIC "-//Hibernate/Hibernate Mapping DTD 2.0//EN"
                                   "http://hibernate.sourceforge.net/hibernate-mapping-2.0.dtd">
                                   
<hibernate-mapping package="br.gov.sc.tce.esfinge.generico.application.textoJuridico.beans">

 <class name="ArquivoTexto" table="ArquivoTexto">
 
  <id name="id" type="long">
   <column name="identificador" sql-type="INTEGER"/>
   <generator class="increment"/>
  </id>

  <property name="identificadorUnidadeGestora" type="integer">
     <column name="identificadorUnidadeGestora" sql-type="INTEGER"/>
  </property>
 
  <property name="nomeArquivo" />
  <property name="competencia" />

   <many-to-one name="textoJuridico" column ="identificadorTextoJuridico"
     class="br.gov.sc.tce.esfinge.generico.application.textoJuridico.beans.TextoJuridico"/>

   <many-to-one name="naturezaArquivoTexto" column="identificadorNaturezaArquivoTexto"
	 class="br.gov.sc.tce.esfinge.common.tabelabasico.NaturezaArquivoTexto" not-null="false"/>   
 
 </class>
 
</hibernate-mapping>
