<?xml version="1.0" encoding="UTF-8"?>
<!DOCTYPE hibernate-mapping PUBLIC "-//Hibernate/Hibernate Mapping DTD 2.0//EN"                                   "http://hibernate.sourceforge.net/hibernate-mapping-2.0.dtd">
<hibernate-mapping package="br.gov.sc.tce.esfinge.generico.application.textoJuridico.beans">
 <class name="TextoJuridico" table="TextoJuridico">

  <id name="id" type="long">
   <column name="identificador" sql-type="INTEGER"/>
   <generator class="increment"/>
  </id>
  
  <property name="identificadorUnidadeGestora" type="integer">
     <column name="identificadorUnidadeGestora" sql-type="INTEGER"/>
  </property>
  <property name="numeroLegislacao" type="string"/>
  <property name="ementa" column="descricaoEmenta" type="string"/>
  <property name="leiAutoriza" column="numeroLeiAutorizativa" type="string"/>
  <property name="leiOriginal" column="indicativoLeiOriginal" type="boolean"/>
  <property name="competencia" type="long"/>
  <property name="identificadorPlanoPluriAnual" />
  <property name="dataLeiAutorizativa" type="date"/>
  <many-to-one name="tipoNatureza" column="identificadorTipoNatureza" class="br.gov.sc.tce.esfinge.common.tabelabasico.TipoNatureza"/>
  <many-to-one name="tipoTextoJuridico" column="identificadorTipoTextoJuridico" class="br.gov.sc.tce.esfinge.common.tabelabasico.TipoTextoJuridico"/>
  </class>
</hibernate-mapping>

