<?xml version="1.0" encoding="UTF-8"?>
<!DOCTYPE hibernate-mapping PUBLIC "-//Hibernate/Hibernate Mapping DTD 2.0//EN"
                                   "http://hibernate.sourceforge.net/hibernate-mapping-2.0.dtd">

<hibernate-mapping package="br.gov.sc.tce.esfinge.common.application.processoFuncional.beans">

 <class name="ResponsavelControleInterno" table="ResponsavelControleInterno">
 
  <id name="id" type="long">
   <column name="identificador" sql-type="INTEGER"/>
   <generator class="increment"/>
  </id>
  
  <property name="dataInicioResponsabilidade" not-null="true"/>
  <property name="dataFimResponsabilidade" not-null="false"/>
  <property name="descricaoCargo" not-null="false"/>
  <property name="numeroAtoDesignacao" not-null="false"/>  
  <property name="dataAtoDesignacao" not-null="false"/>
  <property name="competencia" not-null="false"/>
  
  <many-to-one name="responsavel" column="identificadorResponsavel" 
   class="br.gov.sc.tce.esfinge.common.application.processoFuncional.beans.Responsavel" 
   not-null="true"/>
  
  <many-to-one name="ente" column="identificadorEnte" 
   class="br.gov.sc.tce.esfinge.common.tabelabasico.Ente" 
   not-null="true"/>    
  
  <many-to-one name="poderOrgao" column="identificadorPoderOrgao" 
   class="br.gov.sc.tce.esfinge.common.application.ldo.beans.PoderOrgao" 
   not-null="true"/>  
  
 </class>

</hibernate-mapping>