<ACTIONS>
	<ACTION SCREEN_CMD="FRAMEWORK_GET_DB_MESSAGE">
		<SERVICE>MessageManager</SERVICE>
		<FUNCTION>GET_DB_MESSAGE</FUNCTION>
	</ACTION>
	<ACTION SCREEN_CMD="FRAMEWORK_LIST_ALL_USERS">
		<SERVICE>UsuarioManager</SERVICE>
		<FUNCTION>LIST_ALL_USERS</FUNCTION>
	</ACTION>
	<ACTION SCREEN_CMD="FRAMEWORK_LIST_ALL_USERS_POR_UNIDADE_GESTORA">
		<SERVICE>UsuarioManager</SERVICE>
		<FUNCTION>LIST_ALL_USERS_POR_UNIDADE_GESTORA</FUNCTION>
	</ACTION>
	<ACTION SCREEN_CMD="FRAMEWORK_GET_USER">
		<SERVICE>UsuarioManager</SERVICE>
		<FUNCTION>GET_USER</FUNCTION>
	</ACTION>
	<ACTION SCREEN_CMD="FRAMEWORK_CADASTRO_USUARIO">
		<SERVICE>UsuarioManager</SERVICE>
		<FUNCTION>CADASTRO_USUARIO</FUNCTION>
	</ACTION>
	<ACTION SCREEN_CMD="FRAMEWORK_INSERIR_USUARIO_ADMIN">
		<SERVICE>UsuarioManager</SERVICE>
		<FUNCTION>FUNCTION_INSERIR_USUARIO_ADMIN</FUNCTION>
	</ACTION>
	<ACTION SCREEN_CMD="FRAMEWORK_EXCLUIR_USUARIO">
		<SERVICE>UsuarioManager</SERVICE>
		<FUNCTION>EXCLUIR_USUARIO</FUNCTION>
	</ACTION>
	<ACTION SCREEN_CMD="FRAMEWORK_ALTERAR_USUARIO">
		<SERVICE>UsuarioManager</SERVICE>
		<FUNCTION>ALTERAR_USUARIO</FUNCTION>
	</ACTION>
	<ACTION SCREEN_CMD="FRAMEWORK_LIST_PERFILS">
		<SERVICE>UsuarioManager</SERVICE>
		<FUNCTION>LIST_PERFILS</FUNCTION>
	</ACTION>
	<ACTION SCREEN_CMD="FRAMEWORK_CADASTRO_UG">
		<SERVICE>ChaveManager</SERVICE>
		<FUNCTION>CADASTRO_UG</FUNCTION>
	</ACTION>
	<ACTION SCREEN_CMD="FRAMEWORK_FIRSTRUN">
		<SERVICE>ChaveManager</SERVICE>
		<FUNCTION>FIRSTRUN</FUNCTION>
	</ACTION>
	<ACTION SCREEN_CMD="FRAMEWORK_VIRADA_COMPETENCIA">
		<SERVICE>ChaveManager</SERVICE>
		<FUNCTION>VIRADA_COMPETENCIA</FUNCTION>
	</ACTION>
	<ACTION SCREEN_CMD="FRAMEWORK_DESBLOQUEIO_COMPETENCIA">
		<SERVICE>ChaveManager</SERVICE>
		<FUNCTION>DESBLOQUEIO_COMPETENCIA</FUNCTION>
	</ACTION>
	<ACTION SCREEN_CMD="FRAMEWORK_RETORNO_COMPETENCIA">
		<SERVICE>ChaveManager</SERVICE>
		<FUNCTION>RETORNO_COMPETENCIA</FUNCTION>
	</ACTION>
	<ACTION SCREEN_CMD="FRAMEWORK_VALIDATE_MENU">
		<SERVICE>FrameworkMenuManager</SERVICE>
		<FUNCTION>VALIDATE_MENU</FUNCTION>
	</ACTION>
	<ACTION SCREEN_CMD="FRAMEWORK_SAVE_CONFIG">
		<SERVICE>ConfigurationManager</SERVICE>
		<FUNCTION>SAVE_CONFIG</FUNCTION>
	</ACTION>
	<ACTION SCREEN_CMD="FRAMEWORK_LOAD_CONFIG">
		<SERVICE>ConfigurationManager</SERVICE>
		<FUNCTION>LOAD_CONFIG</FUNCTION>
	</ACTION>
	<ACTION SCREEN_CMD="FRAMEWORK_GET_COMPETENCIA">
		<SERVICE>CompetenciaFrameworkManager</SERVICE>
		<FUNCTION>COMPETENCIA_GET</FUNCTION>
	</ACTION>
	<ACTION SCREEN_CMD="FRAMEWORK_GET_COMPETENCIA_FORMAT">
		<SERVICE>CompetenciaFrameworkManager</SERVICE>
		<FUNCTION>COMPETENCIA_GET_FORMAT</FUNCTION>
	</ACTION>
	<ACTION SCREEN_CMD="FRAMEWORK_GET_ULTIMA_COMPETENCIA">
		<SERVICE>CompetenciaFrameworkManager</SERVICE>
		<FUNCTION>COMPETENCIA_ULTIMA_GET</FUNCTION>
	</ACTION>
	<ACTION SCREEN_CMD="FRAMEWORK_GET_COMPETENCIA_ANTERIOR">
		<SERVICE>CompetenciaFrameworkManager</SERVICE>
		<FUNCTION>GET_COMPETENCIA_ANTERIOR</FUNCTION>
	</ACTION>
	<ACTION SCREEN_CMD="FRAMEWORK_GET_PRIMEIRA_COMPETENCIA">
		<SERVICE>CompetenciaFrameworkManager</SERVICE>
		<FUNCTION>GET_PRIMEIRA_COMPETENCIA</FUNCTION>
	</ACTION>
</ACTIONS>