<MAIN>
	<APPLICATION NAME="FRAMEWORK_ADMINISTRATION">
		<MENU_ITEMS>
			<MENU_ITEM NAME="FRAMEWORK_CONFIGURATIONS">
				<ID>MENU.FRAMEWORK.ADMIN_CONFIG</ID>
				<INTERNAL_FRAME>br.gov.sc.tce.esfinge.desktop.framework.administration.FrmConfigurations</INTERNAL_FRAME>
			</MENU_ITEM>
			<MENU_ITEM NAME="FRAMEWORK_ADMINISTRATION_USERS">
				<ID>MENU.FRAMEWORK.ADMIN_USUARIOS</ID>
				<INTERNAL_FRAME>br.gov.sc.tce.esfinge.desktop.framework.administration.FrmUsuarios</INTERNAL_FRAME>
			</MENU_ITEM>
		</MENU_ITEMS>
	</APPLICATION>
	
	<APPLICATION NAME="FRAMEWORK_USER_PREF" TYPE="A">
		<MENU_ITEMS>
			<MENU_ITEM NAME="FRAMEWORK_USER_PREF_LAYOUT" >
				<ID>MENU.FRAMEWORK.USER_OPTIONS</ID>
				<INTERNAL_FRAME>br.gov.sc.tce.esfinge.desktop.framework.layout.FrmLayout</INTERNAL_FRAME>
			</MENU_ITEM>
		</MENU_ITEMS>
	</APPLICATION>
	
</MAIN>