<?xml version="1.0" encoding="UTF-8"?>
<!DOCTYPE hibernate-mapping PUBLIC "-//Hibernate/Hibernate Mapping DTD 2.0//EN"
                                   "http://hibernate.sourceforge.net/hibernate-mapping-2.0.dtd">
                                   
<hibernate-mapping package="br.gov.sc.tce.esfinge.common.application.generico.beans">

 <class name="Audiencia" table="Audiencia">
  <id name="id" type="long">
   <column name="identificador" sql-type="INTEGER"/>
     <generator class="increment"/>
   </id>

   <property name="identificadorUnidadeGestora" type="integer">
     <column name="identificadorUnidadeGestora" sql-type="INTEGER"/>
   </property>

  <property name="dataAudiencia" not-null="true" type="date"/>
  <property name="anoReferencia" type="int"/>
  <property name="dataPrimeiraConvocacao" not-null="false" type="date"/>
  <property name="descricaoMeioComunicacao" not-null="false"/>
  <property name="localAudiencia" not-null="true"/>
  
  <component name="competencia" class="br.gov.sc.tce.esfinge.common.tabelabasico.Competencia">
   <property name="numeroCompetencia">
    <column name="competencia" not-null="false" sql-type="INTEGER"/>
   </property>
  </component>
  
  <component name="orcamento" class="br.gov.sc.tce.esfinge.common.application.loa.beans.Orcamento">
   <property name="id">
    <column name="identificadorOrcamento" not-null="false" sql-type="INTEGER"/>
   </property>
  </component>
  
  <many-to-one name="tipoMeioComunicacao" column="identificadorTipoMeioComunicacao" class="br.gov.sc.tce.esfinge.common.tabelabasico.TipoMeioComunicacao"/>
   
  <many-to-one name="planoPluriAnual" column="identificadorPlanoPluriAnual" class="br.gov.sc.tce.esfinge.common.application.ppa.beans.PlanoPluriAnual"/>

  <many-to-one name="tipoAudiencia" column="identificadorTipoAudiencia" class="br.gov.sc.tce.esfinge.common.tabelabasico.TipoAudiencia"/>  
  
  <component name="leiDiretrizesOrcamentaria" class="br.gov.sc.tce.esfinge.common.application.ldo.beans.LeiDiretrizesOrcamentaria">
   <property name="id">
    <column name="identificadorLeiDiretrizesOrcamentaria" not-null="false" sql-type="INTEGER"/>
   </property>
  </component>      
  
 </class>
</hibernate-mapping>