<?xml version="1.0" encoding="UTF-8"?>
<!DOCTYPE hibernate-mapping PUBLIC "-//Hibernate/Hibernate Mapping DTD 2.0//EN"
                                   "http://hibernate.sourceforge.net/hibernate-mapping-2.0.dtd">
<hibernate-mapping package="br.gov.sc.tce.esfinge.common.application.loa.beans">
 <class name="Dotacao" table="Dotacao" discriminator-value="C">
 
  <id name="id" type="long">
   <column name="identificador" sql-type="INTEGER"/>
   <generator class="increment"/>
  </id>
  
  <property name="identificadorUnidadeGestora" type="integer">
  	<column name="identificadorUnidadeGestora" sql-type="INTEGER"/>
  </property>
  
  <property name="competencia" column="competencia" type="int"/> 
  
  <many-to-one name="origemDotacao" column="identificadorOrigemDotacao" class="br.gov.sc.tce.esfinge.common.tabelabasico.OrigemDotacao"/>
  
  <many-to-one name="grupoNaturezaDespesa" column="identificadorGrupoNaturezaDespesa" class="br.gov.sc.tce.esfinge.common.tabelabasico.GrupoNaturezaDespesa"/>
  
  <many-to-one name="categoriaEconomicaDespesa" column="identificadorCategoriaEconomicaDespesa" class="br.gov.sc.tce.esfinge.common.tabelabasico.CategoriaEconomicaDespesa"/>

  <many-to-one name="modalidadeAplicacao" column="identificadorModalidadeAplicacao" class="br.gov.sc.tce.esfinge.common.tabelabasico.ModalidadeAplicacao"/>
  
  <many-to-one name="elementoDespesa" column="identificadorElementoDespesa" class="br.gov.sc.tce.esfinge.common.tabelabasico.ElementoDespesa"/>
  
  <many-to-one name="tipoDotacao" column="identificadorTipoDotacao" class="br.gov.sc.tce.esfinge.common.tabelabasico.TipoDotacao"/>
  
  <many-to-one name="projetoAtividade" column="identificadorProjetoAtividade" class="br.gov.sc.tce.esfinge.common.application.loa.beans.ProjetoAtividade"/>

  <many-to-one name="unidadeOrcamentaria" column="identificadorUnidadeOrcamentaria" class="br.gov.sc.tce.esfinge.common.application.loa.beans.UnidadeOrcamentaria"/>
  
 </class>
</hibernate-mapping>
