<?xml version="1.0" encoding="UTF-8"?>
<!DOCTYPE hibernate-mapping PUBLIC "-//Hibernate/Hibernate Mapping DTD 2.0//EN"                                   "http://hibernate.sourceforge.net/hibernate-mapping-2.0.dtd">
<hibernate-mapping package="br.gov.sc.tce.esfinge.common.application.loa.beans">
 <class name="FonteRecurso" table="FonteRecurso">
 
  <id name="id" type="long">
   <column name="identificador" sql-type="INTEGER"/>
   <generator class="increment"/>
  </id>
  
  <property name="identificadorUnidadeGestora" type="integer">
  	<column name="identificadorUnidadeGestora" sql-type="INTEGER"/>
  </property>
  
  <property name="valorOrcado" type="double"/>
  <property name="competencia" type="int"/>
  
  <many-to-one name="especificacaoFonteRecurso" column="identificadorEspecificacaoFonteRecurso" class="br.gov.sc.tce.esfinge.common.tabelabasico.EspecificacaoFonteRecurso"/>
   
  <many-to-one name="grupoFontesRecursos" column="identificadorGrupoFontesRecursos" class="br.gov.sc.tce.esfinge.common.tabelabasico.GrupoFontesRecursos"/>
  
  <many-to-one name="indicadorUso" column="identificadorIndicadorUso" class="br.gov.sc.tce.esfinge.common.tabelabasico.IndicadorUso"/>
  
  <many-to-one name="dotacao" column="identificadorDotacao" class="br.gov.sc.tce.esfinge.common.application.loa.beans.Dotacao"/>
 
  <many-to-one name="detalhamentoDestinacaoRecurso" column="identificadorDetalhamentoDestinacaoRecurso" class="br.gov.sc.tce.esfinge.common.tabelabasico.DetalhamentoDestinacaoRecurso"/>

 </class>
</hibernate-mapping>