<?xml version="1.0" encoding="UTF-8"?>
<!DOCTYPE hibernate-mapping PUBLIC "-//Hibernate/Hibernate Mapping DTD 2.0//EN"
                                   "http://hibernate.sourceforge.net/hibernate-mapping-2.0.dtd">
                                   
<hibernate-mapping package="br.gov.sc.tce.esfinge.common.application.loa.beans">

 <class name="Orcamento" table="Orcamento">
 
  <id name="id" type="long">
   <column name="identificador" sql-type="INTEGER"/>
   <generator class="increment"/>
  </id>
  
  <property name="identificadorUnidadeGestora" type="integer">
  	<column name="identificadorUnidadeGestora" sql-type="INTEGER"/>
  </property>
 
  <property name="dataAno" not-null="false"/>
  <property name="dataEnvioLegislativo" not-null="false"/>
  <property name="numeroProtocoloLegislativo" not-null="false"/>
  <property name="dataDevolucaoExecutivo" not-null="false"/>
  <property name="valorRclEstimada" not-null="true"/>
  <property name="valorRldEstimada" not-null="true"/>
  <property name="competencia" not-null="true"/>

  <many-to-one name="textoJuridico" column="identificadorTextoJuridico"
	 class="br.gov.sc.tce.esfinge.generico.application.textoJuridico.beans.TextoJuridico"/>   
	 
 </class>
 
</hibernate-mapping>