<?xml version="1.0" encoding="UTF-8"?>
<!DOCTYPE hibernate-mapping PUBLIC "-//Hibernate/Hibernate Mapping DTD 2.0//EN"
                                   "http://hibernate.sourceforge.net/hibernate-mapping-2.0.dtd">
                                   
<hibernate-mapping package="br.gov.sc.tce.esfinge.common.application.loa.beans">

 <class name="Precatorio" table="Precatorio">
 
  <id name="id" type="long">
   <column name="identificador" sql-type="INTEGER"/>
   <generator class="increment"/>
  </id>
  
  <property name="identificadorUnidadeGestora" type="integer">
  	<column name="identificadorUnidadeGestora" sql-type="INTEGER"/>
  </property>
  
  <property name="numeroPrecatorio" column="numeroPrecatorio" type="string"/> 
  <property name="valorPrecatorio" column="valorPrecatorio" type="double"/> 
  <property name="valorOrcado" column="valorOrcado" type="double"/> 
  <property name="competencia" column="competencia" type="int"/> 

  <many-to-one name="dotacao" column="identificadorDotacao"
	 class="br.gov.sc.tce.esfinge.common.application.loa.beans.Dotacao"/>   
  
 </class>
</hibernate-mapping>
