<?xml version="1.0" encoding="UTF-8"?>
<!DOCTYPE hibernate-mapping PUBLIC "-//Hibernate/Hibernate Mapping DTD 2.0//EN"
                                   "http://hibernate.sourceforge.net/hibernate-mapping-2.0.dtd">
                                   
<hibernate-mapping package="br.gov.sc.tce.esfinge.common.application.loa.beans">

 <class name="PrevisaoReceita" table="PrevisaoReceita">
 
  <id name="id" type="long">
   <column name="identificador" sql-type="INTEGER"/>
   <generator class="increment"/>
  </id>
  
  <property name="identificadorUnidadeGestora" type="integer">
  	<column name="identificadorUnidadeGestora" sql-type="INTEGER"/>
  </property>
  
  <property name="valorReceitaOrcada" column="valorReceitaOrcada" type="double"/> 
  <property name="competencia" column="competencia" type="int"/> 
  <many-to-one name="especificacaoFonteRecurso" column="identificadorEspecificacaoFonteRecurso" class="br.gov.sc.tce.esfinge.common.tabelabasico.EspecificacaoFonteRecurso"/>
  <many-to-one name="grupoFontesRecursos" column="identificadorGrupoFontesRecursos" class="br.gov.sc.tce.esfinge.common.tabelabasico.GrupoFontesRecursos"/>    
  <many-to-one name="indicadorUso" column="identificadorIndicadorUso" class="br.gov.sc.tce.esfinge.common.tabelabasico.IndicadorUso"/>    
  <many-to-one name="especificacaoReceita" column="identificadorEspecificacaoReceita" class="br.gov.sc.tce.esfinge.common.tabelabasico.EspecificacaoReceita"/>    
  <many-to-one name="unidadeOrcamentaria" column="identificadorUnidadeOrcamentaria" class="br.gov.sc.tce.esfinge.common.application.loa.beans.UnidadeOrcamentaria"/>    
  <many-to-one name="detalhamentoDestinacaoRecurso" column="identificadorDetalhamentoDestinacaoRecurso" class="br.gov.sc.tce.esfinge.common.tabelabasico.DetalhamentoDestinacaoRecurso"/>
  <many-to-one name="tipoDeducaoReceita" column="identificadorTipoDeducaoReceita" class="br.gov.sc.tce.esfinge.common.tabelabasico.TipoDeducaoReceita"/>
  
    
 </class>
</hibernate-mapping>
