<?xml version="1.0" encoding="UTF-8"?>
<!DOCTYPE hibernate-mapping PUBLIC "-//Hibernate/Hibernate Mapping DTD 2.0//EN"
                                   "http://hibernate.sourceforge.net/hibernate-mapping-2.0.dtd">
                                   
<hibernate-mapping package="br.gov.sc.tce.esfinge.common.application.loa.beans">

 <class name="ProjetoAtividade" table="ProjetoAtividade">
 
  <id name="id" type="long">
   <column name="identificador" sql-type="INTEGER"/>
   <generator class="increment"/>
  </id>
  
  <property name="identificadorUnidadeGestora" type="integer">
  	<column name="identificadorUnidadeGestora" sql-type="INTEGER"/>
  </property>
 
  <property name="numeroProjetoAtividade" not-null="false"/>
  <property name="descricaoProjetoAtividade" not-null="false"/>
  <property name="descricaoObjetivoProjetoAtividade" not-null="true"/>
  
  <property name="competencia" type="int"/>
  
  <many-to-one name="funcao" column="identificadorFuncao"
	 class="br.gov.sc.tce.esfinge.common.tabelabasico.Funcao"/>   
  
  <many-to-one name="subFuncao" column="identificadorSubFuncao"
	 class="br.gov.sc.tce.esfinge.common.tabelabasico.SubFuncao"/>   
  
  <many-to-one name="orcamento" column="identificadorOrcamento"
	 class="br.gov.sc.tce.esfinge.common.application.loa.beans.Orcamento"/>   
  
  <many-to-one name="tipoAcao" column="identificadorTipoAcao" class="br.gov.sc.tce.esfinge.common.tabelabasico.TipoAcao"/>
  
 </class>
 
</hibernate-mapping>