<?xml version="1.0" encoding="UTF-8"?>
<!DOCTYPE hibernate-mapping PUBLIC "-//Hibernate/Hibernate Mapping DTD 2.0//EN"
                                   "http://hibernate.sourceforge.net/hibernate-mapping-2.0.dtd">
<hibernate-mapping package="br.gov.sc.tce.esfinge.common.application.loa.beans">

 <class name="UnidadeGestora" table="UnidadeGestora">
  <id name="id" type="int">
   <column name="identificador" sql-type="BIGINT"/>
   <generator class="increment"/>
  </id>
  <property name="codigoUnidade" not-null="true"/>
  <property name="nomeUnidade"  not-null="false"/>
  <property name="codigoUnidadeConsolidadora"  not-null="false"/>
  <property name="codigoDdd"  not-null="false"/>
  <property name="numeroTelefone"  not-null="false"/>  
  <property name="numeroFax"  not-null="false"/>
  <property name="numeroCnpj"  not-null="false"/>  
  <property name="tipoLogradouro"  not-null="false"/>          
  <property name="descricaoLogradouro"  not-null="false"/>
  <property name="descricaoComplementoEndereco"  not-null="false"/>
  <property name="descricaoBairro"  not-null="false"/>          
  <property name="numeroEdificacao"  not-null="false"/>        
  <property name="numeroCep"  not-null="false"/>        
  <property name="numeroUnidadeSuperior"  not-null="false"/>        
  <property name="descricaoEmail"  not-null="false"/>        
  <property name="descricaoSite"  not-null="false"/>          
  <property name="dataInicioFuncionamento"  not-null="false"/>          
  <property name="dataFimFuncionamento"  not-null="false"/>          
  <property name="dataExtincao"  not-null="false"/>          
  <property name="tipoUnidade"  not-null="false"/>                  
  
 </class>
</hibernate-mapping>




