<?xml version="1.0" encoding="UTF-8"?>
<!DOCTYPE hibernate-mapping PUBLIC "-//Hibernate/Hibernate Mapping DTD 2.0//EN"
                                   "http://hibernate.sourceforge.net/hibernate-mapping-2.0.dtd">
<hibernate-mapping package="br.gov.sc.tce.esfinge.common.application.loa.beans">
 <class name="UnidadeOrcamentaria" table="UnidadeOrcamentaria">
 
  <id name="id" type="long">
   <column name="identificador" sql-type="INTEGER"/>
   <generator class="increment"/>
  </id>
  
  <property name="codigoUnidadeOrcamentaria" not-null="true"/>
  <property name="descricaoUnidadeOrcamentaria"  not-null="false"/>
  <property name="competencia" type="int"/>
  
  <property name="identificadorUnidadeGestora" type="integer">
  	<column name="identificadorUnidadeGestora" sql-type="INTEGER"/>
  </property>
  
  <many-to-one name="unidadeGestoraExecutora" column="identificadorUnidadeGestoraExecutora" class="br.gov.sc.tce.esfinge.common.entidades.unidadeGestora.UnidadeGestora"/> 
  
  <many-to-one name="orcamento" column="identificadorOrcamento" class="br.gov.sc.tce.esfinge.common.application.loa.beans.Orcamento"/>
        
 </class> 
</hibernate-mapping>







	
	
