<?xml version="1.0" encoding="UTF-8"?>
<!DOCTYPE hibernate-mapping PUBLIC "-//Hibernate/Hibernate Mapping DTD 2.0//EN"
                                   "http://hibernate.sourceforge.net/hibernate-mapping-2.0.dtd">
                                   
<hibernate-mapping package="br.gov.sc.tce.esfinge.generico.application.processoFuncional.beans">

 <class name="Responsavel" table="Responsavel">
 
  <id name="id" type="long">
   <column name="identificador" sql-type="INTEGER"/>
   <generator class="increment"/>
  </id>
  
  <property name="identificadorUnidadeGestora" type="integer">
  	<column name="identificadorUnidadeGestora" sql-type="INTEGER"/>
  </property>
 
  <property name="numeroCpf" not-null="true"/>
  <property name="numeroMatricula" not-null="false"/>
  <property name="nomeResponsavel" not-null="true"/>
  <property name="descricaoLogradouro" not-null="false"/>
  <property name="descricaoComplementoEndereco" not-null="false"/>
  <property name="descricaoBairro" not-null="false"/>
  <property name="numeroEdificacao" not-null="false"/>
  <property name="numeroCep" not-null="false"/>  
  <property name="competencia" not-null="true"/>
  <property name="indicativoServidorEfetivo" not-null="false"/>
 
 </class>
 
</hibernate-mapping>