<?xml version="1.0" encoding="UTF-8"?>
<!DOCTYPE hibernate-mapping PUBLIC "-//Hibernate/Hibernate Mapping DTD 2.0//EN"
                                   "http://hibernate.sourceforge.net/hibernate-mapping-2.0.dtd">
                                   
<hibernate-mapping package="br.gov.sc.tce.esfinge.generico.application.processoFuncional.beans">

 <class name="ResponsavelUnidadeGestora" table="ResponsavelUnidadeGestora">
 
  <id name="id" type="long">
   <column name="identificador" sql-type="INTEGER"/>
   <generator class="increment"/>
  </id>
  
  <property name="identificadorUnidadeGestora" type="integer">
  	<column name="identificadorUnidadeGestora" sql-type="INTEGER"/>
  </property>
  
  <property name="dataInicioResponsabilidade"  type="date" />
  <property name="dataFimResponsabilidade"  type="date" />
  <property name="indicativoTitularidade"  type="boolean" />
  <property name="descricaoCargo"  type="string" />
  <property name="competencia"  type="int"  not-null="true" />
  
  <many-to-one name="unidadeGestoraExecutora" column="identificadorUnidadeGestoraExecutora" 
	 class="br.gov.sc.tce.esfinge.common.entidades.unidadeGestora.UnidadeGestora"/>
  

  <many-to-one name="responsavel" column="identificadorResponsavel"
	 class="br.gov.sc.tce.esfinge.generico.application.processoFuncional.beans.Responsavel"/> 

  </class>
 
</hibernate-mapping>