<?xml version="1.0" encoding="UTF-8"?>
<!DOCTYPE hibernate-mapping PUBLIC "-//Hibernate/Hibernate Mapping DTD 2.0//EN"
                                   "http://hibernate.sourceforge.net/hibernate-mapping-2.0.dtd">
                                   
<hibernate-mapping package="br.gov.sc.tce.esfinge.common.entidades.unidadeDelegada">

 <class name="UnidadeDelegada" table="UnidadeDelegada">
 
  <id name="id" type="long">
   <column name="identificador" sql-type="INTEGER"/>
   <generator class="identity"/>
  </id>

  <property name="descricaoUnidadeDelegada" not-null="true"/>
  <property name="numeroBaseLegal" not-null="false"/>
  <property name="baseLegal" not-null="false"/>
  <property name="dataBaseLegal" not-null="false" type="date"/>

 </class>
 
</hibernate-mapping>