<?xml version="1.0" encoding="UTF-8"?>
<!DOCTYPE hibernate-mapping PUBLIC "-//Hibernate/Hibernate Mapping DTD 2.0//EN"
                                   "http://hibernate.sourceforge.net/hibernate-mapping-2.0.dtd">
<hibernate-mapping package="br.gov.sc.tce.esfinge.common.model.beans">
 <class name="br.gov.sc.tce.esfinge.common.model.beans.MensagemErro">
  <id name="identificador">
   <column name="identificador" sql-type="BIGINT"/>
   <generator class="native"/>
  </id>
  <property name="acao" type="string">
   <column name="acao" length="255" sql-type="VARCHAR"/>
  </property>
  <property name="categoria" type="integer">
   <column name="categoria" not-null="true" sql-type="INTEGER"/>
  </property>
  <property name="mensagem" type="string">
   <column name="mensagem" length="255" not-null="true" sql-type="VARCHAR"/>
  </property>
  <property name="severidade" type="integer">
   <column name="severidade" not-null="true" sql-type="INTEGER"/>
  </property>
  <property name="imagem" type="string">
   <column name="imagem" length="255" not-null="true" sql-type="VARCHAR"/>
  </property>
 </class>
</hibernate-mapping>
