<?xml version="1.0" encoding="UTF-8"?>
<!DOCTYPE hibernate-mapping PUBLIC "-//Hibernate/Hibernate Mapping DTD 2.0//EN"
                                   "http://hibernate.sourceforge.net/hibernate-mapping-2.0.dtd">
<hibernate-mapping package="br.gov.sc.tce.esfinge.common.model.beans.menu" >
 <class name="br.gov.sc.tce.esfinge.common.model.beans.menu.Interfaces" table="INTERFACE">
 
	  <id name="identificador" type="integer">
		<column name="identificador" sql-type="INTEGER"/>
	  	<generator class="increment"/>
	  </id>
  
  	<property name="identificadorPai" type="integer">
  		<column name="interfacePai" sql-type="INTEGER"/>
  	</property>
  	
	<property name="identificadorSistema" type="integer">
  		<column name="identificadorSistema" sql-type="INTEGER"/>
  	</property>
  
  	<property name="descricaoInterface" type="string">
  		<column name="descricaoInterface" sql-type="VARCHAR"/>
  	</property>
  
  	<property name="nomeInterface" type="string">
  		<column name="nomeInterface" sql-type="VARCHAR"/>
  	</property>
  
  	<property name="indicativoAdministrativo" type="boolean">
  		<column name="indicativoAdministrativo" sql-type="BIT"/>
  	</property>
  
  	<property name="tipoInterface" type="integer">
  		<column name="tipoInterface" sql-type="INTEGER"/>
  	</property>
  
  	<property name="ordemInterface" type="integer">
  		<column name="ordemInterface" sql-type="INTEGER"/>
  	</property>
  
  	<property name="descricaoValidacao" type="string">
  		<column name="descricaoValidacao" sql-type="VARCHAR"/>
  	</property>
  	
  	<property name="paginaInterface" type="string">
  		<column name="paginaInterface" sql-type="VARCHAR"/>
  	</property>
 
 </class>
</hibernate-mapping>
