<?xml version="1.0" encoding="UTF-8"?>
<!DOCTYPE hibernate-mapping PUBLIC "-//Hibernate/Hibernate Mapping DTD 2.0//EN"
                                   "http://hibernate.sourceforge.net/hibernate-mapping-2.0.dtd">
<hibernate-mapping package="br.gov.sc.tce.esfinge.common.model.beans.menu">
 <class name="br.gov.sc.tce.esfinge.common.model.beans.menu.ModuloAplicacao">
	
	<id name="identificador" type="integer">
		<column name="identificador" sql-type="INTEGER"/>
		<generator class="increment"/>
	</id>
  
  	<many-to-one name="interfase" column="identificadorInterface" class="br.gov.sc.tce.esfinge.common.model.beans.menu.Interfaces"/>
  
  
	<property name="identificadorTipoAplicacao" type="integer">
		<column name="identificadorTipoAplicacao" sql-type="INTEGER"/>
	</property>
  
 </class>
</hibernate-mapping>
