<?xml version="1.0" encoding="UTF-8"?>
<!DOCTYPE hibernate-mapping PUBLIC "-//Hibernate/Hibernate Mapping DTD 2.0//EN"
                                   "http://hibernate.sourceforge.net/hibernate-mapping-2.0.dtd">
<hibernate-mapping package="br.gov.sc.tce.esfinge.common.model.beans.menu">
 <class
  name="br.gov.sc.tce.esfinge.common.model.beans.menu.UsuarioInterface" table="USUARIO_INTERFACES">
  <id name="identificador" type="integer" unsaved-value="0">
   <column name="identificador" unique="true" sql-type="INTEGER"/>
   <generator class="native"/>
  </id>
  <property name="idUsuario">
   <column name="id_usuario" not-null="true" sql-type="INTEGER"/>
  </property>
  <component name="interfase" class="br.gov.sc.tce.esfinge.common.model.beans.menu.Interfaces">
   <property name="id">
    <column name="id_interface" not-null="true" sql-type="BIGINT"/>
   </property>
  </component>
  <property name="auth" type="boolean">
   <column name="auth" not-null="true" sql-type="BIT"/>
  </property>
 </class>
</hibernate-mapping>
