<ACTIONS>  
	<!-- PPA Principal -->
	<ACTION SCREEN_CMD="PRI_LIST_PPA">
		<SERVICE>IdPPAManager</SERVICE>
		<FUNCTION>SUB_PRI_LIST_PPA</FUNCTION>
	</ACTION>
	<ACTION SCREEN_CMD="PRI_LIST_PROGRAMA">
		<SERVICE>ProgramaManager</SERVICE>
		<FUNCTION>SUB_PRI_LIST_PROGRAMA</FUNCTION>
	</ACTION>
	<ACTION SCREEN_CMD="PRI_LIST_PROGRAMA_TEXTO_LEGAL">
		<SERVICE>ProgramaManager</SERVICE>
		<FUNCTION>SUB_PRI_LIST_PROGRAMA_TEXTO_LEGAL</FUNCTION>
	</ACTION>
	<ACTION SCREEN_CMD="PRI_LIST_AUDIENCIA">
		<SERVICE>AudienciaManager</SERVICE>
		<FUNCTION>SUB_PRI_LIST_AUDIENCIA</FUNCTION>
	</ACTION>
	<ACTION SCREEN_CMD="PRI_LIST_ACAOPPA">
		<SERVICE>AcaoPPAManager</SERVICE>
		<FUNCTION>SUB_PRI_LIST_ACAOPPA</FUNCTION>
	</ACTION>
	<ACTION SCREEN_CMD="PRI_LIST_ACAOPPA_ALTERACAO_PPA">
		<SERVICE>AcaoPPAManager</SERVICE>
		<FUNCTION>SUB_PRI_LIST_ACAOPPA_ALTERACAO_PPA</FUNCTION>
	</ACTION>
	<ACTION SCREEN_CMD="PRI_LIST_ACAOPPA_TEXTO_LEGAL">
		<SERVICE>AcaoPPAManager</SERVICE>
		<FUNCTION>SUB_PRI_LIST_ACAOPPA_TEXTO_LEGAL</FUNCTION>
	</ACTION>
	<ACTION SCREEN_CMD="PRI_LIST_METAFISICA">
		<SERVICE>MetaFisicaAcaoManager</SERVICE>
		<FUNCTION>SUB_PRI_LIST_METAFISICA</FUNCTION>
	</ACTION>
	<ACTION SCREEN_CMD="PRI_LIST_METAFISICA_TEXTO_LEGAL">
		<SERVICE>MetaFisicaAcaoManager</SERVICE>
		<FUNCTION>SUB_PRI_LIST_METAFISICA_TEXTO_LEGAL</FUNCTION>
	</ACTION>
	<ACTION SCREEN_CMD="PRI_LIST_METAFISICA_ALTERACAO_PPA">
		<SERVICE>MetaFisicaAcaoManager</SERVICE>
		<FUNCTION>SUB_PRI_LIST_METAFISICA_ALTERACAO_PPA</FUNCTION>
	</ACTION>
	<ACTION SCREEN_CMD="GET_ENTE_ATUAL">
		<SERVICE>EnteManager</SERVICE>
		<FUNCTION>SUB_GET_ENTE_ATUAL</FUNCTION>
	</ACTION>	
	<ACTION SCREEN_CMD="PRI_LIST_PROGRAMA_ALTERACAO_PPA">
		<SERVICE>ProgramaManager</SERVICE>
		<FUNCTION>SUB_PRI_LIST_PROGRAMA_ALTERACAO_PPA</FUNCTION>
	</ACTION>
	<!-- End PPA Principal -->
	
	<!-- Cadastro Metas Fisicas AÃ§Ãµes -->
	<ACTION SCREEN_CMD="LIST_UNIDADE">
		<SERVICE>MetaFisicaAcaoManager</SERVICE>
		<FUNCTION>SUB_LIST_UNIDADE</FUNCTION>
	</ACTION>
	<ACTION SCREEN_CMD="LIST_UNIDADE_ACAOLDO">
		<SERVICE>MetaFisicaAcaoManager</SERVICE>
		<FUNCTION>SUB_LIST_UNIDADE_ACAOLDO</FUNCTION>
	</ACTION>
	<ACTION SCREEN_CMD="LIST_UNIDADE_DISTINTA">
		<SERVICE>MetaFisicaAcaoManager</SERVICE>
		<FUNCTION>SUB_LIST_UNIDADE_DISTINTA</FUNCTION>
	</ACTION>
	<ACTION SCREEN_CMD="INCLUIR_METAFISICA">
		<SERVICE>MetaFisicaAcaoManager</SERVICE>
		<FUNCTION>SUB_INCLUIR_UNIDADE</FUNCTION>
	</ACTION>
	<ACTION SCREEN_CMD="ALTERAR_METAFISICA">
		<SERVICE>MetaFisicaAcaoManager</SERVICE>
		<FUNCTION>SUB_ALTERAR_METAFISICA</FUNCTION>
	</ACTION>
	<ACTION SCREEN_CMD="REMOVER_METAFISICA">
		<SERVICE>MetaFisicaAcaoManager</SERVICE>
		<FUNCTION>SUB_REMOVER_METAFISICA</FUNCTION>
	</ACTION>
	<ACTION SCREEN_CMD="GET_TEXTO_JURIDICO">
		<SERVICE>MetaFisicaAcaoManager</SERVICE>
		<FUNCTION>SUB_TEXTO_JURIDICO</FUNCTION>
	</ACTION>
	<ACTION SCREEN_CMD="GET_ACAO">
		<SERVICE>MetaFisicaAcaoManager</SERVICE>
		<FUNCTION>SUB_GET_ACAO</FUNCTION>
	</ACTION>
	<ACTION SCREEN_CMD="LIST_PROGRAMA">
		<SERVICE>MetaFisicaAcaoManager</SERVICE>
		<FUNCTION>SUB_LIS_PROGRAMA</FUNCTION>
	</ACTION>
	<ACTION SCREEN_CMD="LIST_PLANOPLURIANUAL">
		<SERVICE>MetaFisicaAcaoManager</SERVICE>
		<FUNCTION>SUB_LIS_PLANOPLURIANUAL</FUNCTION>
	</ACTION>
	<ACTION SCREEN_CMD="LIST_METAFISICA_MAIOR_PUBLICACAO">
		<SERVICE>MetaFisicaAcaoManager</SERVICE>
		<FUNCTION>SUB_LIST_METAFISICA_MAIOR_PUBLICACAO</FUNCTION>
	</ACTION>
	<ACTION SCREEN_CMD="GET_META_FISICA_ACAO_POR_ID">
		<SERVICE>MetaFisicaAcaoManager</SERVICE>
		<FUNCTION>SUB_GET_META_FISICA_ACAO_POR_ID</FUNCTION>
	</ACTION>
	<ACTION SCREEN_CMD="LIST_ACAO_PPA_PGM_ALTERACAO_PPA">
		<SERVICE>AcaoPPAManager</SERVICE>
		<FUNCTION>SUB_LIST_ACAO_PPA_PGM_ALTERACAO_PPA</FUNCTION>
	</ACTION> 
	<ACTION SCREEN_CMD="LIST_UNIDADE_MEDIDA_ALTERACAO_PPA">
		<SERVICE>MetaFisicaAcaoManager</SERVICE>
		<FUNCTION>SUB_LIST_UNIDADE_MEDIDA_ALTERACAO_PPA</FUNCTION>
	</ACTION>

	<!-- End Cadastro Metas Fisicas AÃ§Ãµes -->
	
	<!-- Cadastro de IdentificaÃ§Ã£o de PPA -->
	<ACTION SCREEN_CMD="LIST_TEXTOJURIDICO">
		<SERVICE>IdPPAManager</SERVICE>
		<FUNCTION>SUB_LIST_TEXTOJURIDICO</FUNCTION>
	</ACTION>
	<ACTION SCREEN_CMD="LIST_TEXTOJURIDICO_PPA">
		<SERVICE>IdPPAManager</SERVICE>
		<FUNCTION>SUB_LIST_TEXTOJURIDICO_PPA</FUNCTION>
	</ACTION>
	<ACTION SCREEN_CMD="IDPPA_INCLUIR">
		<SERVICE>IdPPAManager</SERVICE>
		<FUNCTION>SUB_IDPPA_INCLUIR</FUNCTION>
	</ACTION>
	<ACTION SCREEN_CMD="IDPPA_REMOVER">
		<SERVICE>IdPPAManager</SERVICE>
		<FUNCTION>SUB_IDPPA_REMOVER</FUNCTION>
	</ACTION>	
	<ACTION SCREEN_CMD="IDPPA_ALTERAR">
		<SERVICE>IdPPAManager</SERVICE>
		<FUNCTION>SUB_IDPPA_ALTERAR</FUNCTION>
	</ACTION>			
	<ACTION SCREEN_CMD="GET_ENTE">
		<SERVICE>EnteManager</SERVICE>
		<FUNCTION>SUB_GET_ENTE</FUNCTION>
	</ACTION>	
	<ACTION SCREEN_CMD="GET_TIPOESFERA">
		<SERVICE>TipoEsferaManager</SERVICE>
		<FUNCTION>SUB_GET_TIPOESFERA</FUNCTION>
	</ACTION>
	
	<!-- Cadastro de Programa -->
	<ACTION SCREEN_CMD="PGM_ALTERAR">
		<SERVICE>ProgramaManager</SERVICE>
		<FUNCTION>SUB_PGM_ALTERAR</FUNCTION>
	</ACTION>
	<ACTION SCREEN_CMD="PGM_REMOVER">
		<SERVICE>ProgramaManager</SERVICE>
		<FUNCTION>SUB_PGM_REMOVER</FUNCTION>
	</ACTION>		
	<ACTION SCREEN_CMD="LIST_REGIAO">
		<SERVICE>ProgramaManager</SERVICE>
		<FUNCTION>SUB_LIST_REGIAO</FUNCTION>
	</ACTION>
	<ACTION SCREEN_CMD="PGM_INCLUIR">
		<SERVICE>ProgramaManager</SERVICE>
		<FUNCTION>SUB_PGM_INCLUIR</FUNCTION>
	</ACTION>
	<ACTION SCREEN_CMD="GET_TEXTO_JURIDICO_NUMERO_LEGISLACAO">
		<SERVICE>ProgramaManager</SERVICE>
		<FUNCTION>SUB_TEXTO_JURIDICO</FUNCTION>
	</ACTION>
	<ACTION SCREEN_CMD="LIST_PROGRAMA_MAIOR_PUBLICACAO">
		<SERVICE>ProgramaManager</SERVICE>
		<FUNCTION>SUB_LIST_PROGRAMA_MAIOR_PUBLICACAO</FUNCTION>
	</ACTION>
	<ACTION SCREEN_CMD="GET_PROGRAMA_ID_PROGRAMA">
		<SERVICE>ProgramaManager</SERVICE>
		<FUNCTION>SUB_GET_PROGRAMA_ID_PROGRAMA</FUNCTION>
	</ACTION>
		<ACTION SCREEN_CMD="PPA_VIGENTE">
		<SERVICE>IdPPAManager</SERVICE>
		<FUNCTION>SUB_PPA_VIGENTE</FUNCTION>
	</ACTION>
	<ACTION SCREEN_CMD="PPA_POR_IDENTIFICADOR">
		<SERVICE>IdPPAManager</SERVICE>
		<FUNCTION>SUB_PPA_POR_IDENTIFICADOR</FUNCTION>
	</ACTION>
	<ACTION SCREEN_CMD="LIST_TEXTO_JURIDICO_ALTERACAO_PPA">
		<SERVICE>TextoJuridicoManager</SERVICE>
		<FUNCTION>SUB_LIST_TEXTO_JURIDICO_ALTERACAO_PPA</FUNCTION>
	</ACTION>
	<ACTION SCREEN_CMD="LIST_PROGRAMA_ALTERACAO_PPA">
		<SERVICE>ProgramaManager</SERVICE>
		<FUNCTION>SUB_LIST_PROGRAMA_ALTERACAO_PPA</FUNCTION>
	</ACTION>
	
	<!-- Cadastro Audiencia Publica -->

	<ACTION SCREEN_CMD="GET_TIPO_AUDIENCIA_POR_TIPO_TIPO_AUDIENCIA">
		<SERVICE>TipoAudienciaManager</SERVICE>
		<FUNCTION>SUB_GET_TIPO_AUDIENCIA_POR_TIPO_TIPO_AUDIENCIA</FUNCTION>
	</ACTION>

	<ACTION SCREEN_CMD="LIST_TIPO_AUDIENCIA">
		<SERVICE>AudienciaManager</SERVICE>
		<FUNCTION>SUB_LIST_TIPO_AUDIENCIA</FUNCTION>
	</ACTION>
	<ACTION SCREEN_CMD="LIST_TIPO_MEIO_COMUNICACAO">
		<SERVICE>AudienciaManager</SERVICE>
		<FUNCTION>SUB_LIST_TIPO_MEIO_COMUNICACAO</FUNCTION>
	</ACTION>
	<ACTION SCREEN_CMD="LIST_AUDIENCIA_LDO">
		<SERVICE>AudienciaManager</SERVICE>
		<FUNCTION>SUB_LIST_AUDIENCIA_LDO</FUNCTION>
	</ACTION>
	<ACTION SCREEN_CMD="INCLUIR_AUDIENCIA">
		<SERVICE>AudienciaManager</SERVICE>
		<FUNCTION>SUB_INCLUIR_AUDIENCIA</FUNCTION>
	</ACTION>
	<ACTION SCREEN_CMD="ALTERAR_AUDIENCIA">
		<SERVICE>AudienciaManager</SERVICE>
		<FUNCTION>SUB_ALTERAR_AUDIENCIA</FUNCTION>
	</ACTION>
	<ACTION SCREEN_CMD="EXCLUIR_AUDIENCIA">
		<SERVICE>AudienciaManager</SERVICE>
		<FUNCTION>SUB_EXCLUIR_AUDIENCIA</FUNCTION>
	</ACTION>
	
	<!-- End Cadastro Audiencia Publica -->
	
	<!-- Cadastro Texto Juridico -->
	<ACTION SCREEN_CMD="LIST_TIPO_NATUREZA">
		<SERVICE>TipoNaturezaManager</SERVICE>
		<FUNCTION>SUB_LIST_TIPO_NATUREZA</FUNCTION>
	</ACTION>
	<ACTION SCREEN_CMD="LIST_TIPO_TEXTO">
		<SERVICE>TipoTextoJuridicoManager</SERVICE>
		<FUNCTION>SUB_LIST_TIPO_TEXTO</FUNCTION>
	</ACTION>
	<ACTION SCREEN_CMD="LIST_TIPO_TEXTO_POR_COMPETENCIA">
		<SERVICE>TipoTextoJuridicoManager</SERVICE>
		<FUNCTION>SUB_LIST_TIPO_TEXTO_POR_COMPETENCIA</FUNCTION>
	</ACTION>
	<ACTION SCREEN_CMD="INCLUIR_TEXTOJURIDICO">
		<SERVICE>TextoJuridicoManager</SERVICE>
		<FUNCTION>SUB_INCLUIR_TEXTOJURIDICO</FUNCTION>
	</ACTION>
	<ACTION SCREEN_CMD="ALTERAR_TEXTOJURIDICO">
		<SERVICE>TextoJuridicoManager</SERVICE>
		<FUNCTION>SUB_ALTERAR_TEXTOJURIDICO</FUNCTION>
	</ACTION>
	<ACTION SCREEN_CMD="EXCLUIR_TEXTOJURIDICO">
		<SERVICE>TextoJuridicoExcluirManager</SERVICE>
		<FUNCTION>SUB_EXCLUIR_TEXTOJURIDICO</FUNCTION>
	</ACTION>
	<ACTION SCREEN_CMD="GET_TEXTO_JURIDICO_POR_ID">
		<SERVICE>TextoJuridicoManager</SERVICE>
		<FUNCTION>SUB_GET_TEXTO_JURIDICO_POR_ID</FUNCTION>
	</ACTION>
	<ACTION SCREEN_CMD="LIST_NUM_LEGISL_TEXTO_JURIDICO">
		<SERVICE>TextoJuridicoManager</SERVICE>
		<FUNCTION>SUB_GET_NUM_LEGISL_TEXTO_JURIDICO</FUNCTION>
	</ACTION>
	<ACTION SCREEN_CMD="LIST_TEXTO_LEGAL">
		<SERVICE>TextoJuridicoManager</SERVICE>
		<FUNCTION>SUB_LIST_TEXTO_LEGAL</FUNCTION>
	</ACTION>
	<ACTION SCREEN_CMD="PRI_LIST_TEXTO_LEGAL">
		<SERVICE>TextoJuridicoManager</SERVICE>
		<FUNCTION>SUB_PRI_LIST_TEXTO_LEGAL</FUNCTION>
	</ACTION>
	<ACTION SCREEN_CMD="LIST_NUM_LEGISL_ORCAMENTO">
		<SERVICE>TextoJuridicoManager</SERVICE>
		<FUNCTION>SUB_LIST_NUM_LEGISL_ORCAMENTO</FUNCTION>
	</ACTION>
	<ACTION SCREEN_CMD="LIST_TEXTO_JURIDICO_FONTE_RECURSO_CREDITO_ADICIONAL">
		<SERVICE>TextoJuridicoManager</SERVICE>
		<FUNCTION>SUB_LIST_TEXTO_JURIDICO_FONTE_RECURSO_CREDITO_ADICIONAL</FUNCTION>
	</ACTION>
	<ACTION SCREEN_CMD="LIST_TEXTO_JURIDICO_PPA">
		<SERVICE>TextoJuridicoManager</SERVICE>
		<FUNCTION>SUB_LIST_TEXTO_JURIDICO_PPA</FUNCTION>
	</ACTION>	
	<ACTION SCREEN_CMD="LIST_TEXTO_JURIDICO_LOA">
		<SERVICE>TextoJuridicoManager</SERVICE>
		<FUNCTION>SUB_LIST_TEXTO_JURIDICO_LOA</FUNCTION>
	</ACTION>	
	<!-- End Cadastro Texto Juridico-->
	
	<!-- Competencia -->
	<ACTION SCREEN_CMD="LIST_COMPETENCIA">
		<SERVICE>CompetenciaManager</SERVICE>
		<FUNCTION>SUB_GET_COMPETENCIA</FUNCTION>
	</ACTION>
	<!-- End Competencia -->

	<!-- Funcao -->
	<ACTION SCREEN_CMD="LIST_TIPO_FUNCAO">
		<SERVICE>FuncaoManager</SERVICE>
		<FUNCTION>SUB_LIST_TIPO_FUNCAO</FUNCTION>
	</ACTION>
	
	<!-- Funcao -->
	<ACTION SCREEN_CMD="LIST_TIPO_SUB_FUNCAO">
		<SERVICE>SubFuncaoManager</SERVICE>
		<FUNCTION>SUB_LIST_TIPO_SUB_FUNCAO</FUNCTION>
	</ACTION>
	
	<!-- Cadastro Acao PPA -->
	<ACTION SCREEN_CMD="LIST_FUNCAO">
		<SERVICE>FuncaoManager</SERVICE>
		<FUNCTION>SUB_LIST_FUNCAO</FUNCTION>
	</ACTION>
	<ACTION SCREEN_CMD="LIST_SUB_FUNCAO">
		<SERVICE>SubFuncaoManager</SERVICE>
		<FUNCTION>SUB_LIST_SUB_FUNCAO</FUNCTION>
	</ACTION>
	<ACTION SCREEN_CMD="INCLUIR_ACAO">
		<SERVICE>AcaoPPAManager</SERVICE>
		<FUNCTION>SUB_INCLUIR_ACAO</FUNCTION>
	</ACTION>
	<ACTION SCREEN_CMD="ALTERAR_ACAO">
		<SERVICE>AcaoPPAManager</SERVICE>
		<FUNCTION>SUB_ALTERAR_ACAO</FUNCTION>
	</ACTION>
	<ACTION SCREEN_CMD="EXCLUIR_ACAO">
		<SERVICE>AcaoPPAManager</SERVICE>
		<FUNCTION>SUB_EXCLUIR_ACAO</FUNCTION>
	</ACTION>
	<ACTION SCREEN_CMD="FIND_ACAOPPA">
		<SERVICE>AcaoPPAManager</SERVICE>
		<FUNCTION>SUB_FIND_ACAOPPA</FUNCTION>
	</ACTION>	
	<ACTION SCREEN_CMD="LIST_ACAO_PPA">
		<SERVICE>AcaoPPAManager</SERVICE>
		<FUNCTION>SUB_LIST_ACAO_PPA</FUNCTION>
	</ACTION> 
	<ACTION SCREEN_CMD="LIST_ACAOPPA_MAIOR_PUBLICACAO">
		<SERVICE>AcaoPPAManager</SERVICE>
		<FUNCTION>SUB_LIST_ACAOPPA_MAIOR_PUBLICACAO</FUNCTION>
	</ACTION> 
		<ACTION SCREEN_CMD="LIST_ACAO_PPA_ALTERACAO_PPA">
		<SERVICE>AcaoPPAManager</SERVICE>
		<FUNCTION>SUB_LIST_ACAO_PPA_ALTERACAO_PPA</FUNCTION>
	</ACTION> 
	<!-- End Cadastro Acao PPA -->
	
	<!--Cadastro de IdentificaÃ§Ã£o de LDO -->
	<ACTION SCREEN_CMD="INCLUIR_LDO">
		<SERVICE>LeiDiretrizesOrcamentariaManager</SERVICE>
		<FUNCTION>SUB_INCLUIR_LDO</FUNCTION>
	</ACTION>
	<ACTION SCREEN_CMD="ALTERAR_LDO">
		<SERVICE>LeiDiretrizesOrcamentariaManager</SERVICE>
		<FUNCTION>SUB_ALTERAR_LDO</FUNCTION>
	</ACTION>
	<ACTION SCREEN_CMD="EXCLUIR_LDO">
		<SERVICE>LeiDiretrizesOrcamentariaManager</SERVICE>
		<FUNCTION>SUB_EXCLUIR_LDO</FUNCTION>
	</ACTION>
	<ACTION SCREEN_CMD="PRI_LIST_LDO">
		<SERVICE>LeiDiretrizesOrcamentariaManager</SERVICE>
		<FUNCTION>SUB_PRI_LIST_LDO</FUNCTION>
	</ACTION>

	<!-- Cadastro de AÃ§Ã£o de LDO -->
	<ACTION SCREEN_CMD="INCLUIR_ACAO_LDO">
		<SERVICE>AcaoLDOManager</SERVICE>
		<FUNCTION>SUB_INCLUIR_ACAO_LDO</FUNCTION>
	</ACTION>
	<ACTION SCREEN_CMD="LIST_ACAO_LDO">
		<SERVICE>AcaoLDOManager</SERVICE>
		<FUNCTION>SUB_LIST_ACAO_LDO</FUNCTION>
	</ACTION>
	<ACTION SCREEN_CMD="LIST_TODOS_ACAO_LDO">
		<SERVICE>AcaoLDOManager</SERVICE>
		<FUNCTION>SUB_LIST_TODOS_ACAO_LDO</FUNCTION>
	</ACTION>
	<ACTION SCREEN_CMD="ALTERAR_ACAO_LDO">
		<SERVICE>AcaoLDOManager</SERVICE>
		<FUNCTION>SUB_ALTERAR_ACAO_LDO</FUNCTION>
	</ACTION>
	<ACTION SCREEN_CMD="EXCLUIR_ACAO_LDO">
		<SERVICE>AcaoLDOManager</SERVICE>
		<FUNCTION>SUB_EXCLUIR_ACAO_LDO</FUNCTION>
	</ACTION>
	
    <!-- Cadastro de Meta Prioridade -->
	<ACTION SCREEN_CMD="INCLUIR_METAPRIORIDADE">
		<SERVICE>MetaPrioridadeManager</SERVICE>
		<FUNCTION>SUB_INCLUIR_META_PRIORIDADE</FUNCTION>
	</ACTION>
	<ACTION SCREEN_CMD="ALTERAR_METAPRIORIDADE">
		<SERVICE>MetaPrioridadeManager</SERVICE>
		<FUNCTION>SUB_ALTERAR_META_PRIORIDADE</FUNCTION>
	</ACTION>
	<ACTION SCREEN_CMD="EXCLUIR_METAPRIORIDADE">
		<SERVICE>MetaPrioridadeManager</SERVICE>
		<FUNCTION>SUB_EXCLUIR_META_PRIORIDADE</FUNCTION>
	</ACTION>
	<ACTION SCREEN_CMD="LIST_METAPRIORIDADE_ACAOLDO">
		<SERVICE>MetaPrioridadeManager</SERVICE>
		<FUNCTION>SUB_LIST_METAPRIORIDADE_ACAOLDO</FUNCTION>
	</ACTION>
	
	
	<!-- Cadastro Tipo Meta Fiscal -->
	<ACTION SCREEN_CMD="LIST_TIPO_METAFISCAL">
		<SERVICE>TipoMetaFiscalManager</SERVICE>
		<FUNCTION>SUB_LIST_TIPO_METAFISCAL</FUNCTION>
	</ACTION>
	
	<!-- Cadastro Meta Fiscal -->
	<ACTION SCREEN_CMD="INCLUIR_METAFISCAL">
		<SERVICE>MetaFiscalManager</SERVICE>
		<FUNCTION>SUB_INCLUIR_METAFISCAL</FUNCTION>
	</ACTION> 	 	
	<ACTION SCREEN_CMD="ALTERAR_METAFISCAL">
		<SERVICE>MetaFiscalManager</SERVICE>
		<FUNCTION>SUB_ALTERAR_METAFISCAL</FUNCTION>
	</ACTION> 	 	
	<ACTION SCREEN_CMD="EXCLUIR_METAFISCAL">
		<SERVICE>MetaFiscalManager</SERVICE>
		<FUNCTION>SUB_EXCLUIR_METAFISCAL</FUNCTION>
	</ACTION> 	 	
	
	<ACTION SCREEN_CMD="PRI_LIST_METAFISCAL">
		<SERVICE>MetaFiscalManager</SERVICE>
		<FUNCTION>SUB_LIST_METAFISCAL</FUNCTION>
	</ACTION> 	
	<ACTION SCREEN_CMD="LIST_METAFISCAL">
		<SERVICE>MetaFiscalManager</SERVICE>
		<FUNCTION>SUB_LIST_TODOS_METAFISCAL</FUNCTION>
	</ACTION>	 
	
	<!-- Alienacao Bem -->	
	<ACTION SCREEN_CMD="INCLUIR_ALIENACAOBEM">
		<SERVICE>AlienacaoBemManager</SERVICE>
		<FUNCTION>SUB_INCLUIR_ALIENACAOBEM</FUNCTION>
	</ACTION>	
	<ACTION SCREEN_CMD="ALTERAR_ALIENACAOBEM">
		<SERVICE>AlienacaoBemManager</SERVICE>
		<FUNCTION>SUB_ALTERAR_ALIENACAOBEM</FUNCTION>
	</ACTION>	
	<ACTION SCREEN_CMD="EXCLUIR_ALIENACAOBEM">
		<SERVICE>AlienacaoBemManager</SERVICE>
		<FUNCTION>SUB_EXCLUIR_ALIENACAOBEM</FUNCTION>
	</ACTION>	
	<ACTION SCREEN_CMD="PRI_LIST_ALIENACAO_BEM">
		<SERVICE>AlienacaoBemManager</SERVICE>
		<FUNCTION>SUB_LIST_ALIENACAO_BEM</FUNCTION>
	</ACTION>	
	<!-- End Alienacao Bem -->	
	
	<!-- Inclusao Social -->
	<ACTION SCREEN_CMD="INCLUIR_INCLUSAOSOCIAL">
		<SERVICE>InclusaoSocialManager</SERVICE>
		<FUNCTION>SUB_INCLUIR_INCLUSAOSOCIAL</FUNCTION>
	</ACTION>
	<ACTION SCREEN_CMD="ALTERAR_INCLUSAOSOCIAL">
		<SERVICE>InclusaoSocialManager</SERVICE>
		<FUNCTION>SUB_ALTERAR_INCLUSAOSOCIAL</FUNCTION>
	</ACTION>
	<ACTION SCREEN_CMD="EXCLUIR_INCLUSAOSOCIAL">
		<SERVICE>InclusaoSocialManager</SERVICE>
		<FUNCTION>SUB_EXCLUIR_INCLUSAOSOCIAL</FUNCTION>
	</ACTION>
	<ACTION SCREEN_CMD="LIST_INCLUSAO_SOCIAL">
		<SERVICE>InclusaoSocialManager</SERVICE>
		<FUNCTION>SUB_LIST_INCLUSAO_SOCIAL</FUNCTION>
	</ACTION>		
	<ACTION SCREEN_CMD="PRI_LIST_INCLUSAO_SOCIAL">
		<SERVICE>InclusaoSocialManager</SERVICE>
		<FUNCTION>SUB_LIST_INCLUSAO_SOCIAL_A</FUNCTION>
	</ACTION>		
	
	<!-- End Inclusao Social -->
	
	<!-- Percentual de ParticipaÃ§Ã£o dos Poderes -->
	<ACTION SCREEN_CMD="PRI_LIST_PERC_PART_PODERES">
		<SERVICE>PercentualParticipacaoPoderesManager</SERVICE>
		<FUNCTION>SUB_LIST_PERC_PART_PODERES</FUNCTION>
	</ACTION>
	<ACTION SCREEN_CMD="INCLUIR_PERCENTUALPARTICIPACAOPODERES">
		<SERVICE>PercentualParticipacaoPoderesManager</SERVICE>
		<FUNCTION>SUB_INCLUIR_PERCENTUALPARTICIPACAOPODERES</FUNCTION>
	</ACTION>		
	<ACTION SCREEN_CMD="ALTERAR_PERCENTUALPARTICIPACAOPODERES">
		<SERVICE>PercentualParticipacaoPoderesManager</SERVICE>
		<FUNCTION>SUB_ALTERAR_PERCENTUALPARTICIPACAOPODERES</FUNCTION>
	</ACTION>		
	<ACTION SCREEN_CMD="EXCLUIR_PERCENTUALPARTICIPACAOPODERES">
		<SERVICE>PercentualParticipacaoPoderesManager</SERVICE>
		<FUNCTION>SUB_EXCLUIR_PERCENTUALPARTICIPACAOPODERES</FUNCTION>
	</ACTION>	
	<ACTION SCREEN_CMD="VALIDA_RELATORIO_PERCENTUAL_PARTICIPACAO_PODERES">
		<SERVICE>PercentualParticipacaoPoderesManager</SERVICE>
		<FUNCTION>SUB_VALIDA_RELATORIO_PERCENTUAL_PARTICIPACAO_PODERES</FUNCTION>
	</ACTION>	
	<!-- End Percentual de ParticipaÃ§Ã£o dos Poderes -->
	
	<!-- Cadastro Poder OrgÃ£o -->
	<ACTION SCREEN_CMD="LIST_PODER_ORGAO">
		<SERVICE>PoderOrgaoManager</SERVICE>
		<FUNCTION>SUB_LIST_PODER_ORGAO</FUNCTION>
	</ACTION>	
	<ACTION SCREEN_CMD="LIST_PODER_ORGAO_RESPONSAVEL">
		<SERVICE>PoderOrgaoManager</SERVICE>
		<FUNCTION>SUB_LIST_PODER_ORGAO_RESPONSAVEL</FUNCTION>
	</ACTION>	
	<ACTION SCREEN_CMD="LIST_PODER_ORGAO_CI">
		<SERVICE>PoderOrgaoManager</SERVICE>
		<FUNCTION>SUB_LIST_PODER_ORGAO_CI</FUNCTION>
	</ACTION>	
	

	
	<!-- End Cadastro Poder OrgÃ£o -->
	
	<!-- Cadastro Tipo Passivo Contingente -->
	<ACTION SCREEN_CMD="LIST_TIPO_PASSIVO_CONTINGENTE">
		<SERVICE>TipoPassivoContingenteManager</SERVICE>
		<FUNCTION>SUB_LIST_TIPO_PASSIVO_CONTINGENTE</FUNCTION>
	</ACTION>
	<!-- End Cadastro Tipo Passivo Contingente -->
	
	<!-- Cadastro Passivo Contingente -->
	<ACTION SCREEN_CMD="INCLUIR_PASSIVOCONTINGENTE">
		<SERVICE>PassivoContingenteManager</SERVICE>
		<FUNCTION>SUB_INCLUIR_PASSIVOCONTINGENTE</FUNCTION>
	</ACTION>
	<ACTION SCREEN_CMD="ALTERAR_PASSIVOCONTINGENTE">
		<SERVICE>PassivoContingenteManager</SERVICE>
		<FUNCTION>SUB_ALTERAR_PASSIVOCONTINGENTE</FUNCTION>
	</ACTION>
	<ACTION SCREEN_CMD="EXCLUIR_PASSIVOCONTINGENTE">
		<SERVICE>PassivoContingenteManager</SERVICE>
		<FUNCTION>SUB_EXCLUIR_PASSIVOCONTINGENTE</FUNCTION>
	</ACTION>
	<ACTION SCREEN_CMD="LIST_PASSIVO_CONTINGENTE">
		<SERVICE>PassivoContingenteManager</SERVICE>
		<FUNCTION>SUB_LIST_PASSIVO_CONTINGENTE</FUNCTION>
	</ACTION>
	<ACTION SCREEN_CMD="PRI_LIST_PASSIVO_CONTINGENTE">
		<SERVICE>PassivoContingenteManager</SERVICE>
		<FUNCTION>SUB_LIST_PASSIVO_CONTINGENTE_A</FUNCTION>
	</ACTION>
	<!-- End Cadastro Passivo Contingente -->
	
	<!-- Cadastro Compensacao Renuncia -->
	<ACTION SCREEN_CMD="INCLUIR_COMPENSACAORENUNCIA">
		<SERVICE>CompensacaoRenunciaManager</SERVICE>
		<FUNCTION>SUB_INCLUIR_COMPENSACAORENUNCIA</FUNCTION>
	</ACTION>
	<ACTION SCREEN_CMD="ALTERAR_COMPENSACAORENUNCIA">
		<SERVICE>CompensacaoRenunciaManager</SERVICE>
		<FUNCTION>SUB_ALTERAR_COMPENSACAORENUNCIA</FUNCTION>
	</ACTION>
	<ACTION SCREEN_CMD="EXCLUIR_COMPENSACAORENUNCIA">
		<SERVICE>CompensacaoRenunciaManager</SERVICE>
		<FUNCTION>SUB_EXCLUIR_COMPENSACAORENUNCIA</FUNCTION>
	</ACTION>
	<ACTION SCREEN_CMD="LIST_COMPENSACAO_RENUNCIA">
		<SERVICE>CompensacaoRenunciaManager</SERVICE>
		<FUNCTION>SUB_LIST_COMPENSACAO_RENUNCIA</FUNCTION>
	</ACTION>
	<ACTION SCREEN_CMD="PRI_LIST_COMP_RENUNCIA">
		<SERVICE>CompensacaoRenunciaManager</SERVICE>
		<FUNCTION>SUB_LIST_COMPENSACAO_RENUNCIA_A</FUNCTION>
	</ACTION>
	<!-- End Cadastro Compensacao Renuncia -->
	
	<!-- Cadastro Aplicacao Alienacao Bem -->
	<ACTION SCREEN_CMD="INCLUIR_APLICACAOALIENACAOBEM">
		<SERVICE>AplicacaoAlienacaoBemManager</SERVICE>
		<FUNCTION>SUB_INCLUIR_APLICACAOALIENACAOBEM</FUNCTION>
	</ACTION>
	<ACTION SCREEN_CMD="ALTERAR_APLICACAOALIENACAOBEM">
		<SERVICE>AplicacaoAlienacaoBemManager</SERVICE>
		<FUNCTION>SUB_ALTERAR_APLICACAOALIENACAOBEM</FUNCTION>
	</ACTION>
	<ACTION SCREEN_CMD="EXCLUIR_APLICACAOALIENACAOBEM">
		<SERVICE>AplicacaoAlienacaoBemManager</SERVICE>
		<FUNCTION>SUB_EXCLUIR_APLICACAOALIENACAOBEM</FUNCTION>
	</ACTION>
	<ACTION SCREEN_CMD="LIST_APLIC_ALIENACAO_BEM">
		<SERVICE>AplicacaoAlienacaoBemManager</SERVICE>
		<FUNCTION>SUB_LIST_APLIC_ALIENACAO_BEM</FUNCTION>
	</ACTION>
	<ACTION SCREEN_CMD="PRI_LIST_APLICACAO_ALIENACAO_BEM">
		<SERVICE>AplicacaoAlienacaoBemManager</SERVICE>
		<FUNCTION>SUB_LIST_APLIC_ALIENACAO_BEM_A</FUNCTION>
	</ACTION>
	<!-- End Cadastro Aplicacao Alienacao Bem -->
	
		<!-- Cadastro de Renuncia Receita Aumento Despesa-->
	<ACTION SCREEN_CMD="INCLUIR_RENUNCIARECEITAAUMENTODESPESA">
		<SERVICE>RenunciaReceitaAumentoDespesaManager</SERVICE>
		<FUNCTION>SUB_INCLUIR_RENUNCIARECEITAAUMENTODESPESA</FUNCTION>
	</ACTION>
	<ACTION SCREEN_CMD="ALTERAR_RENUNCIARECEITAAUMENTODESPESA">
		<SERVICE>RenunciaReceitaAumentoDespesaManager</SERVICE>
		<FUNCTION>SUB_ALTERAR_RENUNCIARECEITAAUMENTODESPESA</FUNCTION>
	</ACTION>
	<ACTION SCREEN_CMD="EXCLUIR_RENUNCIARECEITAAUMENTODESPESA">
		<SERVICE>RenunciaReceitaAumentoDespesaManager</SERVICE>
		<FUNCTION>SUB_EXCLUIR_RENUNCIARECEITAAUMENTODESPESA</FUNCTION>
	</ACTION>
	
	<ACTION SCREEN_CMD="LIST_RECEITA_DESPESA">
		<SERVICE>RenunciaReceitaAumentoDespesaManager</SERVICE>
		<FUNCTION>SUB_LIST_RECEITA_DESPESA</FUNCTION>
	</ACTION>
	<ACTION SCREEN_CMD="PRI_LIST_REN_REC_AUM_DESP">
		<SERVICE>RenunciaReceitaAumentoDespesaManager</SERVICE>
		<FUNCTION>SUB_LIST_REN_REC_AUM_DESP</FUNCTION>
	</ACTION>
	<!-- End Cadastro de Renuncia Receita Aumento Despesa-->
	
	<!-- Cadastro de Patrimonio LÃ­quido -->
	<ACTION SCREEN_CMD="VALIDA_RELATORIO_PATRIMONIO_LIQUIDO">
		<SERVICE>PatrimonioLiquidoManager</SERVICE>
		<FUNCTION>SUB_VALIDA_RELATORIO_PATRIMONIO_LIQUIDO</FUNCTION>
	</ACTION>		
	<ACTION SCREEN_CMD="INCLUIR_PATRIMONIOLIQUIDO">
		<SERVICE>PatrimonioLiquidoManager</SERVICE>
		<FUNCTION>SUB_INCLUIR_PATRIMONIOLIQUIDO</FUNCTION>
	</ACTION>
	<ACTION SCREEN_CMD="ALTERAR_PATRIMONIOLIQUIDO">
		<SERVICE>PatrimonioLiquidoManager</SERVICE>
		<FUNCTION>SUB_ALTERAR_PATRIMONIOLIQUIDO</FUNCTION>
	</ACTION>
	<ACTION SCREEN_CMD="EXCLUIR_PATRIMONIOLIQUIDO">
		<SERVICE>PatrimonioLiquidoManager</SERVICE>
		<FUNCTION>SUB_EXCLUIR_PATRIMONIOLIQUIDO</FUNCTION>
	</ACTION>
	<ACTION SCREEN_CMD="PRI_LIST_PATRIMONIO_LIQUIDO">
		<SERVICE>PatrimonioLiquidoManager</SERVICE>
		<FUNCTION>SUB_LIST_PATRIMONIO_LIQUIDO</FUNCTION>
	</ACTION>
	<!-- End Cadastro de Patrimonio LÃ­quido -->
	
	<!-- Cadastro de Tipo de Patrimonio -->
	<ACTION SCREEN_CMD="LIST_TIPO_PATRIMONIO">
		<SERVICE>TipoPatrimonioManager</SERVICE>
		<FUNCTION>SUB_LIST_TIPO_PATRIMONIO</FUNCTION>
	</ACTION>
	<!-- End Cadastro de Tipo de Patrimonio -->				

	<!-- Cadastro de Fonte de Recurso-->
	<ACTION SCREEN_CMD="LIST_FONTE_RECURSO"> 
		<SERVICE>FonteRecursoManager</SERVICE>
		<FUNCTION>SUB_LIST_FONTE_RECURSO</FUNCTION>
	</ACTION>
	<ACTION SCREEN_CMD="INCLUIR_FONTE_RECURSO">
		<SERVICE>FonteRecursoManager</SERVICE>
		<FUNCTION>SUB_INCLUIR_FONTE_RECURSO</FUNCTION>
	</ACTION> 
	<ACTION SCREEN_CMD="ALTERAR_FONTE_RECURSO">
		<SERVICE>FonteRecursoManager</SERVICE>
		<FUNCTION>SUB_ALTERAR_FONTE_RECURSO</FUNCTION>
	</ACTION> 
	<ACTION SCREEN_CMD="EXCLUIR_FONTE_RECURSO">
		<SERVICE>FonteRecursoManager</SERVICE>
		<FUNCTION>SUB_EXCLUIR_FONTE_RECURSO</FUNCTION>
	</ACTION> 
	<ACTION SCREEN_CMD="LIST_INDICADOR_USO">
		<SERVICE>IndicadorUsoManager</SERVICE>
		<FUNCTION>SUB_LIST_INDICADOR_USO</FUNCTION> 
	</ACTION>
	<ACTION SCREEN_CMD="LIST_GRUPO_FONTE_RECURSO">
		<SERVICE>GrupoFontesRecursosManager</SERVICE>
		<FUNCTION>SUB_LIST_GRUPO_FONTE_RECURSO</FUNCTION>
	</ACTION>
		<ACTION SCREEN_CMD="LIST_ESPECIFICACAO_FONTE_RECURSO">
		<SERVICE>EspecificacaoFonteRecursoManager</SERVICE>
		<FUNCTION>SUB_LIST_ESPECIFICACAO_FONTE_RECURSO</FUNCTION>
	</ACTION>
	<ACTION SCREEN_CMD="LIST_DETALHAMENTO_DESTINACAO_RECURSO">
		<SERVICE>DetalhamentoDestinacaoRecursoManager</SERVICE>
  		<FUNCTION>SUB_LIST_DETALHAMENTO_DESTINACAO_RECURSO</FUNCTION>
	</ACTION>

	<!-- End Cadastro de Fonte de Recurso-->	
	
	<!-- Orcamento-->
	<ACTION SCREEN_CMD="PRI_LIST_ORCAMENTO">
		<SERVICE>OrcamentoManager</SERVICE>
		<FUNCTION>SUB_LIST_ORCAMENTO</FUNCTION>
	</ACTION>
	<ACTION SCREEN_CMD="PRI_LIST_ORCAMENTO_AUDIENCIA">
		<SERVICE>AudienciaManager</SERVICE>
		<FUNCTION>SUB_LIST_ORCAMENTO_AUDIENCIA</FUNCTION>
	</ACTION>
	<ACTION SCREEN_CMD="PRI_LIST_ORCAMENTO_PROJETO">
		<SERVICE>ProjetoAtividadeManager</SERVICE>
		<FUNCTION>SUB_LIST_ORCAMENTO_PROJETO</FUNCTION>
	</ACTION>
	<ACTION SCREEN_CMD="LIST_ORCAMENTO_PROJETO">
		<SERVICE>ProjetoAtividadeManager</SERVICE>
		<FUNCTION>SUB_ORCAMENTO_PROJETO</FUNCTION>
	</ACTION>
	<ACTION SCREEN_CMD="PRI_LIST_ORCAMENTO_UNIDADEORCAMENTARIA">
		<SERVICE>UnidadeOrcamentariaManager</SERVICE>
		<FUNCTION>SUB_LIST_ORCAMENTO_UNIDADEORCAMENTARIA</FUNCTION>
	</ACTION>
	<ACTION SCREEN_CMD="LIST_ORCAMENTO_UNIDADEORCAMENTARIA">
		<SERVICE>UnidadeOrcamentariaManager</SERVICE>
		<FUNCTION>SUB_ORCAMENTO_UNIDADEORCAMENTARIA</FUNCTION>
	</ACTION>
	<ACTION SCREEN_CMD="PRI_LIST_ORCAMENTO_DOTACAO">
		<SERVICE>DotacaoManager</SERVICE>
		<FUNCTION>SUB_LIST_ORCAMENTO_DOTACAO</FUNCTION>
	</ACTION>
	<ACTION SCREEN_CMD="LIST_ORCAMENTO_DOTACAO">
		<SERVICE>DotacaoManager</SERVICE>
		<FUNCTION>SUB_ORCAMENTO_DOTACAO</FUNCTION>
	</ACTION>
	<ACTION SCREEN_CMD="PRI_LIST_ORCAMENTO_FONTERECURSO">
		<SERVICE>FonteRecursoManager</SERVICE>
		<FUNCTION>SUB_LIST_ORCAMENTO_FONTERECURSO</FUNCTION>
	</ACTION>
	<ACTION SCREEN_CMD="LIST_ORCAMENTO_FONTERECURSO">
		<SERVICE>FonteRecursoManager</SERVICE>
		<FUNCTION>SUB_ORCAMENTO_FONTERECURSO</FUNCTION>
	</ACTION>
	<ACTION SCREEN_CMD="PRI_LIST_ORCAMENTO_PREVISAORECEITA">
		<SERVICE>PrevisaoReceitaManager</SERVICE>
		<FUNCTION>SUB_LIST_ORCAMENTO_PREVISAORECEITA</FUNCTION>
	</ACTION>
	<ACTION SCREEN_CMD="PRI_LIST_ORCAMENTO_PRECATORIO">
		<SERVICE>PrecatorioManager</SERVICE>
		<FUNCTION>SUB_LIST_ORCAMENTO_PRECATORIO</FUNCTION>
	</ACTION>
	<ACTION SCREEN_CMD="INCLUIR_ORCAMENTO">
		<SERVICE>OrcamentoManager</SERVICE>
		<FUNCTION>SUB_INCLUIR_ORCAMENTO</FUNCTION>
	</ACTION>
	<ACTION SCREEN_CMD="ALTERAR_ORCAMENTO">
		<SERVICE>OrcamentoManager</SERVICE>
		<FUNCTION>SUB_ALTERAR_ORCAMENTO</FUNCTION>
	</ACTION>
	<ACTION SCREEN_CMD="EXCLUIR_ORCAMENTO">
		<SERVICE>OrcamentoManager</SERVICE>
		<FUNCTION>SUB_EXCLUIR_ORCAMENTO</FUNCTION>
	</ACTION>
	<ACTION SCREEN_CMD="GET_ORCAMENTO_ID">
		<SERVICE>OrcamentoManager</SERVICE>
		<FUNCTION>SUB_GET_ORCAMENTO_ID</FUNCTION>
	</ACTION>
	<!-- End Orcamento-->	
	
	<!-- Cadastro Tipo Dotacao-->
	<ACTION SCREEN_CMD="LIST_TIPO_DOTACAO">
		<SERVICE>TipoDotacaoManager</SERVICE>
		<FUNCTION>SUB_LIST_TIPO_DOTACAO</FUNCTION>
	</ACTION>
	
	<!-- Cadastro Categoria Economica Despesa-->
	<ACTION SCREEN_CMD="LIST_CATEGORIA_ECONOMICA">
		<SERVICE>CategoriaEconomicaDespesaManager</SERVICE>
		<FUNCTION>SUB_LIST_CATEGORIA_ECONOMICA</FUNCTION>
	</ACTION>
	
	<!-- Cadastro Grupo Natureza Despesa-->
	<ACTION SCREEN_CMD="LIST_GRUPO_NATUREZA">
		<SERVICE>GrupoNaturezaDespesaManager</SERVICE>
		<FUNCTION>SUB_LIST_GRUPO_NATUREZA</FUNCTION>
	</ACTION>
	
	<!-- Cadastro Modalidade Aplicacao-->
	<ACTION SCREEN_CMD="LIST_MODALIDADE">
		<SERVICE>ModalidadeAplicacaoManager</SERVICE>
		<FUNCTION>SUB_LIST_MODALIDADE</FUNCTION>
	</ACTION>
	
	<!-- Cadastro Elemento Despesa-->
	<ACTION SCREEN_CMD="LIST_ELEMENTO_DESPESA">
		<SERVICE>ElementoDespesaManager</SERVICE>
		<FUNCTION>SUB_LIST_ELEMENTO_DESPESA</FUNCTION>
	</ACTION>
	<ACTION SCREEN_CMD="LIST_ELEMENTO_DESPESA_NOT_COD_ZERO">
		<SERVICE>ElementoDespesaManager</SERVICE>
		<FUNCTION>SUB_LIST_ELEMENTO_DESPESA_NOT_COD_ZERO</FUNCTION>
	</ACTION>
	
	<!-- Cadastro Dotacao-->
	<ACTION SCREEN_CMD="LIST_DOTACAO"> 
		<SERVICE>DotacaoManager</SERVICE>
		<FUNCTION>SUB_LIST_DOTACAO</FUNCTION>
	</ACTION>
	<ACTION SCREEN_CMD="INCLUIR_DOTACAO">
		<SERVICE>DotacaoManager</SERVICE>
		<FUNCTION>SUB_INCLUIR_DOTACAO</FUNCTION>
	</ACTION>
	<ACTION SCREEN_CMD="ALTERAR_DOTACAO">
		<SERVICE>DotacaoManager</SERVICE>
		<FUNCTION>SUB_ALTERAR_DOTACAO</FUNCTION>
	</ACTION>
	<ACTION SCREEN_CMD="EXCLUIR_DOTACAO">
		<SERVICE>DotacaoManager</SERVICE>
		<FUNCTION>SUB_EXCLUIR_DOTACAO</FUNCTION>
	</ACTION>
	<ACTION SCREEN_CMD="GET_DOTACAO_ID">
		<SERVICE>DotacaoManager</SERVICE>
		<FUNCTION>SUB_GET_DOTACAO_ID</FUNCTION>
	</ACTION>
	<!-- End Cadastro Dotacao-->
	
	<!-- Cadastro Unidade Gestora -->
	<ACTION SCREEN_CMD="LIST_GESTORA">
		<SERVICE>UnidadeGestoraManager</SERVICE>
		<FUNCTION>SUB_LIST_GESTORA</FUNCTION>
	</ACTION>
	<ACTION SCREEN_CMD="LIST_GESTORA_POR_UNIDADE_GESTORA">
		<SERVICE>UnidadeGestoraManager</SERVICE>
		<FUNCTION>SUB_LIST_GESTORA_POR_UNIDADE_GESTORA</FUNCTION>
	</ACTION>	
	<ACTION SCREEN_CMD="LIST_GESTORA_NAO_INSTALADAS">
		<SERVICE>UnidadeGestoraManager</SERVICE>
		<FUNCTION>SUB_LIST_GESTORA_NAO_INSTALADAS</FUNCTION>
	</ACTION>
	<ACTION SCREEN_CMD="INCLUIR_UNIDADE_GESTORA">
		<SERVICE>UnidadeGestoraManager</SERVICE>
		<FUNCTION>SUB_INCLUIR_UNIDADE_GESTORA</FUNCTION>
	</ACTION>
	<ACTION SCREEN_CMD="ALTERAR_UNIDADE_GESTORA">
		<SERVICE>UnidadeGestoraManager</SERVICE>
		<FUNCTION>SUB_ALTERAR_UNIDADE_GESTORA</FUNCTION>
	</ACTION>
	
	
	
	<!-- Excluir Unidade Gestora -->
	
	<ACTION SCREEN_CMD="EXCLUIR_UNIDADE_GESTORA">
		<SERVICE>UnidadeGestoraGenericManager</SERVICE>
		<FUNCTION>SUB_EXCLUIR_UNIDADE_GESTORA</FUNCTION>
	</ACTION>
	
	
	
	
	<!-- Cadastro Unidade Orcamentaria-->
	<ACTION SCREEN_CMD="INCLUIR_UNIDADEORCAMENTARIA">
		<SERVICE>UnidadeOrcamentariaManager</SERVICE>
		<FUNCTION>SUB_INCLUIR_UNIDADEORCAMENTARIA</FUNCTION>
	</ACTION>
	<ACTION SCREEN_CMD="ALTERAR_UNIDADEORCAMENTARIA">
		<SERVICE>UnidadeOrcamentariaManager</SERVICE>
		<FUNCTION>SUB_ALTERAR_UNIDADEORCAMENTARIA</FUNCTION>
	</ACTION>
	<ACTION SCREEN_CMD="EXCLUIR_UNIDADEORCAMENTARIA">
		<SERVICE>UnidadeOrcamentariaManager</SERVICE>
		<FUNCTION>SUB_EXCLUIR_UNIDADEORCAMENTARIA</FUNCTION>
	</ACTION>
	<ACTION SCREEN_CMD="LIST_UNIDADE_ORCAMENTARIA">
		<SERVICE>UnidadeOrcamentariaManager</SERVICE>
		<FUNCTION>SUB_LIST_UNIDADE_ORCAMENTARIA</FUNCTION>
	</ACTION>
	<ACTION SCREEN_CMD="GET_UNIDADE_ORCAMENTARIA_ID">
		<SERVICE>UnidadeOrcamentariaManager</SERVICE>
		<FUNCTION>SUB_GET_UNIDADE_ORCAMENTARIA_ID</FUNCTION>
	</ACTION>
	<!-- End Cadastro Unidade Orcamentaria-->	
	
	<!-- Cadastro Projeto Atividade -->
	<ACTION SCREEN_CMD="LIST_PROJETO_ATIVIDADE">
		<SERVICE>ProjetoAtividadeManager</SERVICE>
		<FUNCTION>SUB_LIST_PROJETO_ATIVIDADE</FUNCTION>
	</ACTION>
	<ACTION SCREEN_CMD="INCLUIR_PROJETO_ATIVIDADE">
		<SERVICE>ProjetoAtividadeManager</SERVICE>
		<FUNCTION>SUB_INCLUIR_PROJETO_ATIVIDADE</FUNCTION>
	</ACTION>
	<ACTION SCREEN_CMD="ALTERAR_PROJETO_ATIVIDADE">
		<SERVICE>ProjetoAtividadeManager</SERVICE>
		<FUNCTION>SUB_ALTERAR_PROJETO_ATIVIDADE</FUNCTION>
	</ACTION>
	<ACTION SCREEN_CMD="EXCLUIR_PROJETO_ATIVIDADE">
		<SERVICE>ProjetoAtividadeManager</SERVICE>
		<FUNCTION>SUB_EXCLUIR_PROJETO_ATIVIDADE</FUNCTION>
	</ACTION>
	<ACTION SCREEN_CMD="GET_UNIDADE_ORCAMENTARIA_ID">
		<SERVICE>UnidadeOrcamentariaManager</SERVICE>
		<FUNCTION>SUB_GET_UNIDADE_ORCAMENTARIA_ID</FUNCTION>
	</ACTION>
	<ACTION SCREEN_CMD="GET_PROJETO_ATIVIDADE_ID">
		<SERVICE>ProjetoAtividadeManager</SERVICE>
		<FUNCTION>SUB_GET_PROJETO_ATIVIDADE_ID</FUNCTION>
	</ACTION>
	<!-- End Cadastro Projeto Atividade-->	
	
	
	<!-- Tipo Acao -->
	<ACTION SCREEN_CMD="LIST_TIPO_ACAO">
		<SERVICE>TipoAcaoManager</SERVICE>
		<FUNCTION>SUB_LIST_TIPO_ACAO</FUNCTION>
	</ACTION>
	<ACTION SCREEN_CMD="GET_TIPOACAO_CHAVEUNICA">
		<SERVICE>TipoAcaoManager</SERVICE>
		<FUNCTION>SUB_TIPOACAO_CHAVEUNICA</FUNCTION>
	</ACTION>
	<ACTION SCREEN_CMD="LIST_TIPO_ACAO_POR_COMPETENCIA">
		<SERVICE>TipoAcaoManager</SERVICE>
		<FUNCTION>SUB_LIST_TIPO_ACAO_POR_COMPETENCIA</FUNCTION>
	</ACTION>
	<!-- End Tipo Acao -->
	
	<!-- Especificao Receita -->
	<ACTION SCREEN_CMD="LIST_ESPECIFICACAO_RECEITA">
		<SERVICE>EspecificacaoReceitaManager</SERVICE>
		<FUNCTION>SUB_LIST_ESPECIFICACAO_RECEITA</FUNCTION>
	</ACTION>
	
	<!-- Cadastro Previsao Receita -->
	<ACTION SCREEN_CMD="INCLUIR_PREVISAO_RECEITA">
		<SERVICE>PrevisaoReceitaManager</SERVICE>
		<FUNCTION>SUB_INCLUIR_PREVISAO_RECEITA</FUNCTION>
	</ACTION>
	<ACTION SCREEN_CMD="ALTERAR_PREVISAO_RECEITA">
		<SERVICE>PrevisaoReceitaManager</SERVICE>
		<FUNCTION>SUB_ALTERAR_PREVISAO_RECEITA</FUNCTION>
	</ACTION>
	<ACTION SCREEN_CMD="EXCLUIR_PREVISAO_RECEITA">
		<SERVICE>PrevisaoReceitaManager</SERVICE>
		<FUNCTION>SUB_EXCLUIR_PREVISAO_RECEITA</FUNCTION>
	</ACTION>
	
	<!-- Tipo Natureza -->
	<ACTION SCREEN_CMD="GET_TIPO_NATUREZA">
		<SERVICE>TipoNaturezaManager</SERVICE>
		<FUNCTION>SUB_GET_TIPO_NATUREZA</FUNCTION>
	</ACTION>
	<ACTION SCREEN_CMD="GET_TIPO_NATUREZA_POR_CODIGO">
		<SERVICE>TipoNaturezaManager</SERVICE>
		<FUNCTION>SUB_GET_TIPO_NATUREZA_POR_CODIGO</FUNCTION>
	</ACTION>
	
	<!-- Tipo Texto Juridico -->
	<ACTION SCREEN_CMD="GET_TIPO_TEXTO_JURIDICO">
		<SERVICE>TipoTextoJuridicoManager</SERVICE>
		<FUNCTION>SUB_GET_TIPO_TEXTO_JURIDICO</FUNCTION>
	</ACTION>
	
	<!-- Precatorio -->
	<ACTION SCREEN_CMD="INCLUIR_PRECATORIO">
		<SERVICE>PrecatorioManager</SERVICE>
		<FUNCTION>SUB_INCLUIR_PRECATORIO</FUNCTION>
	</ACTION>
	<ACTION SCREEN_CMD="ALTERAR_PRECATORIO">
		<SERVICE>PrecatorioManager</SERVICE>
		<FUNCTION>SUB_ALTERAR_PRECATORIO</FUNCTION>
	</ACTION>
	<ACTION SCREEN_CMD="EXCLUIR_PRECATORIO">
		<SERVICE>PrecatorioManager</SERVICE>
		<FUNCTION>SUB_EXCLUIR_PRECATORIO</FUNCTION>
	</ACTION>
	<!-- End Precatorio -->
	
	<!-- Responsavel -->
	<ACTION SCREEN_CMD="LIST_RESPONSAVEL_CPF">
		<SERVICE>ResponsavelManager</SERVICE>
		<FUNCTION>SUB_LIST_RESPONSAVEL_CPF</FUNCTION>
	</ACTION>
	<ACTION SCREEN_CMD="LIST_RESPONSAVEL">
		<SERVICE>ResponsavelManager</SERVICE>
		<FUNCTION>SUB_LIST_RESPONSAVEL</FUNCTION>
	</ACTION>
	<ACTION SCREEN_CMD="LIST_PRI_RESPONSAVEL">
		<SERVICE>ResponsavelManager</SERVICE>
		<FUNCTION>SUB_LIST_PRI_RESPONSAVEL</FUNCTION>
	</ACTION>
	<!-- End Responsavel -->	
 
	<!-- Responsavel Controle Interno -->
	<ACTION SCREEN_CMD="LIST_RESPONSAVEL_CONTROLE_INTERNO">
		<SERVICE>ResponsavelControleInternoManager</SERVICE>
		<FUNCTION>SUB_LIST_RESPONSAVEL_CONTROLE_INTERNO</FUNCTION>
	</ACTION>
	<ACTION SCREEN_CMD="LIST_RESPONSAVEL_CONTROLE_INTERNO_POR_RESPONSAVEL">
		<SERVICE>ResponsavelControleInternoManager</SERVICE>
		<FUNCTION>SUB_LIST_RESPONSAVEL_CONTROLE_INTERNO_POR_RESPONSAVEL</FUNCTION>
	</ACTION>
	<ACTION SCREEN_CMD="INCLUIR_RESPONSAVEL_CONTROLE_INTERNO">
		<SERVICE>ResponsavelControleInternoManager</SERVICE>
		<FUNCTION>SUB_INCLUIR_RESPONSAVEL_CONTROLE_INTERNO</FUNCTION>
	</ACTION>
	<ACTION SCREEN_CMD="ALTERAR_RESPONSAVEL_CONTROLE_INTERNO">
		<SERVICE>ResponsavelControleInternoManager</SERVICE>
		<FUNCTION>SUB_ALTERAR_RESPONSAVEL_CONTROLE_INTERNO</FUNCTION>
	</ACTION>
	<ACTION SCREEN_CMD="EXCLUIR_RESPONSAVEL_CONTROLE_INTERNO">
		<SERVICE>ResponsavelControleInternoManager</SERVICE>
		<FUNCTION>SUB_EXCLUIR_RESPONSAVEL_CONTROLE_INTERNO</FUNCTION>
	</ACTION>
	<!-- End Responsavel Controle Interno-->	
	
	<!-- Cadastrar Responsavel Unidade Gestora -->
	<ACTION SCREEN_CMD="INCLUIR_RESP_UNIDADE_GESTORA">
		<SERVICE>ResponsavelUnidadeGestoraManager</SERVICE>
		<FUNCTION>SUB_INCLUIR_RESP_UNIDADE_GESTORA</FUNCTION>
	</ACTION>
	<ACTION SCREEN_CMD="ALTERAR_RESP_UNIDADE_GESTORA">
		<SERVICE>ResponsavelUnidadeGestoraManager</SERVICE>
		<FUNCTION>SUB_ALTERAR_RESP_UNIDADE_GESTORA</FUNCTION>
	</ACTION>
	<ACTION SCREEN_CMD="EXCLUIR_RESP_UNIDADE_GESTORA">
		<SERVICE>ResponsavelUnidadeGestoraManager</SERVICE>
		<FUNCTION>SUB_EXCLUIR_RESP_UNIDADE_GESTORA</FUNCTION>
	</ACTION>
	<ACTION SCREEN_CMD="LIST_RESPONSAVEL_MAIOR_COMPETENCIA">
		<SERVICE>ResponsavelUnidadeGestoraManager</SERVICE>
		<FUNCTION>SUB_LIST_RESPONSAVEL_MAIOR_COMPETENCIA</FUNCTION>
	</ACTION>
	<!-- End Cadastrar Responsavel Unidade Gestora-->	

	<!-- Responsavel Unidade Gestora -->
	<ACTION SCREEN_CMD="LIST_RESPONSAVEL_UNIDADE_GESTORA">
		<SERVICE>ResponsavelUnidadeGestoraManager</SERVICE>
		<FUNCTION>SUB_LIST_RESPONSAVEL_UNIDADE_GESTORA</FUNCTION>
	</ACTION>
	<!-- End Responsavel Unidade Gestora-->	
	
	<!-- Atualizar Responsavel Unidade Gestora -->
	<ACTION SCREEN_CMD="LIST_ATUALIZAR_RESPONSAVEL_UNIDADE_GESTORA">
		<SERVICE>ResponsavelUnidadeGestoraManager</SERVICE>
		<FUNCTION>SUB_LIST_ATUALIZAR_RESPONSAVEL_UNIDADE_GESTORA</FUNCTION>
	</ACTION>
	<!-- End Atualizar Responsavel Unidade Gestora-->	

	<!-- Cadastrar Responsavel -->
	<ACTION SCREEN_CMD="INCLUIR_RESPONSAVEL">
		<SERVICE>ResponsavelManager</SERVICE>
		<FUNCTION>SUB_INCLUIR_RESPONSAVEL</FUNCTION>
	</ACTION>
	<ACTION SCREEN_CMD="ALTERAR_RESPONSAVEL">
		<SERVICE>ResponsavelManager</SERVICE>
		<FUNCTION>SUB_ALTERAR_RESPONSAVEL</FUNCTION>
	</ACTION>
	<ACTION SCREEN_CMD="EXCLUIR_RESPONSAVEL">
		<SERVICE>ResponsavelManager</SERVICE>
		<FUNCTION>SUB_EXCLUIR_RESPONSAVEL</FUNCTION>
	</ACTION>
	<ACTION SCREEN_CMD="RESPONSAVEL_CPF_COMPETENCIA">
		<SERVICE>ResponsavelManager</SERVICE>
		<FUNCTION>SUB_RESPONSAVEL_CPF_COMPETENCIA</FUNCTION>
	</ACTION>
	<!-- End Cadastrar Responsavel -->	
	
	<!-- Cadastrar Arquivo Texto -->
	<ACTION SCREEN_CMD="INCLUIR_ARQUIVO_TEXTO">
		<SERVICE>ArquivoTextoManager</SERVICE>
		<FUNCTION>SUB_INCLUIR_ARQUIVO_TEXTO</FUNCTION>
	</ACTION>
	<ACTION SCREEN_CMD="ALTERAR_ARQUIVO_TEXTO">
		<SERVICE>ArquivoTextoManager</SERVICE>
		<FUNCTION>SUB_ALTERAR_ARQUIVO_TEXTO</FUNCTION>
	</ACTION>
	<ACTION SCREEN_CMD="EXCLUIR_ARQUIVO_TEXTO">
		<SERVICE>ArquivoTextoManager</SERVICE>
		<FUNCTION>SUB_EXCLUIR_ARQUIVO_TEXTO</FUNCTION>
	</ACTION>
	<ACTION SCREEN_CMD="LIST_ARQUIVO_TEXTO_PRI">
		<SERVICE>ArquivoTextoManager</SERVICE>
		<FUNCTION>SUB_LIST_ARQUIVO_TEXTO_PRI</FUNCTION>
	</ACTION>
	<!-- End Cadastrar Arquivo Texto -->	
	
	<!-- TextoJuridicoManager -->	
	<ACTION SCREEN_CMD="LIST_TEXTO_JURIDICO_POR_TIPOS_NATUREZA">
		<SERVICE>TextoJuridicoManager</SERVICE>
		<FUNCTION>SUB_LIST_TEXTO_JURIDICO_POR_TIPOS_NATUREZA</FUNCTION>
	</ACTION>
	<!-- End TextoJuridicoManager -->				

	<!-- Nota Liberacao / Anulacao Credito Orcamentario Principal -->	
	<ACTION SCREEN_CMD="PRI_LIST_NOTA_LIBERACAO">
		<SERVICE>NotaLiberacaoCreditoOrcamentarioManager</SERVICE>
		<FUNCTION>SUB_PRI_LIST_NOTA_LIBERACAO</FUNCTION>
	</ACTION>
	<ACTION SCREEN_CMD="PRI_LIST_NOTA_ANULACAO">
		<SERVICE>NotaAnulaLibCreditoOrcManager</SERVICE>
		<FUNCTION>SUB_PRI_LIST_NOTA_ANULACAO</FUNCTION>
	</ACTION>
	<ACTION SCREEN_CMD="VALIDA_RELATORIO_NOTA_ANULA_LIBERA_CRED_ORC">
		<SERVICE>NotaAnulaLibCreditoOrcManager</SERVICE>
		<FUNCTION>SUB_VALIDA_RELATORIO_NOTA_ANULA_LIBERA_CRED_ORC</FUNCTION>
	</ACTION>	
	<!-- End Nota Liberacao / Anulacao Credito Orcamentario Principal -->	
	
	<!-- Cadastrar Nota Liberacao de Credito Orcamentario -->
	<ACTION SCREEN_CMD="INCLUIR_NOTA_LIBERACAO_CREDITO_ORCAMENTARIO">
		<SERVICE>NotaLiberacaoCreditoOrcamentarioManager</SERVICE>
		<FUNCTION>SUB_INCLUIR_NOTA_LIBERACAO_CREDITO_ORCAMENTARIO</FUNCTION>
	</ACTION>
	<ACTION SCREEN_CMD="ALTERAR_NOTA_LIBERACAO_CREDITO_ORCAMENTARIO">
		<SERVICE>NotaLiberacaoCreditoOrcamentarioManager</SERVICE>
		<FUNCTION>SUB_ALTERAR_NOTA_LIBERACAO_CREDITO_ORCAMENTARIO</FUNCTION>
	</ACTION>
	<ACTION SCREEN_CMD="EXCLUIR_NOTA_LIBERACAO_CREDITO_ORCAMENTARIO">
		<SERVICE>NotaLiberacaoCreditoOrcamentarioManager</SERVICE>
		<FUNCTION>SUB_EXCLUIR_NOTA_LIBERACAO_CREDITO_ORCAMENTARIO</FUNCTION>
	</ACTION>
	<ACTION SCREEN_CMD="LIST_UNIDADEORCAMENTARIA_EXECUTORA">
		<SERVICE>UnidadeOrcamentariaManager</SERVICE>
		<FUNCTION>SUB_LIST_UNIDADEORCAMENTARIA_EXECUTORA</FUNCTION>
	</ACTION>
	<ACTION SCREEN_CMD="VALIDA_RELATORIO_NOTA_LIBERA_CRED_ORC">
		<SERVICE>NotaLiberacaoCreditoOrcamentarioManager</SERVICE>
		<FUNCTION>SUB_VALIDA_RELATORIO_NOTA_LIBERA_CRED_ORC</FUNCTION>
	</ACTION>	
	<!-- End Cadastrar Nota Liberacao de Credito Orcamentario -->
				
	
	<!-- Fonte Recurso Crédito Adicional -->	
	<ACTION SCREEN_CMD="PRI_LIST_FONTE_RECURSO_CREDITO_ADICIONAL">
		<SERVICE>FonteRecursoCreditoAdicionalManager</SERVICE>
		<FUNCTION>SUB_PRI_LIST_FONTE_RECURSO_CREDITO_ADICIONAL</FUNCTION>
	</ACTION>
	<ACTION SCREEN_CMD="INCLUIR_FONTE_RECURSO_CREDITO_ADICIONAL">
		<SERVICE>FonteRecursoCreditoAdicionalManager</SERVICE>
		<FUNCTION>SUB_INCLUIR_FONTE_RECURSO_CREDITO_ADICIONAL</FUNCTION>
	</ACTION>
	<ACTION SCREEN_CMD="ALTERAR_FONTE_RECURSO_CREDITO_ADICIONAL">
		<SERVICE>FonteRecursoCreditoAdicionalManager</SERVICE>
		<FUNCTION>SUB_ALTERAR_FONTE_RECURSO_CREDITO_ADICIONAL</FUNCTION>
	</ACTION>
	<ACTION SCREEN_CMD="EXCLUIR_FONTE_RECURSO_CREDITO_ADICIONAL">
		<SERVICE>FonteRecursoCreditoAdicionalManager</SERVICE>
		<FUNCTION>SUB_EXCLUIR_FONTE_RECURSO_CREDITO_ADICIONAL</FUNCTION>
	</ACTION>
	<!-- End Fonte Recurso Crédito Adicional -->	
				
  	<!-- TipoAlteracaoOrcamentariaManager -->
	<ACTION SCREEN_CMD="LIST_TIPO_ALTERACAO_ORCAMENTARIA">
		<SERVICE>TipoAlteracaoOrcamentariaManager</SERVICE>
		<FUNCTION>SUB_LIST_TIPO_ALTERACAO_ORCAMENTARIA</FUNCTION>
	</ACTION>
	<!-- End TipoAlteracaoOrcamentariaManager -->  	
	
	<!-- NotaAnulaLibCreditoOrcManager -->
	<ACTION SCREEN_CMD="INCLUIR_NOTA_ANULACAO_LIBERACAO_CREDITO_ORCAMENTARIO">
		<SERVICE>NotaAnulaLibCreditoOrcManager</SERVICE>
		<FUNCTION>SUB_INCLUIR_NOTA_ANULACAO_LIBERACAO_CREDITO_ORCAMENTARIO</FUNCTION>
	</ACTION>
	<ACTION SCREEN_CMD="ALTERAR_NOTA_ANULACAO_LIBERACAO_CREDITO_ORCAMENTARIO">
		<SERVICE>NotaAnulaLibCreditoOrcManager</SERVICE>
		<FUNCTION>SUB_ALTERAR_NOTA_ANULACAO_LIBERACAO_CREDITO_ORCAMENTARIO</FUNCTION>
	</ACTION>
	<ACTION SCREEN_CMD="EXCLUIR_NOTA_ANULACAO_LIBERACAO_CREDITO_ORCAMENTARIO">
		<SERVICE>NotaAnulaLibCreditoOrcManager</SERVICE>
		<FUNCTION>SUB_EXCLUIR_NOTA_ANULACAO_LIBERACAO_CREDITO_ORCAMENTARIO</FUNCTION>
	</ACTION>
	<!-- End NotaAnulaLibCreditoOrcManager -->  	

	<!-- Recurso Crédito Adicional -->	
	<ACTION SCREEN_CMD="LIST_RECURSO_CREDITO_ADICIONAL">
		<SERVICE>RecursoCreditoAdicionalManager</SERVICE>
		<FUNCTION>SUB_LIST_RECURSO_CREDITO_ADICIONAL</FUNCTION>
	</ACTION>
	<!-- End Recurso Crédito Adicional -->	
	
	<!-- Cadastrar Publicidade -->
	<ACTION SCREEN_CMD="LIST_TIPO_MEIO_COMUNICACAO_PUBLICIDADE">
		<SERVICE>TipoMeioComunicacaoManager</SERVICE>
		<FUNCTION>SUB_LIST_TIPO_MEIO_COMUNICACAO_PUBLICIDADE</FUNCTION>
	</ACTION>
	<ACTION SCREEN_CMD="INCLUIR_PUBLICIDADE">
		<SERVICE>PublicidadeManager</SERVICE>
		<FUNCTION>SUB_INCLUIR_PUBLICIDADE</FUNCTION>
	</ACTION>
	<ACTION SCREEN_CMD="ALTERAR_PUBLICIDADE">
		<SERVICE>PublicidadeManager</SERVICE>
		<FUNCTION>SUB_ALTERAR_PUBLICIDADE</FUNCTION>
	</ACTION>
	<ACTION SCREEN_CMD="EXCLUIR_PUBLICIDADE">
		<SERVICE>PublicidadeManager</SERVICE>
		<FUNCTION>SUB_EXCLUIR_PUBLICIDADE</FUNCTION>
	</ACTION>
	<ACTION SCREEN_CMD="LIST_PUBLICIDADE">
		<SERVICE>PublicidadeManager</SERVICE>
		<FUNCTION>SUB_LIST_PUBLICIDADE</FUNCTION>
	</ACTION>
	
	<ACTION SCREEN_CMD="LIST_MENOR_DATA_PUBLICIDADE">
		<SERVICE>PublicidadeManager</SERVICE>
		<FUNCTION>SUB_LIST_MENOR_DATA_PUBLICIDADE</FUNCTION>
	</ACTION>
	<!-- End Cadastrar Publicidade -->
	
  	<!-- AlteracaoOrcamentariaManager -->
	<ACTION SCREEN_CMD="INCLUI_ALTERACAO_ORCAMENTARIA">
		<SERVICE>AlteracaoOrcamentariaManager</SERVICE>
		<FUNCTION>SUB_INCLUI_ALTERACAO_ORCAMENTARIA</FUNCTION>
	</ACTION>	
	<ACTION SCREEN_CMD="LIST_ALTERACAO_ORCAMENTARIA_V2">
		<SERVICE>AlteracaoOrcamentariaManager</SERVICE>
		<FUNCTION>SUB_LIST_ALTERACAO_ORCAMENTARIA_V2</FUNCTION>
	</ACTION>
	<ACTION SCREEN_CMD="ALTERA_ALTERACAO_ORCAMENTARIA">
		<SERVICE>AlteracaoOrcamentariaManager</SERVICE>
		<FUNCTION>SUB_ALTERA_ALTERACAO_ORCAMENTARIA</FUNCTION>
	</ACTION>	
	<ACTION SCREEN_CMD="REMOVE_ALTERACAO_ORCAMENTARIA">
		<SERVICE>AlteracaoOrcamentariaManager</SERVICE>
		<FUNCTION>SUB_REMOVE_ALTERACAO_ORCAMENTARIA</FUNCTION>
	</ACTION>		
	<ACTION SCREEN_CMD="LIST_ALTERACAO_ORCAMENTARIA">
		<SERVICE>AlteracaoOrcamentariaManager</SERVICE>
		<FUNCTION>SUB_LIST_ALTERACAO_ORCAMENTARIA</FUNCTION>
	</ACTION>
	<ACTION SCREEN_CMD="LIST_INDICADOR_USO_POR_COMPETENCIA">
		<SERVICE>IndicadorUsoManager</SERVICE>
		<FUNCTION>SUB_LIST_INDICADOR_USO_POR_COMPETENCIA</FUNCTION>
	</ACTION>
	<ACTION SCREEN_CMD="LIST_GRUPO_FONTE_RECURSO_POR_COMPETENCIA">
		<SERVICE>GrupoFontesRecursosManager</SERVICE>
		<FUNCTION>SUB_LIST_GRUPO_FONTE_RECURSO_POR_COMPETENCIA</FUNCTION>
	</ACTION>
	<ACTION SCREEN_CMD="LIST_ESPECIFICACAO_FONTE_RECURSO_POR_COMPETENCIA">
		<SERVICE>EspecificacaoFonteRecursoManager</SERVICE>
		<FUNCTION>SUB_LIST_ESPECIFICACAO_FONTE_RECURSO_POR_COMPETENCIA</FUNCTION>
	</ACTION>
	<ACTION SCREEN_CMD="LIST_CATEGORIA_ECONOMICA_POR_COMPETENCIA">
		<SERVICE>CategoriaEconomicaDespesaManager</SERVICE>
		<FUNCTION>SUB_LIST_CATEGORIA_ECONOMICA_POR_COMPETENCIA</FUNCTION>
	</ACTION>
	<ACTION SCREEN_CMD="LIST_GRUPO_NATUREZA_POR_COMPETENCIA">
		<SERVICE>GrupoNaturezaDespesaManager</SERVICE>
		<FUNCTION>SUB_LIST_GRUPO_NATUREZA_POR_COMPETENCIA</FUNCTION>
	</ACTION>
	<ACTION SCREEN_CMD="LIST_MODALIDADE_POR_COMPETENCIA">
		<SERVICE>ModalidadeAplicacaoManager</SERVICE>
		<FUNCTION>SUB_LIST_MODALIDADE_POR_COMPETENCIA</FUNCTION>
	</ACTION>
	<ACTION SCREEN_CMD="LIST_ELEMENTO_DESPESA_POR_COMPETENCIA">
		<SERVICE>ElementoDespesaManager</SERVICE>
		<FUNCTION>SUB_LIST_ELEMENTO_DESPESA_POR_COMPETENCIA</FUNCTION>
	</ACTION>
	<!-- End AlteracaoOrcamentariaManager -->  		

  	<!-- Cadastrar Texto Juridico Credito Adicional -->
	<ACTION SCREEN_CMD="EXCLUIR_TEXTO_JURIDICO">
		<SERVICE>TextoJuridicoManager</SERVICE>
		<FUNCTION>SUB_EXCLUIR_TEXTO_JURIDICO</FUNCTION>
	</ACTION>
	<ACTION SCREEN_CMD="EXCLUIR_FONTE_RECURSO_CREDITO_ADICIONAL_POR_TEXTOJURIDICO">
		<SERVICE>FonteRecursoCreditoAdicionalManager</SERVICE>
		<FUNCTION>SUB_EXCLUIR_FONTE_RECURSO_CREDITO_ADICIONAL_POR_TEXTOJURIDICO</FUNCTION>
	</ACTION>
	<!-- End Cadastrar Texto Juridico Credito Adicional -->  		

  	<!-- Tipo Periodo -->
	<ACTION SCREEN_CMD="LIST_TIPO_PERIODO_PRI">
		<SERVICE>TipoPeriodoManager</SERVICE>
		<FUNCTION>SUB_LIST_TIPO_PERIODO_PRI</FUNCTION>
	</ACTION>
	<!-- End Tipo Periodo -->  		
	
	<!-- Tipo Responsabilidade-->
	<ACTION SCREEN_CMD="LIST_TIPO_RESPONSABILIDADE">
		<SERVICE>TipoResponsabilidadeManager</SERVICE>
		<FUNCTION>SUB_LIST_TIPO_RESPONSABILIDADE</FUNCTION>
	</ACTION>
	<!-- End Tipo Responsabilidade -->  		

	<!-- Cadastrar Publicidade Relatorio Fiscal -->
	<ACTION SCREEN_CMD="INCLUIR_PUBLICIDADERELATFISCAL">
		<SERVICE>PublicidadeRelatorioFiscalManager</SERVICE>
		<FUNCTION>SUB_INCLUIR_PUBLICIDADERELATFISCAL</FUNCTION>
	</ACTION>
	<ACTION SCREEN_CMD="ALTERAR_PUBLICIDADERELATFISCAL">
		<SERVICE>PublicidadeRelatorioFiscalManager</SERVICE>
		<FUNCTION>SUB_ALTERAR_PUBLICIDADERELATFISCAL</FUNCTION>
	</ACTION>
	<ACTION SCREEN_CMD="EXCLUIR_PUBLICIDADERELATFISCAL">
		<SERVICE>PublicidadeRelatorioFiscalManager</SERVICE>
		<FUNCTION>SUB_EXCLUIR_PUBLICIDADERELATFISCAL</FUNCTION>
	</ACTION>
	<ACTION SCREEN_CMD="LIST_PODER_ORGAO_ID">
		<SERVICE>PoderOrgaoManager</SERVICE>
		<FUNCTION>SUB_LIST_PODER_ORGAO_ID</FUNCTION>
	</ACTION>	
	<ACTION SCREEN_CMD="LIST_TIPO_RELATORIO_FISCAL_ID">
		<SERVICE>TipoRelatorioFiscalManager</SERVICE>
		<FUNCTION>SUB_LIST_TIPO_RELATORIO_FISCAL_ID</FUNCTION>
	</ACTION>	
	
	<!-- End Cadastrar Publicidade Relatorio Fiscal -->
 
	<!-- Pedido Demonstrativo -->
	<ACTION SCREEN_CMD="GET_LIST_PEDIDO_DEMONSTRATIVO">
		<SERVICE>PedidoDemonstrativaManager</SERVICE>
		<FUNCTION>SUB_GET_LIST_PEDIDO_DEMONSTRATIVO</FUNCTION>
	</ACTION>
	<!-- End Pedido Demonstrativo -->
 
	<!-- RelatÃ³rio Resumido ExecuÃ§Ã£o OrÃ§amentÃ¡ria Principal -->
	<ACTION SCREEN_CMD="PRI_LIST_PUBLICIDADE_RELATORIO_FISCAL">
		<SERVICE>PublicidadeRelatorioFiscalManager</SERVICE>
		<FUNCTION>SUB_PRI_LIST_PUBLICIDADE_RELATORIO_FISCAL</FUNCTION>
	</ACTION>
	<!-- End RelatÃ³rio Resumido ExecuÃ§Ã£o OrÃ§amentÃ¡ria Principal -->
 
	<!-- Unidade Gestora -->
	<ACTION SCREEN_CMD="LIST_UNIDADE_GESTORA">
		<SERVICE>UnidadeGestoraManager</SERVICE>
		<FUNCTION>SUB_LIST_UNIDADE_GESTORA</FUNCTION>
	</ACTION>
	<!-- End Unidade Gestora -->
				
	<!-- Periodo Demonstrativo -->
	<ACTION SCREEN_CMD="LIST_PERIODO_DEMONSTRATIVO">
		<SERVICE>PeriodoDemonstrativoManager</SERVICE>
		<FUNCTION>SUB_LIST_PERIODO_DEMONSTRATIVO</FUNCTION>
	</ACTION>
	<!-- End Periodo Demonstrativo -->
				
	<!-- Composicao Demonstrativo -->
	<ACTION SCREEN_CMD="LIST_COMPOSICAO_DEMONSTRATIVO">
		<SERVICE>ComposicaoDemonstrativoManager</SERVICE>
		<FUNCTION>SUB_LIST_COMPOSICAO_DEMONSTRATIVO</FUNCTION>
	</ACTION>
	<!-- End Composicao Demonstrativo -->
				
	<!-- Tipo Competencia -->
	<ACTION SCREEN_CMD="GET_TIPO_COMPETENCIA">
		<SERVICE>TipoCompetenciaManager</SERVICE>
		<FUNCTION>SUB_GET_TIPO_COMPETENCIA</FUNCTION>
	</ACTION>
	<!-- End Tipo Competencia -->
	
	<!-- ResponsabilidadeFiscalManager -->
	<ACTION SCREEN_CMD="LIST_RESPONSABILIDADE_FISCAL">
		<SERVICE>ResponsabilidadeFiscalManager</SERVICE>
		<FUNCTION>SUB_LIST_RESPONSABILIDADE_FISCAL</FUNCTION>
	</ACTION>
	<ACTION SCREEN_CMD="INCLUIR_RESPONSABILIDADE_FISCAL">
		<SERVICE>ResponsabilidadeFiscalManager</SERVICE>
		<FUNCTION>SUB_INCLUIR_RESPONSABILIDADE_FISCAL</FUNCTION>
	</ACTION>
	<ACTION SCREEN_CMD="ALTERAR_RESPONSABILIDADE_FISCAL">
		<SERVICE>ResponsabilidadeFiscalManager</SERVICE>
		<FUNCTION>SUB_ALTERAR_RESPONSABILIDADE_FISCAL</FUNCTION>
	</ACTION>	
	<ACTION SCREEN_CMD="EXCLUIR_RESPONSABILIDADE_FISCAL">
		<SERVICE>ResponsabilidadeFiscalManager</SERVICE>
		<FUNCTION>SUB_EXCLUIR_RESPONSABILIDADE_FISCAL</FUNCTION>
	</ACTION>		
	<ACTION SCREEN_CMD="LIST_TIPO_RELATORIO_FISCAL_GESTAO_FISCAL">
		<SERVICE>TipoRelatorioFiscalManager</SERVICE>
		<FUNCTION>SUB_LIST_TIPO_RELATORIO_FISCAL_GESTAO_FISCAL</FUNCTION>
	</ACTION>		
	<!-- End ResponsabilidadeFiscalManager -->  		
	
	<!-- Componente Fiscal -->
	<ACTION SCREEN_CMD="INCLUIR_COMPONENTE_FISCAL">
		<SERVICE>ComponenteFiscalManager</SERVICE>
		<FUNCTION>SUB_INCLUIR_COMPONENTE_FISCAL</FUNCTION>
	</ACTION>
	<ACTION SCREEN_CMD="ALTERAR_COMPONENTE_FISCAL">
		<SERVICE>ComponenteFiscalManager</SERVICE>
		<FUNCTION>SUB_ALTERAR_COMPONENTE_FISCAL</FUNCTION>
	</ACTION>
	<ACTION SCREEN_CMD="EXCLUIR_COMPONENTE_FISCAL">
		<SERVICE>ComponenteFiscalManager</SERVICE>
		<FUNCTION>SUB_EXCLUIR_COMPONENTE_FISCAL</FUNCTION>
	</ACTION>
	<ACTION SCREEN_CMD="LIST_COMPONENTE_FISCAL_POR_PERIODO">
		<SERVICE>ComponenteFiscalManager</SERVICE>
		<FUNCTION>SUB_LIST_COMPONENTE_FISCAL_POR_PERIODO</FUNCTION>
	</ACTION>
	<ACTION SCREEN_CMD="LIST_COMPONENTE_FISCAL">
		<SERVICE>ComponenteFiscalManager</SERVICE>
		<FUNCTION>SUB_LIST_COMPONENTE_FISCAL</FUNCTION>
	</ACTION>
	<!-- End Componente Fiscal -->
	
	<!-- Importacao -->
	<!--
	<ACTION SCREEN_CMD="INICIA_IMPORTACAO">
		<SERVICE>ImportacaoManager</SERVICE>
		<FUNCTION>SUB_INICIA_IMPORTACAO</FUNCTION>
	</ACTION>
	<ACTION SCREEN_CMD="LIST_LOG">
		<SERVICE>LogManager</SERVICE>
		<FUNCTION>SUB_LIST_LOG</FUNCTION>
	</ACTION>
	-->
	<!-- End Importacao -->
	
	<!-- Exportacao -->
	<!--
	<ACTION SCREEN_CMD="INICIA_EXPORTACAO">
		<SERVICE>ExportacaoManager</SERVICE>
		<FUNCTION>SUB_INICIA_EXPORTACAO</FUNCTION>
	</ACTION>
	<ACTION SCREEN_CMD="LIST_LOG_EXPORTACAO">
		<SERVICE>LogManager</SERVICE>
		<FUNCTION>SUB_LIST_LOG_EXPORTACAO</FUNCTION>
	</ACTION>
	-->
	<!-- End Exportacao -->

	<!-- Exportacao VoltaCompetencia -->

		<ACTION SCREEN_CMD="INICIA_EXPORTACAO_VOLTA_COMPETENCIA">
			<SERVICE>VoltaCompetenciaExpManager</SERVICE>
			<FUNCTION>SUB_INICIA_EXPORTACAO_VOLTA_COMPETENCIA</FUNCTION>
		</ACTION>

	<!--End Exportacao VoltaCompetencia -->
	
	<!-- Remessa -->
	<ACTION SCREEN_CMD="INICIA_VALIDA_REGRA">
		<SERVICE>ValidaRegraManager</SERVICE>
		<FUNCTION>SUB_INICIA_VALIDA_REGRA</FUNCTION>
	</ACTION>
	<ACTION SCREEN_CMD="LIST_LOG_VALIDA_REGRA">
		<SERVICE>LogManager</SERVICE>
		<FUNCTION>SUB_LIST_LOG_VALIDA_REGRA</FUNCTION>
	</ACTION>
	<ACTION SCREEN_CMD="INICIA_REMESSA">
		<SERVICE>RemessaManager</SERVICE>
		<FUNCTION>SUB_INICIA_REMESSA</FUNCTION>
	</ACTION>
	<ACTION SCREEN_CMD="GERAR_PACOTE">
		<SERVICE>RemessaManager</SERVICE>
		<FUNCTION>SUB_GERAR_PACOTE</FUNCTION>
	</ACTION>
	<ACTION SCREEN_CMD="LIST_LOG_REMESSA">
		<SERVICE>LogManager</SERVICE>
		<FUNCTION>SUB_LIST_LOG_REMESSA</FUNCTION>
	</ACTION>
	
	<ACTION SCREEN_CMD="LIST_LOG_REMESSA_TIPO_ERRO">
		<SERVICE>LogManager</SERVICE>
		<FUNCTION>SUB_LIST_LOG_REMESSA_TIPO_ERRO</FUNCTION>
	</ACTION>


<!-- End Remessa -->
	
	<!-- Relatorio -->
	<ACTION SCREEN_CMD="VISUALIZAR_RELATORIO">
		<SERVICE>RelatorioManager</SERVICE>
		<FUNCTION>SUB_VISUALIZAR_RELATORIO</FUNCTION>
	</ACTION>
	
	<ACTION SCREEN_CMD="VISUALIZAR_RELATORIO_GENERICO">
		<SERVICE>RelatorioGenericoManager</SERVICE>
		<FUNCTION>SUB_VISUALIZAR_RELATORIO_GENERICO</FUNCTION>
	</ACTION>
	
	<!-- End Relatorio -->	
	
	<!-- Tipo AtualizaÃ§Ã£o -->
	<ACTION SCREEN_CMD="GET_TIPOATUALIZACAO_CHAVEUNICA">
		<SERVICE>TipoAtualizacaoManager</SERVICE>
		<FUNCTION>SUB_GET_TIPOATUALIZACAO_CHAVEUNICA</FUNCTION>
	</ACTION>
	<!-- End Tipo AtualizaÃ§Ã£o -->	
	
	<!-- MetaFisicaRealizadaManager -->
	<ACTION SCREEN_CMD="LIST_METAFISICAREALIZADA">
		<SERVICE>MetaFisicaRealizadaManager</SERVICE>
		<FUNCTION>SUB_LIST_METAFISICAREALIZADA</FUNCTION>
	</ACTION>	
	<ACTION SCREEN_CMD="INCLUIR_META_FISICA_REALIZADA">
		<SERVICE>MetaFisicaRealizadaManager</SERVICE>
		<FUNCTION>SUB_INCLUIR_META_FISICA_REALIZADA</FUNCTION>
	</ACTION>	
	<ACTION SCREEN_CMD="ALTERAR_META_FISICA_REALIZADA">
		<SERVICE>MetaFisicaRealizadaManager</SERVICE>
		<FUNCTION>SUB_ALTERAR_META_FISICA_REALIZADA</FUNCTION>
	</ACTION>	
	<ACTION SCREEN_CMD="REMOVER_META_FISICA_REALIZADA">
		<SERVICE>MetaFisicaRealizadaManager</SERVICE>
		<FUNCTION>SUB_REMOVER_META_FISICA_REALIZADA</FUNCTION>
	</ACTION>			
	<!-- End MetaFisicaRealizadaManager -->	
	
	<!-- ProgramaManager -->
	<ACTION SCREEN_CMD="LIST_PROG_META_FISICA_REALIZADA">
		<SERVICE>ProgramaManager</SERVICE>
		<FUNCTION>SUB_LIST_PROG_META_FISICA_REALIZADA</FUNCTION>
	</ACTION>
	<!-- End ProgramaManager -->
	
	<!-- AcaoPPAManager -->
	<ACTION SCREEN_CMD="LIST_ACAOPPA_META_FISICA_REALIZADA">
		<SERVICE>AcaoPPAManager</SERVICE>
		<FUNCTION>SUB_LIST_ACAOPPA_META_FISICA_REALIZADA</FUNCTION>
	</ACTION>
	<!-- End AcaoPPAManager -->	
	
	<!-- MetaFisicaAcaoManager -->
	<ACTION SCREEN_CMD="LIST_MFA_META_FISICA_REALIZADA">
		<SERVICE>MetaFisicaAcaoManager</SERVICE>
		<FUNCTION>SUB_LIST_MFA_META_FISICA_REALIZADA</FUNCTION>
	</ACTION>
	<!-- End MetaFisicaAcaoManager -->	

	<!-- Importacao -->
	<ACTION SCREEN_CMD="INICIA_IMPORTACAO">
		<SERVICE>ImportacaoManager</SERVICE>
		<FUNCTION>SUB_INICIA_IMPORTACAO</FUNCTION>
	</ACTION>
	<ACTION SCREEN_CMD="LIST_LOG">
		<SERVICE>LogManager</SERVICE>
		<FUNCTION>SUB_LIST_LOG</FUNCTION>
	</ACTION>
	
	<ACTION SCREEN_CMD="LIST_LOG_TIPO_ERRO">
		<SERVICE>LogManager</SERVICE>
		<FUNCTION>SUB_LIST_LOG_TIPO_ERRO</FUNCTION>
	</ACTION>

	<ACTION SCREEN_CMD="INICIA_IMPORTACAO">
		<SERVICE>ImportacaoManager</SERVICE>
		<FUNCTION>SUB_INICIA_IMPORTACAO</FUNCTION>
	</ACTION>
	<ACTION SCREEN_CMD="LIST_LOG">
		<SERVICE>ImportacaoManager</SERVICE>
		<FUNCTION>SUB_CARREGA_LOG</FUNCTION>
	</ACTION>	
	
	<!-- Gestao Fiscal -->
	<ACTION SCREEN_CMD="VERIFICA_EXIBICAO_MENU_RELATORIO_GESTAO_FISCAL">
		<SERVICE>MenuManager</SERVICE>
		<FUNCTION>SUB_VERIFICA_EXIBICAO_MENU_RELATORIO_GESTAO_FISCAL</FUNCTION>
	</ACTION>
	<ACTION SCREEN_CMD="VERIFICA_EXIBICAO_MENU_COMPONENTE_FISCAL">
		<SERVICE>MenuManager</SERVICE>
		<FUNCTION>SUB_VERIFICA_EXIBICAO_MENU_COMPONENTE_FISCAL</FUNCTION>
	</ACTION>
	<!-- End Gestao Fiscal -->
				
	<!-- Planejamento Orcamentario -->
	<ACTION SCREEN_CMD="VERIFICA_EXIBICAO_MENU_PARA_TIPO_ESFERA_MUNICIPAL">
		<SERVICE>MenuManager</SERVICE>
		<FUNCTION>SUB_VERIFICA_EXIBICAO_MENU_PARA_TIPO_ESFERA_MUNICIPAL</FUNCTION>
	</ACTION>
	<!-- End Planejamento Orcamentario -->

	<!-- Transmisao -->
	<ACTION SCREEN_CMD="TRANSMISSAO_START">
		<SERVICE>TransmissaoManager</SERVICE>
		<FUNCTION>SUB_TRANSMISSAO_START</FUNCTION>
	</ACTION>

	<ACTION SCREEN_CMD="TRANSMISSAO_VERIFY">
		<SERVICE>TransmissaoManager</SERVICE>
		<FUNCTION>SUB_TRANSMISSAO_VERIFY</FUNCTION>
	</ACTION>

	<ACTION SCREEN_CMD="TRANSMISSAO_KILL">
		<SERVICE>TransmissaoManager</SERVICE>
		<FUNCTION>SUB_TRANSMISSAO_KILL</FUNCTION>
	</ACTION>
	<!-- End Transmisao -->
	
	<!-- Exportacao -->
	<ACTION SCREEN_CMD="INICIA_EXPORTACAO">
		<SERVICE>ExportacaoManager</SERVICE>
		<FUNCTION>SUB_INICIA_EXPORTACAO</FUNCTION>
	</ACTION>
	<ACTION SCREEN_CMD="INICIA_LISTA_COMPETENCIA">
		<SERVICE>ExportacaoManager</SERVICE>
		<FUNCTION>SUB_LISTA_COMPETENCIA</FUNCTION>
	</ACTION>
	<ACTION SCREEN_CMD="LIST_LOG_EXPORTACAO">
		<SERVICE>LogManager</SERVICE>
		<FUNCTION>SUB_LIST_LOG_EXPORTACAO</FUNCTION>
	</ACTION>
	<!-- End Exportacao -->

	<!-- Remessa -->
	<ACTION SCREEN_CMD="INICIA_VALIDA_REGRA">
		<SERVICE>ValidaRegraManager</SERVICE>
		<FUNCTION>SUB_INICIA_VALIDA_REGRA</FUNCTION>
	</ACTION>
	<ACTION SCREEN_CMD="LIST_LOG_VALIDA_REGRA">
		<SERVICE>LogManager</SERVICE>
		<FUNCTION>SUB_LIST_LOG_VALIDA_REGRA</FUNCTION>
	</ACTION>
	<ACTION SCREEN_CMD="INICIA_REMESSA">
		<SERVICE>RemessaManager</SERVICE>
		<FUNCTION>SUB_INICIA_REMESSA</FUNCTION>
	</ACTION>
	<ACTION SCREEN_CMD="LIST_LOG_REMESSA">
		<SERVICE>LogManager</SERVICE>
		<FUNCTION>SUB_LIST_LOG_REMESSA</FUNCTION>
	</ACTION>
	<!-- End Remessa -->

	<!-- Apagar competência -->
	<ACTION SCREEN_CMD="APAGAR_COMPETENCIA_ATUAL">
		<SERVICE>ApagarCompetenciaManager</SERVICE>
		<FUNCTION>SUB_APAGAR_COMPETENCIA_ATUAL</FUNCTION>
	</ACTION>
	
	<ACTION SCREEN_CMD="CONTADOR_TABELAS">
		<SERVICE>ApagarCompetenciaManager</SERVICE>
		<FUNCTION>SUB_CONTADOR_TABELAS</FUNCTION>
	</ACTION>
	
	<!-- End Apagar competência -->


	<!-- Excluir Registro -->
	<ACTION SCREEN_CMD="MAP_RELACIONAMENTO_PPA">
		<SERVICE>IdPPAManager</SERVICE>
		<FUNCTION>SUB_MAP_RELACIONAMENTO_PPA</FUNCTION>
	</ACTION>
	<ACTION SCREEN_CMD="MAP_RELACIONAMENTO_PROGRAMA">
		<SERVICE>ProgramaManager</SERVICE>
		<FUNCTION>SUB_MAP_RELACIONAMENTO_PROGRAMA</FUNCTION>
	</ACTION>
	<ACTION SCREEN_CMD="MAP_RELACIONAMENTO_ACAOPPA">
		<SERVICE>AcaoPPAManager</SERVICE>
		<FUNCTION>SUB_MAP_RELACIONAMENTO_ACAOPPA</FUNCTION>
	</ACTION>
	<ACTION SCREEN_CMD="MAP_RELACIONAMENTO_METAFISICAACAO">
		<SERVICE>MetaFisicaAcaoManager</SERVICE>
		<FUNCTION>SUB_MAP_RELACIONAMENTO_METAFISICAACAO</FUNCTION>
	</ACTION>
	
	<ACTION SCREEN_CMD="MAP_RELACIONAMENTO_ORCAMENTO">
		<SERVICE>OrcamentoManager</SERVICE>
		<FUNCTION>SUB_MAP_RELACIONAMENTO_ORCAMENTO</FUNCTION>
	</ACTION>
	
	<ACTION SCREEN_CMD="MAP_RELACIONAMENTO_UNIDADEORCAMENTARIO">
		<SERVICE>UnidadeOrcamentariaManager</SERVICE>
		<FUNCTION>SUB_RELACIONAMENTO_UNIDADEORCAMENTARIA</FUNCTION>
	</ACTION>
	
	<ACTION SCREEN_CMD="MAP_RELACIONAMENTO_DOTACAO">
		<SERVICE>DotacaoManager</SERVICE>
		<FUNCTION>SUB_RELACIONAMENTO_DOTACAO</FUNCTION>
	</ACTION>
	
	<ACTION SCREEN_CMD="MAP_RELACIONAMENTO_LDO">
		<SERVICE>LeiDiretrizesOrcamentariaManager</SERVICE>
		<FUNCTION>SUB_MAP_RELACIONAMENTO_LDO</FUNCTION>
	</ACTION>
	
	<ACTION SCREEN_CMD="MAP_RELACIONAMENTO_ACAO_LDO">
		<SERVICE>AcaoLDOManager</SERVICE>
		<FUNCTION>SUB_MAP_RELACIONAMENTO_ACAO_LDO</FUNCTION>
	</ACTION>
	
	<ACTION SCREEN_CMD="MAP_RELACIONAMENTO_TEXTOJURIDICO">
		<SERVICE>TextoJuridicoExcluirManager</SERVICE>
		<FUNCTION>SUB_MAP_RELACIONAMENTO_TEXTOJURIDICO</FUNCTION>
	</ACTION>
	
	<ACTION SCREEN_CMD="MAP_RELACIONAMENTO_PROJETOATIVIDADE">
		<SERVICE>ProjetoAtividadeManager</SERVICE>
		<FUNCTION>SUB_RELACIONAMENTO_PROJETOATIVIDADE</FUNCTION>
	</ACTION>
	
	<ACTION SCREEN_CMD="MAP_RELACIONAMENTO_FONTE_RECURSO">
		<SERVICE>FonteRecursoManager</SERVICE>
		<FUNCTION>SUB_MAP_RELACIONAMENTO_FONTE_RECURSO</FUNCTION>
	</ACTION>
	
	<ACTION SCREEN_CMD="MAP_RELACIONAMENTO_NOTA_LIBERACAO">
		<SERVICE>NotaLiberacaoCreditoOrcamentarioManager</SERVICE>
		<FUNCTION>SUB_MAP_RELACIONAMENTO_NOTA_LIBERACAO</FUNCTION>
	</ACTION>

	<ACTION SCREEN_CMD="MAP_RELACIONAMENTO_RESPONSAVEL">
		<SERVICE>ResponsavelManager</SERVICE>
		<FUNCTION>SUB_MAP_RELACIONAMENTO_RESPONSAVEL</FUNCTION>
	</ACTION>
	
	<ACTION SCREEN_CMD="VISUALIZAR_RELATORIO_EXTRATO">
		<SERVICE>RelatorioGenericoManager</SERVICE>
		<FUNCTION>SUB_VISUALIZAR_RELATORIO_GENERICO</FUNCTION>
	</ACTION>
	<ACTION SCREEN_CMD="VISUALIZAR_RELATORIO_RESUMO">
		<SERVICE>RelatorioGenericoManager</SERVICE>
		<FUNCTION>SUB_VISUALIZAR_RELATORIO_GENERICO</FUNCTION>
	</ACTION>


	<!-- VERIFICAR EXIBICAO DO MENU DE TRANSMISSAO DEPEDENDO DO TIPO DE ESFERA PARA EMPRESA -->
	<ACTION SCREEN_CMD="VERIFICA_EXIBICAO_MENU_TRANSMISSAO_PARA_EMPRESA">
		<SERVICE>MenuManager</SERVICE>
		<FUNCTION>SUB_VERIFICA_EXIBICAO_MENU_TRANSMISSAO_PARA_EMPRESA</FUNCTION>
	</ACTION>	
	
<!-- BEGIN PacoteGerado -->	

	<ACTION SCREEN_CMD="LISTA_COMPETENCIA_ANTERIORES">
		<SERVICE>PacoteGeradoManager</SERVICE>
		<FUNCTION>SUB_LISTA_COMPETENCIA_ANTERIORES</FUNCTION>
	</ACTION>

<!-- END PacoteGerado -->

<!-- BEGIN shutDownCompact -->	
	
	<ACTION SCREEN_CMD="SHUTDOWNCOMPACT">
		<SERVICE>HsqldbManager</SERVICE>
		<FUNCTION>SUB_SHUTDOWNCOMPACT</FUNCTION>
	</ACTION>

<!-- END shutDownCompact -->
	
	<ACTION SCREEN_CMD="ULTIMO_PROGRAMA_POR_CODIGO_E_IDPPA">
		<SERVICE>ProgramaManager</SERVICE>
		<FUNCTION>SUB_ULTIMO_PROGRAMA_POR_CODIGO_E_IDPPA</FUNCTION>
	</ACTION>

	<ACTION SCREEN_CMD="ULTIMA_ACAOPPA_PORCODIGO_E_IDPROGRAMA">
		<SERVICE>AcaoPPAManager</SERVICE>
		<FUNCTION>SUB_ULTIMA_ACAOPPA_PORCODIGO_E_IDPROGRAMA</FUNCTION>
	</ACTION>
	<ACTION SCREEN_CMD="LIST_TIPO_DEDUCAO_RECEITA">
		<SERVICE>TipoDeducaoReceitaManager</SERVICE>
  		<FUNCTION>SUB_LIST_TIPO_DEDUCAO_RECEITA</FUNCTION>
	</ACTION>

	<ACTION SCREEN_CMD="VERIFICA_EXIBICAO_MENU_RESPONSAVEL_2009">
		<SERVICE>MenuManager</SERVICE>
		<FUNCTION>SUB_VERIFICA_EXIBICAO_MENU_RESPONSAVEL_2009</FUNCTION>
	</ACTION>	
	<ACTION SCREEN_CMD="LIST_NATUREZA_ARQUIVO_TEXTO">
		<SERVICE>NaturezaArquivoTextoManager</SERVICE>
		<FUNCTION>SUB_LIST_NATUREZA_ARQUIVO_TEXTO</FUNCTION>
	</ACTION>
	<ACTION SCREEN_CMD="VERIFICA_EXIBICAO_MENU_2016_RESP">
	    <SERVICE>MenuManager</SERVICE>
		<FUNCTION>SUB_VERIFICA_EXIBICAO_MENU_2016_RESP</FUNCTION>
	</ACTION>
	<ACTION SCREEN_CMD="GET_NATUREZA_ARQUIVO_TEXTO_BY_CODIGO">
		<SERVICE>NaturezaArquivoTextoManager</SERVICE>
		<FUNCTION>SUB_GET_NATUREZA_ARQUIVO_TEXTO_BY_CODIGO</FUNCTION>
	</ACTION>	

</ACTIONS>