<MAIN>  
	<APPLICATION NAME="INFORMES">
		<MENU_ITEMS>
			<MENU_ITEM NAME="MENU_RESPONSAVEL">
				<ID>MENU.RESPONSAVEL</ID>
				<INTERNAL_FRAME>br.gov.sc.tce.esfinge.desktop.application.generico.processoFuncional.responsavel.FrmConsultaResponsavel</INTERNAL_FRAME>
			</MENU_ITEM>
			<MENU_ITEM NAME="MENU_RESPONSAVEL_CONTROLE_INTERNO">
				<ID>MENU.RESPONSAVELCONTROLEINTERNO</ID>
				<INTERNAL_FRAME>br.gov.sc.tce.esfinge.desktop.application.processoFuncional.responsavelControleInterno.FrmConsultaRespControleInterno</INTERNAL_FRAME>
			</MENU_ITEM>
			<MENU_ITEM NAME="MENU_RESPONSAVEL_UNIDADE_GESTORA">
				<ID>MENU.RESPONSAVELUNIDADEGESTORA</ID>
				<INTERNAL_FRAME>br.gov.sc.tce.esfinge.desktop.application.processoFuncional.responsavelUnidadeGestora.FrmConsultaRespUnidadeGestora</INTERNAL_FRAME>
			</MENU_ITEM>
		</MENU_ITEMS>
	</APPLICATION>
	
	<APPLICATION NAME="CADASTROS_BASICO">
		<MENU_ITEMS>
			<MENU_ITEM NAME="MENU_CAD_TEXTO_LEGAL">
				<ID>MENU.CADTXTLEGAL</ID>
				<INTERNAL_FRAME>br.gov.sc.tce.esfinge.desktop.application.generico.textoJuridico.FrmTextoLegalPri</INTERNAL_FRAME>
			</MENU_ITEM>
		</MENU_ITEMS>
	</APPLICATION>
  	
	<APPLICATION NAME="GESTAOFISCAL">
		<MENU_ITEMS>
			<MENU_ITEM NAME="MENU_RELATORIO_RESUMIDO_EXECUCAO_ORCAMENTARIA">
				<ID>MENU.RELATORIO.RESUMIDO.EXECUCAO.ORCAMENTARIA</ID>
				<INTERNAL_FRAME>br.gov.sc.tce.esfinge.desktop.application.generico.gestaoFiscal.execucaoOrcamentaria.FrmRelatorioResumidoExecucaoOrcamentariaPri</INTERNAL_FRAME>
			</MENU_ITEM>
			<MENU_ITEM NAME="MENU_COMPONENTE_FISCAL">
				<ID>MENU.COMPONENTE.FISCAL</ID>
				<INTERNAL_FRAME>br.gov.sc.tce.esfinge.desktop.application.generico.gestaoFiscal.componenteFiscal.FrmComponenteFiscalPri</INTERNAL_FRAME>
			</MENU_ITEM>
			<MENU_ITEM NAME="MENU_RELATORIO_GESTAO_FISCAL">
				<ID>MENU.RELATORIO.GESTAO.FISCAL</ID>
				<INTERNAL_FRAME>br.gov.sc.tce.esfinge.desktop.application.generico.gestaoFiscal.relatorioGestaoFiscal.FrmRelatorioGestaoFiscal</INTERNAL_FRAME>
			</MENU_ITEM>				
		</MENU_ITEMS>
	</APPLICATION>
	 
	<APPLICATION NAME="ALTERACAO_ORCAMENTARIA">
		<MENU_ITEMS> 
			<MENU_ITEM NAME="MENU_CAD_ALTERACAO_ORCAMENTARIA">
				<ID>MENU.CADALTERACAOORCAMENTARIA</ID>
				<INTERNAL_FRAME>br.gov.sc.tce.esfinge.desktop.application.alteracaoOrcamentaria.FrmAlteracaoOrcamentariaPrincipal</INTERNAL_FRAME>
			</MENU_ITEM>
			<MENU_ITEM NAME="MENU_CAD_FONTE_RECURSO_CREDITO_ADICIONAL">
				<ID>MENU.CAD.FONTE.RECURSO.CREDITO.ADICIONAL</ID>
				<INTERNAL_FRAME>br.gov.sc.tce.esfinge.desktop.application.alteracaoOrcamentaria.fonteRecursoCreditoAdicional.FrmFonteRecursoCreditoAdicionalPri</INTERNAL_FRAME>
			</MENU_ITEM>
			<MENU_ITEM NAME="MENU_LIBERACAO_ANULACAO_CREDITO">
				<ID>MENU.LIBERACAO.ANULACAO.CREDITO</ID>
				<INTERNAL_FRAME>br.gov.sc.tce.esfinge.desktop.application.alteracaoOrcamentaria.notaLibAnulacaoCred.FrmNotaLibAnulacaoCredPri</INTERNAL_FRAME>
			</MENU_ITEM>
			
		</MENU_ITEMS>
		
	</APPLICATION>
	
	<APPLICATION NAME="PLANEJAMENTO_ORCAMENTARIO">
		<MENU_ITEMS>
			<MENU_ITEM NAME="MENU_CADPPA_PRI">
				<ID>MENU.CADPPA.PRI</ID>
				<INTERNAL_FRAME>br.gov.sc.tce.esfinge.desktop.application.ppa.ppaPri.FrmPPAPri</INTERNAL_FRAME>
		</MENU_ITEM>
			<MENU_ITEM NAME="MENU_ALTERACAO_LEGAL">
				<ID>MENU.CADPPA.PRI.ALT.LEGAL</ID>
				<INTERNAL_FRAME>br.gov.sc.tce.esfinge.desktop.application.ppa.ppaPri.FrmPPAAlteracaoLegal</INTERNAL_FRAME>
			</MENU_ITEM>
			
			<MENU_ITEM NAME="MENU_CAD_LDO">
				<ID>MENU.CADLDO.PRI</ID>
				<INTERNAL_FRAME>br.gov.sc.tce.esfinge.desktop.application.ldo.ldoPrincipal.FrmLDOPrincipal</INTERNAL_FRAME>
			</MENU_ITEM>

			<MENU_ITEM NAME="MENU_META_FISCAL">
				<ID>MENU.METAFISCAL.PRI</ID>
				<INTERNAL_FRAME>br.gov.sc.tce.esfinge.desktop.application.ldo.metaFiscal.FrmMetaFiscalPri</INTERNAL_FRAME>
			</MENU_ITEM>
			
			<MENU_ITEM NAME="MENU_ALIENACAO_BEM">
				<ID>MENU.ALIENACAOBEM.PRI</ID>
				<INTERNAL_FRAME>br.gov.sc.tce.esfinge.desktop.application.ldo.alienacaoBem.FrmAlienacaoBemPri</INTERNAL_FRAME>
			</MENU_ITEM>
			
			<MENU_ITEM NAME="MENU_APPALI_BEM">
				<ID>MENU.APPALIBEM.PRI</ID>
				<INTERNAL_FRAME>br.gov.sc.tce.esfinge.desktop.application.ldo.aplicacaoAlienacaoBem.FrmAppAlienacaoBemPri</INTERNAL_FRAME>
			</MENU_ITEM>
			<MENU_ITEM NAME="MENU_RENREC_AUMENTODESPESA">
				<ID>MENU.RENRECAUMDESP.PRI</ID>
				<INTERNAL_FRAME>br.gov.sc.tce.esfinge.desktop.application.ldo.renunciaReceitaAumentoDespesa.FrmRenunciaRecAumentoDespPri</INTERNAL_FRAME>
			</MENU_ITEM>
			
			<MENU_ITEM NAME="MENU_COMPENSACAO_RENUNCIA">
				<ID>MENU.COMPREN.PRI</ID>
				<INTERNAL_FRAME>br.gov.sc.tce.esfinge.desktop.application.ldo.compensacaoRenuncia.FrmCompRenunciaPri</INTERNAL_FRAME>
			</MENU_ITEM>
			
			<MENU_ITEM NAME="MENU_PASSIVO_CONTINGENTE">
				<ID>MENU.PASSIVOCONTINGENTE.PRI</ID>
				<INTERNAL_FRAME>br.gov.sc.tce.esfinge.desktop.application.ldo.passivoContingente.FrmPassivoContingentePri</INTERNAL_FRAME>
			</MENU_ITEM>
			
			<MENU_ITEM NAME="MENU_PATRIMONIO_LIQUIDO">
				<ID>MENU.PATRIMONIOLIQUIDO.PRI</ID>
				<INTERNAL_FRAME>br.gov.sc.tce.esfinge.desktop.application.ldo.patrimonioLiquido.FrmPatrimonioLiquidoPri</INTERNAL_FRAME>
			</MENU_ITEM>

			<MENU_ITEM NAME="MENU_INCLUSAO_SOCIAL">
				<ID>MENU.INCLUSAOSOCIAL.PRI</ID>
				<INTERNAL_FRAME>br.gov.sc.tce.esfinge.desktop.application.ldo.inclusaoSocial.FrmInclusaoSocialPri</INTERNAL_FRAME>
			</MENU_ITEM>
			
			<MENU_ITEM NAME="MENU_PERCPART_PODERES">
				<ID>MENU.PERCPARTPODERES.PRI</ID>
				<INTERNAL_FRAME>br.gov.sc.tce.esfinge.desktop.application.ldo.percentualParticipacaoPoderes.FrmPercPartPoderesPri</INTERNAL_FRAME>
			</MENU_ITEM>
			
			<MENU_ITEM NAME="MENU_CADASTRO_ORCAMENTO">
				<ID>MENU.CADASTRAR.ORCAMENTO</ID>
				<INTERNAL_FRAME>br.gov.sc.tce.esfinge.desktop.application.loa.orcamentoPrincipal.FrmOrcamentoPri</INTERNAL_FRAME>
			</MENU_ITEM>
			
			<MENU_ITEM NAME="MENU_PREVISAO_RECEITA">
				<ID>MENU.CADASTRAR.PREVISAO.RECEITA</ID>
				<INTERNAL_FRAME>br.gov.sc.tce.esfinge.desktop.application.loa.previsaoReceita.FrmPrevisaoReceitaPri</INTERNAL_FRAME>
			</MENU_ITEM>
			
			<MENU_ITEM NAME="MENU_CADMETAFISICAREALIZADA_PRI">
				<ID>MENU.CADMETAFISICAREALIZADA.PRI</ID>
				<INTERNAL_FRAME>br.gov.sc.tce.esfinge.desktop.application.ppa.metaFisicaRealizada.FrmMetaFisicaRealizadaPri</INTERNAL_FRAME>
    		</MENU_ITEM>					
			
		</MENU_ITEMS>
	</APPLICATION>

 	<APPLICATION NAME="RELATORIOS">
		<MENU_ITEMS>
			<MENU_ITEM NAME="MENU_RELATORIO">
				<ID>MENU.RELATORIO</ID>
				<INTERNAL_FRAME>br.gov.sc.tce.esfinge.desktop.application.generico.relatorio.FrmRelatorioPri</INTERNAL_FRAME>
			</MENU_ITEM>
		</MENU_ITEMS>
	</APPLICATION>	
	
	<APPLICATION NAME="IMPORTACAO">
		<MENU_ITEMS>
			<!--
			<MENU_ITEM NAME="MENU_IMPORTACAO">
				<ID>MENU.IMPORTACAO</ID>
				<INTERNAL_FRAME>br.gov.sc.tce.esfinge.desktop.application.generico.importacao.FrmImportacao</INTERNAL_FRAME>
			</MENU_ITEM>
			<MENU_ITEM NAME="MENU_IMPORTACAO2">
				<ID>MENU.IMPORTACAO2</ID>
				<INTERNAL_FRAME>br.gov.sc.tce.esfinge.desktop.application.generico.importacao.FrmImportacaoPrincipal</INTERNAL_FRAME>
			</MENU_ITEM>
			<MENU_ITEM NAME="MENU_IMPORTACAO3">
				<ID>MENU.IMPORTACAO3</ID>
				<INTERNAL_FRAME>br.gov.sc.tce.esfinge.desktop.application.generico.importacao.FrmLogImpExp</INTERNAL_FRAME>
			</MENU_ITEM>
			-->
			<MENU_ITEM NAME="MENU_IMPORTACAO">
				<ID>MENU.IMPORTACAO</ID>
				<INTERNAL_FRAME>br.gov.sc.tce.esfinge.desktop.application.generico.importacao.FrmImportacaoPrincipal</INTERNAL_FRAME>
			</MENU_ITEM>
			<MENU_ITEM NAME="MENU_IMPORTACAO2">
				<ID>MENU.IMPORTACAO2</ID>
				<INTERNAL_FRAME>br.gov.sc.tce.esfinge.desktop.application.generico.importacao.FrmLogImpExp</INTERNAL_FRAME>
			</MENU_ITEM>
		</MENU_ITEMS>
	</APPLICATION>	
	
</MAIN>