<RELATORIOS>

	<CATEGORIA NOME="Informes">
	
		<RELATORIO ANO="2005, 2006" DESCRICAO="Responsável">
			<BOCLASS CLASS="br.gov.sc.tce.esfinge.model.application.relatorio.RelatorioResponsavelBO"/>
			<TIPOAPLICACAO CODIGO="1" DESCRICAO="UG COMUM" VALIDACAO=""/>
			<TIPOAPLICACAO CODIGO="2" DESCRICAO="CAMARA MUNICIPAL" VALIDACAO=""/>
			<TIPOAPLICACAO CODIGO="3" DESCRICAO="UG ESTADUAL" VALIDACAO=""/>
			<TIPOAPLICACAO CODIGO="4" DESCRICAO="UNIDADES REPRESENTANTES DO PODER ORGAO" VALIDACAO=""/>
			<TIPOAPLICACAO CODIGO="5" DESCRICAO="CI MUNICIPAL" VALIDACAO=""/>
			<TIPOAPLICACAO CODIGO="6" DESCRICAO="CI ESTADUAL" VALIDACAO=""/>
			<TIPOAPLICACAO CODIGO="7" DESCRICAO="EMPRESAS DEPENDENTES" VALIDACAO=""/>
			<TIPOAPLICACAO CODIGO="8" DESCRICAO="EMPRESAS INDEPENDENTES" VALIDACAO=""/>
			<TIPOAPLICACAO CODIGO="101" DESCRICAO="DEVELOPMENT - CI" VALIDACAO=""/>
			<TIPOAPLICACAO CODIGO="20" DESCRICAO="CONSORCIO PLANEJAMENTO" VALIDACAO=""/>  
		</RELATORIO>		

		<RELATORIO ANO="2005, 2006" DESCRICAO="Responsável Controle Interno">
			<BOCLASS CLASS="br.gov.sc.tce.esfinge.model.application.relatorio.RelatorioResponsavelControleInternoBO"/>
			<TIPOAPLICACAO CODIGO="4" DESCRICAO="UNIDADES REPRESENTANTES DO PODER ORGAO" VALIDACAO=""/>
			<TIPOAPLICACAO CODIGO="5" DESCRICAO="CI MUNICIPAL" VALIDACAO=""/>
			<TIPOAPLICACAO CODIGO="6" DESCRICAO="CI ESTADUAL" VALIDACAO=""/>
			<TIPOAPLICACAO CODIGO="101" DESCRICAO="DEVELOPMENT - CI" VALIDACAO=""/>
			<TIPOAPLICACAO CODIGO="20" DESCRICAO="CONSORCIO PLANEJAMENTO" VALIDACAO=""/>  
		</RELATORIO>		

		<RELATORIO ANO="2005, 2006" DESCRICAO="Responsável Unidade Gestora">
			<BOCLASS CLASS="br.gov.sc.tce.esfinge.model.application.relatorio.RelatorioResponsavelUnidadeGestoraBO"/>
			<TIPOAPLICACAO CODIGO="4" DESCRICAO="UNIDADES REPRESENTANTES DO PODER ORGAO" VALIDACAO=""/>
			<TIPOAPLICACAO CODIGO="5" DESCRICAO="CI MUNICIPAL" VALIDACAO=""/>
			<TIPOAPLICACAO CODIGO="6" DESCRICAO="CI ESTADUAL" VALIDACAO=""/>
			<TIPOAPLICACAO CODIGO="101" DESCRICAO="DEVELOPMENT - CI" VALIDACAO=""/>
			<TIPOAPLICACAO CODIGO="20" DESCRICAO="CONSORCIO PLANEJAMENTO" VALIDACAO=""/>  
		</RELATORIO>
		
	</CATEGORIA>

	<CATEGORIA NOME="Cadastros Básicos">
	
		<RELATORIO ANO="2005, 2006" DESCRICAO="Texto Jurídico">
			<BOCLASS CLASS="br.gov.sc.tce.esfinge.model.application.relatorio.RelatorioTextoJuridicoBO"/>
			<TIPOAPLICACAO CODIGO="1" DESCRICAO="UG COMUM" VALIDACAO=""/>
			<TIPOAPLICACAO CODIGO="2" DESCRICAO="CAMARA MUNICIPAL" VALIDACAO=""/>
			<TIPOAPLICACAO CODIGO="3" DESCRICAO="UG ESTADUAL" VALIDACAO=""/>
			<TIPOAPLICACAO CODIGO="4" DESCRICAO="UNIDADES REPRESENTANTES DO PODER ORGAO" VALIDACAO=""/>
			<TIPOAPLICACAO CODIGO="5" DESCRICAO="CI MUNICIPAL" VALIDACAO=""/>
			<TIPOAPLICACAO CODIGO="6" DESCRICAO="CI ESTADUAL" VALIDACAO=""/>
			<TIPOAPLICACAO CODIGO="7" DESCRICAO="EMPRESAS DEPENDENTES" VALIDACAO=""/>
			<TIPOAPLICACAO CODIGO="8" DESCRICAO="EMPRESAS INDEPENDENTES" VALIDACAO=""/>
			<TIPOAPLICACAO CODIGO="101" DESCRICAO="DEVELOPMENT - CI" VALIDACAO=""/>
			<TIPOAPLICACAO CODIGO="20" DESCRICAO="CONSORCIO PLANEJAMENTO" VALIDACAO=""/> 
		</RELATORIO>		
		
		<RELATORIO ANO="2005, 2006" DESCRICAO="Publicidade">
			<BOCLASS CLASS="br.gov.sc.tce.esfinge.model.application.relatorio.RelatorioPublicidadeBO"/>
			<TIPOAPLICACAO CODIGO="1" DESCRICAO="UG COMUM" VALIDACAO=""/>
			<TIPOAPLICACAO CODIGO="2" DESCRICAO="CAMARA MUNICIPAL" VALIDACAO=""/>
			<TIPOAPLICACAO CODIGO="3" DESCRICAO="UG ESTADUAL" VALIDACAO=""/>
			<TIPOAPLICACAO CODIGO="4" DESCRICAO="UNIDADES REPRESENTANTES DO PODER ORGAO" VALIDACAO=""/>
			<TIPOAPLICACAO CODIGO="5" DESCRICAO="CI MUNICIPAL" VALIDACAO=""/>
			<TIPOAPLICACAO CODIGO="6" DESCRICAO="CI ESTADUAL" VALIDACAO=""/>
			<TIPOAPLICACAO CODIGO="7" DESCRICAO="EMPRESAS DEPENDENTES" VALIDACAO=""/>
			<TIPOAPLICACAO CODIGO="8" DESCRICAO="EMPRESAS INDEPENDENTES" VALIDACAO=""/>
			<TIPOAPLICACAO CODIGO="101" DESCRICAO="DEVELOPMENT - CI" VALIDACAO=""/>		
			<TIPOAPLICACAO CODIGO="20" DESCRICAO="CONSORCIO PLANEJAMENTO" VALIDACAO=""/> 	
		</RELATORIO>		
		
		<RELATORIO ANO="2005, 2006" DESCRICAO="Arquivo Texto">
			<BOCLASS CLASS="br.gov.sc.tce.esfinge.model.application.relatorio.RelatorioArquivoTextoBO"/>
			<TIPOAPLICACAO CODIGO="1" DESCRICAO="UG COMUM" VALIDACAO=""/>
			<TIPOAPLICACAO CODIGO="2" DESCRICAO="CAMARA MUNICIPAL" VALIDACAO=""/>
			<TIPOAPLICACAO CODIGO="3" DESCRICAO="UG ESTADUAL" VALIDACAO=""/>
			<TIPOAPLICACAO CODIGO="4" DESCRICAO="UNIDADES REPRESENTANTES DO PODER ORGAO" VALIDACAO=""/>
			<TIPOAPLICACAO CODIGO="5" DESCRICAO="CI MUNICIPAL" VALIDACAO=""/>
			<TIPOAPLICACAO CODIGO="6" DESCRICAO="CI ESTADUAL" VALIDACAO=""/>
			<TIPOAPLICACAO CODIGO="7" DESCRICAO="EMPRESAS DEPENDENTES" VALIDACAO=""/>
			<TIPOAPLICACAO CODIGO="8" DESCRICAO="EMPRESAS INDEPENDENTES" VALIDACAO=""/>
			<TIPOAPLICACAO CODIGO="101" DESCRICAO="DEVELOPMENT - CI" VALIDACAO=""/>
			<TIPOAPLICACAO CODIGO="20" DESCRICAO="CONSORCIO PLANEJAMENTO" VALIDACAO=""/> 			
		</RELATORIO>
		
	</CATEGORIA>

	<CATEGORIA NOME="Gestão Fiscal">
	
		<RELATORIO ANO="2005, 2006" DESCRICAO="Publicidade Relatório Fiscal">
			<BOCLASS CLASS="br.gov.sc.tce.esfinge.model.application.relatorio.RelatorioPublicidadeFiscalBO"/>
			<TIPOAPLICACAO CODIGO="2" DESCRICAO="CAMARA MUNICIPAL" VALIDACAO=""/>
			<TIPOAPLICACAO CODIGO="5" DESCRICAO="CI MUNICIPAL" VALIDACAO=""/>
			<TIPOAPLICACAO CODIGO="6" DESCRICAO="CI ESTADUAL" VALIDACAO=""/>
			<TIPOAPLICACAO CODIGO="101" DESCRICAO="DEVELOPMENT - CI" VALIDACAO=""/>			
		</RELATORIO>

		<RELATORIO ANO="2005, 2006" DESCRICAO="Responsabilidade Fiscal">
			<BOCLASS CLASS="br.gov.sc.tce.esfinge.model.application.relatorio.RelatorioResponsabilidadeFiscalBO"/>
			<TIPOAPLICACAO CODIGO="2" DESCRICAO="CAMARA MUNICIPAL" VALIDACAO=""/>
			<TIPOAPLICACAO CODIGO="5" DESCRICAO="CI MUNICIPAL" VALIDACAO=""/>
			<TIPOAPLICACAO CODIGO="6" DESCRICAO="CI ESTADUAL" VALIDACAO=""/>
			<TIPOAPLICACAO CODIGO="101" DESCRICAO="DEVELOPMENT - CI" VALIDACAO=""/>			
		</RELATORIO>
		
		<RELATORIO ANO="2005, 2006" DESCRICAO="Componente Fiscal">
			<BOCLASS CLASS="br.gov.sc.tce.esfinge.model.application.relatorio.RelatorioComponenteFiscalBO"/>
			<TIPOAPLICACAO CODIGO="2" DESCRICAO="CAMARA MUNICIPAL" VALIDACAO=""/>
			<TIPOAPLICACAO CODIGO="4" DESCRICAO="UNIDADES REPRESENTANTES DO PODER ORGAO" VALIDACAO=""/>
			<TIPOAPLICACAO CODIGO="5" DESCRICAO="CI MUNICIPAL" VALIDACAO=""/>
			<TIPOAPLICACAO CODIGO="6" DESCRICAO="CI ESTADUAL" VALIDACAO=""/>
			<TIPOAPLICACAO CODIGO="101" DESCRICAO="DEVELOPMENT - CI" VALIDACAO=""/>
		</RELATORIO>
		
	</CATEGORIA>

	<CATEGORIA NOME="Alteração Orçamentária">
	
		<RELATORIO ANO="2005, 2006" DESCRICAO="Alteração Orçamentária">
			<BOCLASS CLASS="br.gov.sc.tce.esfinge.model.application.relatorio.RelatorioAlteracaoOrcamentariaBO"/>
			<TIPOAPLICACAO CODIGO="5" DESCRICAO="CI MUNICIPAL" VALIDACAO=""/>
			<TIPOAPLICACAO CODIGO="6" DESCRICAO="CI ESTADUAL" VALIDACAO=""/>
			<TIPOAPLICACAO CODIGO="101" DESCRICAO="DEVELOPMENT - CI" VALIDACAO=""/>
			<TIPOAPLICACAO CODIGO="20" DESCRICAO="CONSORCIO PLANEJAMENTO" VALIDACAO=""/> 
		</RELATORIO>
		
		<RELATORIO ANO="2005, 2006" DESCRICAO="Fonte Recursos Crédito Adicional">
			<BOCLASS CLASS="br.gov.sc.tce.esfinge.model.application.relatorio.RelatorioFonteRecursosCreditoAdicionalBO"/>
			<TIPOAPLICACAO CODIGO="5" DESCRICAO="CI MUNICIPAL" VALIDACAO=""/>
			<TIPOAPLICACAO CODIGO="6" DESCRICAO="CI ESTADUAL" VALIDACAO=""/>
			<TIPOAPLICACAO CODIGO="101" DESCRICAO="DEVELOPMENT - CI" VALIDACAO=""/>
			<TIPOAPLICACAO CODIGO="20" DESCRICAO="CONSORCIO PLANEJAMENTO" VALIDACAO=""/> 
		</RELATORIO>
		
		<RELATORIO ANO="2005, 2006" DESCRICAO="Nota Liberação Credito Orçamentário">
			<BOCLASS CLASS="br.gov.sc.tce.esfinge.model.application.relatorio.RelatorioNotaLibCreditoOrcBO"/>
			<TIPOAPLICACAO CODIGO="5" DESCRICAO="CI MUNICIPAL" VALIDACAO=""/>
			<TIPOAPLICACAO CODIGO="6" DESCRICAO="CI ESTADUAL" VALIDACAO=""/>
			<TIPOAPLICACAO CODIGO="101" DESCRICAO="DEVELOPMENT - CI" VALIDACAO=""/>			
		</RELATORIO>
		
		<RELATORIO ANO="2005, 2006" DESCRICAO="Nota Anulação Liberação Crédito Orçamentário">
			<BOCLASS CLASS="br.gov.sc.tce.esfinge.model.application.relatorio.RelatorioNotaAnulacaoLiberacaoCreditoOrcamentarioBO"/>
			<TIPOAPLICACAO CODIGO="5" DESCRICAO="CI MUNICIPAL" VALIDACAO="VALIDA_RELATORIO_NOTA_ANULA_LIBERA_CRED_ORC"/>
			<TIPOAPLICACAO CODIGO="6" DESCRICAO="CI ESTADUAL" VALIDACAO="VALIDA_RELATORIO_NOTA_ANULA_LIBERA_CRED_ORC"/>
			<TIPOAPLICACAO CODIGO="101" DESCRICAO="DEVELOPMENT - CI" VALIDACAO="VALIDA_RELATORIO_NOTA_ANULA_LIBERA_CRED_ORC"/>
		</RELATORIO>		
		
	</CATEGORIA>

	<CATEGORIA NOME="PPA">
	
		<RELATORIO ANO="2005, 2006" DESCRICAO="Plano Pluri Anual">
			<BOCLASS CLASS="br.gov.sc.tce.esfinge.model.application.relatorio.RelatorioPlanoPluriAnualBO"/>
			<TIPOAPLICACAO CODIGO="5" DESCRICAO="CI MUNICIPAL" VALIDACAO=""/>
			<TIPOAPLICACAO CODIGO="6" DESCRICAO="CI ESTADUAL" VALIDACAO=""/>
			<TIPOAPLICACAO CODIGO="101" DESCRICAO="DEVELOPMENT - CI" VALIDACAO=""/>
		</RELATORIO>

		<RELATORIO ANO="2005, 2006" DESCRICAO="Programas">
			<BOCLASS CLASS="br.gov.sc.tce.esfinge.model.application.relatorio.RelatorioProgramaBO"/>
			<TIPOAPLICACAO CODIGO="5" DESCRICAO="CI MUNICIPAL" VALIDACAO=""/>
			<TIPOAPLICACAO CODIGO="6" DESCRICAO="CI ESTADUAL" VALIDACAO=""/>
			<TIPOAPLICACAO CODIGO="101" DESCRICAO="DEVELOPMENT - CI" VALIDACAO=""/>
		</RELATORIO>
		
		<RELATORIO ANO="2005, 2006" DESCRICAO="Ação Plano Pluri Anual">
			<BOCLASS CLASS="br.gov.sc.tce.esfinge.model.application.relatorio.RelatorioAcaoPPABO"/>
			<TIPOAPLICACAO CODIGO="5" DESCRICAO="CI MUNICIPAL" VALIDACAO=""/>
			<TIPOAPLICACAO CODIGO="6" DESCRICAO="CI ESTADUAL" VALIDACAO=""/>
			<TIPOAPLICACAO CODIGO="101" DESCRICAO="DEVELOPMENT - CI" VALIDACAO=""/>
		</RELATORIO>
		
		<RELATORIO ANO="2005, 2006" DESCRICAO="Meta Física Ação">
			<BOCLASS CLASS="br.gov.sc.tce.esfinge.model.application.relatorio.RelatorioMetaFisicaAcaoBO"/>
			<TIPOAPLICACAO CODIGO="5" DESCRICAO="CI MUNICIPAL" VALIDACAO=""/>
			<TIPOAPLICACAO CODIGO="6" DESCRICAO="CI ESTADUAL" VALIDACAO=""/>
			<TIPOAPLICACAO CODIGO="101" DESCRICAO="DEVELOPMENT - CI" VALIDACAO=""/>
		</RELATORIO>

		<RELATORIO ANO="2005, 2006" DESCRICAO="Meta Física Realizada">
			<BOCLASS CLASS="br.gov.sc.tce.esfinge.model.application.relatorio.RelatorioMetaFisicaRealizadaBO"/>
			<TIPOAPLICACAO CODIGO="5" DESCRICAO="CI MUNICIPAL" VALIDACAO=""/>
			<TIPOAPLICACAO CODIGO="6" DESCRICAO="CI ESTADUAL" VALIDACAO=""/>
			<TIPOAPLICACAO CODIGO="101" DESCRICAO="DEVELOPMENT - CI" VALIDACAO=""/>			
		</RELATORIO>
		
	</CATEGORIA>
	
	<CATEGORIA NOME="LDO">
 	
		<RELATORIO ANO="2005, 2006" DESCRICAO="Lei Diretrizes Orçamentária">
			<BOCLASS CLASS="br.gov.sc.tce.esfinge.model.application.relatorio.RelatorioLeiDiretrizesOrcamentariaBO"/>
			<TIPOAPLICACAO CODIGO="5" DESCRICAO="CI MUNICIPAL" VALIDACAO=""/>
			<TIPOAPLICACAO CODIGO="6" DESCRICAO="CI ESTADUAL" VALIDACAO=""/>
			<TIPOAPLICACAO CODIGO="101" DESCRICAO="DEVELOPMENT - CI" VALIDACAO=""/>
		</RELATORIO>

		<RELATORIO ANO="2005, 2006" DESCRICAO="Ação Lei Diretriz Orçamentária">
			<BOCLASS CLASS="br.gov.sc.tce.esfinge.model.application.relatorio.RelatorioAcaoLDOBO"/>
			<TIPOAPLICACAO CODIGO="5" DESCRICAO="CI MUNICIPAL" VALIDACAO=""/>
			<TIPOAPLICACAO CODIGO="6" DESCRICAO="CI ESTADUAL" VALIDACAO=""/>
			<TIPOAPLICACAO CODIGO="101" DESCRICAO="DEVELOPMENT - CI" VALIDACAO=""/>
		</RELATORIO>

		<RELATORIO ANO="2005, 2006" DESCRICAO="Meta Prioridade">
			<BOCLASS CLASS="br.gov.sc.tce.esfinge.model.application.relatorio.RelatorioMetaPrioridadeBO"/>
			<TIPOAPLICACAO CODIGO="5" DESCRICAO="CI MUNICIPAL" VALIDACAO=""/>
			<TIPOAPLICACAO CODIGO="6" DESCRICAO="CI ESTADUAL" VALIDACAO=""/>
			<TIPOAPLICACAO CODIGO="101" DESCRICAO="DEVELOPMENT - CI" VALIDACAO=""/>
		</RELATORIO>

		<RELATORIO ANO="2005, 2006" DESCRICAO="Meta Fiscal">
			<BOCLASS CLASS="br.gov.sc.tce.esfinge.model.application.relatorio.RelatorioMetaFiscalBO"/>
			<TIPOAPLICACAO CODIGO="5" DESCRICAO="CI MUNICIPAL" VALIDACAO=""/>
			<TIPOAPLICACAO CODIGO="6" DESCRICAO="CI ESTADUAL" VALIDACAO=""/>
			<TIPOAPLICACAO CODIGO="101" DESCRICAO="DEVELOPMENT - CI" VALIDACAO=""/>
		</RELATORIO>

		<RELATORIO ANO="2005, 2006" DESCRICAO="Alienação Bem">
			<BOCLASS CLASS="br.gov.sc.tce.esfinge.model.application.relatorio.RelatorioAlienacaoBemBO"/>
			<TIPOAPLICACAO CODIGO="5" DESCRICAO="CI MUNICIPAL" VALIDACAO=""/>
			<TIPOAPLICACAO CODIGO="6" DESCRICAO="CI ESTADUAL" VALIDACAO=""/>
			<TIPOAPLICACAO CODIGO="101" DESCRICAO="DEVELOPMENT - CI" VALIDACAO=""/>
		</RELATORIO>

		<RELATORIO ANO="2005, 2006" DESCRICAO="Aplicação Alienação de Bens">
			<BOCLASS CLASS="br.gov.sc.tce.esfinge.model.application.relatorio.RelatorioAplicacaoAlienacaoBemBO"/>
			<TIPOAPLICACAO CODIGO="5" DESCRICAO="CI MUNICIPAL" VALIDACAO=""/>
			<TIPOAPLICACAO CODIGO="6" DESCRICAO="CI ESTADUAL" VALIDACAO=""/>
			<TIPOAPLICACAO CODIGO="101" DESCRICAO="DEVELOPMENT - CI" VALIDACAO=""/>
		</RELATORIO>				

		<RELATORIO ANO="2005, 2006" DESCRICAO="Renuncia Receita Aumento Despesa">
			<BOCLASS CLASS="br.gov.sc.tce.esfinge.model.application.relatorio.RelatorioRenunciaReceitaAumentoDespesaBO"/>
			<TIPOAPLICACAO CODIGO="5" DESCRICAO="CI MUNICIPAL" VALIDACAO=""/>
			<TIPOAPLICACAO CODIGO="6" DESCRICAO="CI ESTADUAL" VALIDACAO=""/>
			<TIPOAPLICACAO CODIGO="101" DESCRICAO="DEVELOPMENT - CI" VALIDACAO=""/>
		</RELATORIO>

		<RELATORIO ANO="2005, 2006" DESCRICAO="Compensação Renuncia">
			<BOCLASS CLASS="br.gov.sc.tce.esfinge.model.application.relatorio.RelatorioCompensacaoRenunciaBO"/>
			<TIPOAPLICACAO CODIGO="5" DESCRICAO="CI MUNICIPAL" VALIDACAO=""/>
			<TIPOAPLICACAO CODIGO="6" DESCRICAO="CI ESTADUAL" VALIDACAO=""/>
			<TIPOAPLICACAO CODIGO="101" DESCRICAO="DEVELOPMENT - CI" VALIDACAO=""/>
		</RELATORIO>		
		
		<RELATORIO ANO="2005, 2006" DESCRICAO="Passivo Contingente">
			<BOCLASS CLASS="br.gov.sc.tce.esfinge.model.application.relatorio.RelatorioPassivoContingenteBO"/>
			<TIPOAPLICACAO CODIGO="5" DESCRICAO="CI MUNICIPAL" VALIDACAO=""/>
			<TIPOAPLICACAO CODIGO="6" DESCRICAO="CI ESTADUAL" VALIDACAO=""/>
			<TIPOAPLICACAO CODIGO="101" DESCRICAO="DEVELOPMENT - CI" VALIDACAO=""/>
		</RELATORIO>
				
		<RELATORIO ANO="2005, 2006" DESCRICAO="Patrimonio Líquido">
			<BOCLASS CLASS="br.gov.sc.tce.esfinge.model.application.relatorio.RelatorioPatrimonioLiquidoBO"/>
			<TIPOAPLICACAO CODIGO="5" DESCRICAO="CI MUNICIPAL" VALIDACAO="VALIDA_RELATORIO_PATRIMONIO_LIQUIDO"/>
			<TIPOAPLICACAO CODIGO="6" DESCRICAO="CI ESTADUAL" VALIDACAO="VALIDA_RELATORIO_PATRIMONIO_LIQUIDO"/>
			<TIPOAPLICACAO CODIGO="101" DESCRICAO="DEVELOPMENT - CI" VALIDACAO="VALIDA_RELATORIO_PATRIMONIO_LIQUIDO"/>
		</RELATORIO>
		
		<RELATORIO ANO="2005, 2006" DESCRICAO="Inclusão Social">
			<BOCLASS CLASS="br.gov.sc.tce.esfinge.model.application.relatorio.RelatorioInclusaoSocialBO"/>
			<TIPOAPLICACAO CODIGO="5" DESCRICAO="CI MUNICIPAL" VALIDACAO=""/>
			<TIPOAPLICACAO CODIGO="6" DESCRICAO="CI ESTADUAL" VALIDACAO=""/>
			<TIPOAPLICACAO CODIGO="101" DESCRICAO="DEVELOPMENT - CI" VALIDACAO=""/>
		</RELATORIO>		
		
	</CATEGORIA>
	
	<CATEGORIA NOME="LOA">

		<RELATORIO ANO="2005, 2006" DESCRICAO="Orçamento">
			<BOCLASS CLASS="br.gov.sc.tce.esfinge.model.application.relatorio.RelatorioOrcamentoBO"/>
			<TIPOAPLICACAO CODIGO="5" DESCRICAO="CI MUNICIPAL" VALIDACAO=""/>
			<TIPOAPLICACAO CODIGO="6" DESCRICAO="CI ESTADUAL" VALIDACAO=""/>
			<TIPOAPLICACAO CODIGO="101" DESCRICAO="DEVELOPMENT - CI" VALIDACAO=""/>
			<TIPOAPLICACAO CODIGO="20" DESCRICAO="CONSORCIO PLANEJAMENTO" VALIDACAO=""/> 
		</RELATORIO>
		
		<RELATORIO ANO="2005, 2006" DESCRICAO="Projeto Atividade">
			<BOCLASS CLASS="br.gov.sc.tce.esfinge.model.application.relatorio.RelatorioProjetoAtividadeBO"/>
			<TIPOAPLICACAO CODIGO="5" DESCRICAO="CI MUNICIPAL" VALIDACAO=""/>
			<TIPOAPLICACAO CODIGO="6" DESCRICAO="CI ESTADUAL" VALIDACAO=""/>
			<TIPOAPLICACAO CODIGO="101" DESCRICAO="DEVELOPMENT - CI" VALIDACAO=""/>	
			<TIPOAPLICACAO CODIGO="20" DESCRICAO="CONSORCIO PLANEJAMENTO" VALIDACAO=""/> 		
		</RELATORIO>
		
		<RELATORIO ANO="2005, 2006" DESCRICAO="Unidade Orçamentária">
			<BOCLASS CLASS="br.gov.sc.tce.esfinge.model.application.relatorio.RelatorioUnidadeOrcamentariaBO"/>
			<TIPOAPLICACAO CODIGO="5" DESCRICAO="CI MUNICIPAL" VALIDACAO=""/>
			<TIPOAPLICACAO CODIGO="6" DESCRICAO="CI ESTADUAL" VALIDACAO=""/>
			<TIPOAPLICACAO CODIGO="101" DESCRICAO="DEVELOPMENT - CI" VALIDACAO=""/>		
			<TIPOAPLICACAO CODIGO="20" DESCRICAO="CONSORCIO PLANEJAMENTO" VALIDACAO=""/> 	
		</RELATORIO>
	
		<RELATORIO ANO="2005, 2006" DESCRICAO="Fonte Recursos Dotação">
			<BOCLASS CLASS="br.gov.sc.tce.esfinge.model.application.relatorio.RelatorioFonteRecursoDotacaoBO"/>
			<TIPOAPLICACAO CODIGO="5" DESCRICAO="CI MUNICIPAL" VALIDACAO=""/>
			<TIPOAPLICACAO CODIGO="6" DESCRICAO="CI ESTADUAL" VALIDACAO=""/>
			<TIPOAPLICACAO CODIGO="101" DESCRICAO="DEVELOPMENT - CI" VALIDACAO=""/>		
			<TIPOAPLICACAO CODIGO="20" DESCRICAO="CONSORCIO PLANEJAMENTO" VALIDACAO=""/> 	
		</RELATORIO>
		
		<RELATORIO ANO="2005, 2006" DESCRICAO="Previsão Receita">
			<BOCLASS CLASS="br.gov.sc.tce.esfinge.model.application.relatorio.RelatorioPrevisaoReceitaBO"/>
			<TIPOAPLICACAO CODIGO="5" DESCRICAO="CI MUNICIPAL" VALIDACAO=""/>
			<TIPOAPLICACAO CODIGO="6" DESCRICAO="CI ESTADUAL" VALIDACAO=""/>
			<TIPOAPLICACAO CODIGO="101" DESCRICAO="DEVELOPMENT - CI" VALIDACAO=""/>
			<TIPOAPLICACAO CODIGO="20" DESCRICAO="CONSORCIO PLANEJAMENTO" VALIDACAO=""/> 
		</RELATORIO>
		
	</CATEGORIA>		
	
	<CATEGORIA NOME="Genérico">
	
		<RELATORIO ANO="2005, 2006" DESCRICAO="Audiência">
			<BOCLASS CLASS="br.gov.sc.tce.esfinge.model.application.relatorio.RelatorioAudienciaBO"/>
			<TIPOAPLICACAO CODIGO="5" DESCRICAO="CI MUNICIPAL" VALIDACAO=""/>
			<TIPOAPLICACAO CODIGO="6" DESCRICAO="CI ESTADUAL" VALIDACAO=""/>
			<TIPOAPLICACAO CODIGO="101" DESCRICAO="DEVELOPMENT - CI" VALIDACAO=""/>
			<TIPOAPLICACAO CODIGO="20" DESCRICAO="CONSORCIO PLANEJAMENTO" VALIDACAO=""/> 
		</RELATORIO>
		
		<!--
		<RELATORIO ANO="2005, 2006" DESCRICAO="Extratos de Movimento">
			<BOCLASS CLASS="br.gov.sc.tce.esfinge.model.application.relatorio.RelatorioExtratosMovimentoBO"/>
			<TIPOAPLICACAO CODIGO="1" DESCRICAO="UG COMUM" VALIDACAO=""/>
			<TIPOAPLICACAO CODIGO="2" DESCRICAO="CAMARA MUNICIPAL" VALIDACAO=""/>
			<TIPOAPLICACAO CODIGO="3" DESCRICAO="UG ESTADUAL" VALIDACAO=""/>
			<TIPOAPLICACAO CODIGO="4" DESCRICAO="UNIDADES REPRESENTANTES DO PODER ORGAO" VALIDACAO=""/>
			<TIPOAPLICACAO CODIGO="5" DESCRICAO="CI MUNICIPAL" VALIDACAO=""/>
			<TIPOAPLICACAO CODIGO="6" DESCRICAO="CI ESTADUAL" VALIDACAO=""/>
			<TIPOAPLICACAO CODIGO="7" DESCRICAO="EMPRESAS DEPENDENTES" VALIDACAO=""/>
			<TIPOAPLICACAO CODIGO="8" DESCRICAO="EMPRESAS INDEPENDENTES" VALIDACAO=""/>
			<TIPOAPLICACAO CODIGO="101" DESCRICAO="DEVELOPMENT - CI" VALIDACAO=""/>			
		</RELATORIO>				
		-->
		
	</CATEGORIA>	
	
	<!--
	<CATEGORIA NOME="Importação">
	
		<RELATORIO ANO="2005, 2006" DESCRICAO="Extrato dos Arquivos Recebidos de Sistemas Legados">
			<BOCLASS CLASS="br.gov.sc.tce.esfinge.model.application.relatorio.RelatorioImportacaoBO"/>
			<TIPOAPLICACAO CODIGO="1" DESCRICAO="UG COMUM" VALIDACAO=""/>
			<TIPOAPLICACAO CODIGO="2" DESCRICAO="CAMARA MUNICIPAL" VALIDACAO=""/>
			<TIPOAPLICACAO CODIGO="3" DESCRICAO="UG ESTADUAL" VALIDACAO=""/>
			<TIPOAPLICACAO CODIGO="4" DESCRICAO="UNIDADES REPRESENTANTES DO PODER ORGAO" VALIDACAO=""/>
			<TIPOAPLICACAO CODIGO="5" DESCRICAO="CI MUNICIPAL" VALIDACAO=""/>
			<TIPOAPLICACAO CODIGO="6" DESCRICAO="CI ESTADUAL" VALIDACAO=""/>
			<TIPOAPLICACAO CODIGO="7" DESCRICAO="EMPRESAS DEPENDENTES" VALIDACAO=""/>
			<TIPOAPLICACAO CODIGO="8" DESCRICAO="EMPRESAS INDEPENDENTES" VALIDACAO=""/>
			<TIPOAPLICACAO CODIGO="101" DESCRICAO="DEVELOPMENT - CI" VALIDACAO=""/>			
		</RELATORIO>
		
		<RELATORIO ANO="2005, 2006" DESCRICAO="Controle de Remessa de Informações">
			<BOCLASS CLASS="br.gov.sc.tce.esfinge.model.application.relatorio.RelatorioControleRemessaInformacoesBO"/>
			<TIPOAPLICACAO CODIGO="1" DESCRICAO="UG COMUM" VALIDACAO=""/>
			<TIPOAPLICACAO CODIGO="2" DESCRICAO="CAMARA MUNICIPAL" VALIDACAO=""/>
			<TIPOAPLICACAO CODIGO="3" DESCRICAO="UG ESTADUAL" VALIDACAO=""/>
			<TIPOAPLICACAO CODIGO="4" DESCRICAO="UNIDADES REPRESENTANTES DO PODER ORGAO" VALIDACAO=""/>
			<TIPOAPLICACAO CODIGO="5" DESCRICAO="CI MUNICIPAL" VALIDACAO=""/>
			<TIPOAPLICACAO CODIGO="6" DESCRICAO="CI ESTADUAL" VALIDACAO=""/>
			<TIPOAPLICACAO CODIGO="7" DESCRICAO="EMPRESAS DEPENDENTES" VALIDACAO=""/>
			<TIPOAPLICACAO CODIGO="8" DESCRICAO="EMPRESAS INDEPENDENTES" VALIDACAO=""/>
			<TIPOAPLICACAO CODIGO="101" DESCRICAO="DEVELOPMENT - CI" VALIDACAO=""/>			
		</RELATORIO>		
		
		<RELATORIO ANO="2005, 2006" DESCRICAO="Extrato dos Arquivos enviados ao CI/TCE">
			<BOCLASS CLASS="br.gov.sc.tce.esfinge.model.application.relatorio.RelatorioRemessaInformacoesBO"/>
			<TIPOAPLICACAO CODIGO="1" DESCRICAO="UG COMUM" VALIDACAO=""/>
			<TIPOAPLICACAO CODIGO="2" DESCRICAO="CAMARA MUNICIPAL" VALIDACAO=""/>
			<TIPOAPLICACAO CODIGO="3" DESCRICAO="UG ESTADUAL" VALIDACAO=""/>
			<TIPOAPLICACAO CODIGO="4" DESCRICAO="UNIDADES REPRESENTANTES DO PODER ORGAO" VALIDACAO=""/>
			<TIPOAPLICACAO CODIGO="5" DESCRICAO="CI MUNICIPAL" VALIDACAO=""/>
			<TIPOAPLICACAO CODIGO="6" DESCRICAO="CI ESTADUAL" VALIDACAO=""/>
			<TIPOAPLICACAO CODIGO="7" DESCRICAO="EMPRESAS DEPENDENTES" VALIDACAO=""/>
			<TIPOAPLICACAO CODIGO="8" DESCRICAO="EMPRESAS INDEPENDENTES" VALIDACAO=""/>
			<TIPOAPLICACAO CODIGO="101" DESCRICAO="DEVELOPMENT - CI" VALIDACAO=""/>			
		</RELATORIO>
		
	</CATEGORIA>
 	-->
 	
</RELATORIOS>