<?xml version="1.0" encoding="UTF-8"?>
<!DOCTYPE hibernate-mapping PUBLIC "-//Hibernate/Hibernate Mapping DTD 2.0//EN"
                                   "http://hibernate.sourceforge.net/hibernate-mapping-2.0.dtd">
                                   
<hibernate-mapping package="br.gov.sc.tce.esfinge.common.application.ppa.beans">

 <class name="AcaoPPA" table="AcaoPPA">
 
  <id name="id" type="long">
   <column name="identificador" sql-type="INTEGER"/>
   <generator class="increment"/>
  </id>
  
  <property name="identificadorUnidadeGestora" type="integer">
  	<column name="identificadorUnidadeGestora" sql-type="INTEGER"/>
  </property>
 
  <property name="descricaoAcao" not-null="false"/>
  <property name="valorGlobalAcao" not-null="false"/>
  <property name="codigoAcao" not-null="true"/>
  <property name="regiao" type="integer" not-null="false"/>
  
  <component name="competencia" class="br.gov.sc.tce.esfinge.common.tabelabasico.Competencia">
   <property name="numeroCompetencia" type="long">
    <column name="competencia" not-null="false" sql-type="INTEGER"/>
   </property>
  </component>  
  
  <many-to-one name="textojuridico" column="identificadortextojuridico" 
		class="br.gov.sc.tce.esfinge.generico.application.textoJuridico.beans.TextoJuridico"/>
  <many-to-one name="programa" column="identificadorPrograma" class="br.gov.sc.tce.esfinge.common.application.ppa.beans.Programa"/>
  
 <many-to-one name="funcao" column="identificadorFuncao" class="br.gov.sc.tce.esfinge.common.tabelabasico.Funcao"/>

 <many-to-one name="subFuncao" column="identificadorSubFuncao" class="br.gov.sc.tce.esfinge.common.tabelabasico.SubFuncao"/>
  
 <many-to-one name="tipoAcao" column="identificadorTipoAcao" class="br.gov.sc.tce.esfinge.common.tabelabasico.TipoAcao"/>
  
 <many-to-one name="tipoAtualizacao" column="identificadorTipoAtualizacao" class="br.gov.sc.tce.esfinge.common.tabelabasico.TipoAtualizacao"/>
  
 </class>
 
</hibernate-mapping>