<?xml version="1.0" encoding="UTF-8"?>
<!DOCTYPE hibernate-mapping PUBLIC "-//Hibernate/Hibernate Mapping DTD 2.0//EN"                                   "http://hibernate.sourceforge.net/hibernate-mapping-2.0.dtd">

<hibernate-mapping package="br.gov.sc.tce.esfinge.common.application.ppa.beans">

  <class name="MetaFisicaRealizada" table="MetaFisicaRealizada">
  
    <id name="id" type="long">
	 <column name="identificador" sql-type="INTEGER"/>
	 <generator class="increment"/>
	</id>
	  
	<property name="identificadorUnidadeGestora" type="integer">
	 <column name="identificadorUnidadeGestora" sql-type="INTEGER"/>
	</property>
    
    <property name="anoRealizacao" not-null="true"/>
    <property name="competencia" not-null="true"/>
    <property name="quantidadeUnidadeRealizada" not-null="true"/>

    <many-to-one name="metaFisicaAcao" column="identificadorMetaFisicaAcao" class="br.gov.sc.tce.esfinge.common.application.ppa.beans.MetaFisicaAcao" 
 not-null="true"/>

  </class>
 
</hibernate-mapping>
