<?xml version="1.0" encoding="UTF-8"?>
<!DOCTYPE hibernate-mapping PUBLIC "-//Hibernate/Hibernate Mapping DTD 2.0//EN"
                                   "http://hibernate.sourceforge.net/hibernate-mapping-2.0.dtd">
<hibernate-mapping package="br.gov.sc.tce.esfinge.common.application.ppa.beans">
 <class name="MetaFisicaAcao" table="MetaFisicaAcao" >
 
  <id name="id" type="long">
   <column name="identificador" sql-type="INTEGER"/>
   <generator class="increment"/>
  </id>
  
  <property name="identificadorUnidadeGestora" type="integer">
  	<column name="identificadorUnidadeGestora" sql-type="INTEGER"/>
  </property>
  
  <property name="descricaounidademedida" column="descricaounidademedida"  type="string"/>
  
  <property name="qtdeunidademedida" column="quantidadeunidademedida" type="double"/>
  <property name="competencia" column="competencia" type="int"/>

  <many-to-one name="tipoatualizacao" column="identificadortipoatualizacao" class="br.gov.sc.tce.esfinge.common.tabelabasico.TipoAtualizacao"/>
  <many-to-one name="textojuridico" column="identificadortextojuridico"  
	class="br.gov.sc.tce.esfinge.generico.application.textoJuridico.beans.TextoJuridico"/>
  <many-to-one name="acaoPPA" column="identificadoracaoppa" class="br.gov.sc.tce.esfinge.common.application.ppa.beans.AcaoPPA"/>

 </class>
</hibernate-mapping>
