<?xml version="1.0" encoding="UTF-8"?>
<!DOCTYPE hibernate-mapping PUBLIC "-//Hibernate/Hibernate Mapping DTD 2.0//EN"
                                   "http://hibernate.sourceforge.net/hibernate-mapping-2.0.dtd">
<hibernate-mapping package="br.gov.sc.tce.esfinge.common.application.ppa.beans">
 <class name="PlanoPluriAnual"  table="PlanoPluriAnual">
 
  <id name="id" type="long">
   <column name="identificador" sql-type="INTEGER"/>
   <generator class="increment"/>
  </id>
  
  <property name="identificadorUnidadeGestora" type="integer">
  	<column name="identificadorUnidadeGestora" sql-type="INTEGER"/>
  </property>
  
  <property name="anoInicioPPA" not-null="true"/>
  <property name="anoFimPPA"  not-null="true"/>
  <property name="dataEnvioLegislativo" not-null="false" type="date"/>
  <property name="dataDevolucaoExecutivo" not-null="false" type="date"/>
  <property name="numeroProtocoloLegislativo" not-null="false"/>
  <property name="competencia" not-null="false"/>
  <many-to-one name="ente" column="identificadorEnte" class="br.gov.sc.tce.esfinge.common.entidades.ente.Ente"/>
  <many-to-one name="textoJuridico" column="identificadorTextoJuridico" class="br.gov.sc.tce.esfinge.generico.application.textoJuridico.beans.TextoJuridico"/>
 </class>
</hibernate-mapping>
