<?xml version="1.0" encoding="UTF-8"?>
<!DOCTYPE hibernate-mapping PUBLIC "-//Hibernate/Hibernate Mapping DTD 2.0//EN"
                                   "http://hibernate.sourceforge.net/hibernate-mapping-2.0.dtd">
<hibernate-mapping package="br.gov.sc.tce.esfinge.common.application.ppa.beans">
 <class name="Programa" table="Programa">

  <id name="id" type="long">
   <column name="identificador" sql-type="INTEGER"/>
   <generator class="increment"/>
  </id>
  
  <property name="identificadorUnidadeGestora" type="integer">
  	<column name="identificadorUnidadeGestora" sql-type="INTEGER"/>
  </property>

  <property name="codigoPrograma" not-null="true"/>
  <property name="descricaoPrograma" not-null="true"/>
  <property name="descricaoObjetivo" not-null="false"/>
  <property name="valorGlobalPrograma" not-null="false"/>
  <property name="competencia" not-null="false"/>
  <!-- Alteração id 1050 -->
  <property name="indicativoFonteFinanciamentoFiscal" not-null="false"/>
  <property name="indicativoFonteFinanciamentoSeguridade" not-null="false"/>
  <!-- Fim alteração id 1050 -->

  <many-to-one name="tipoAtualizacao" column="identificadorTipoAtualizacao" class="br.gov.sc.tce.esfinge.common.tabelabasico.TipoAtualizacao"/>

  <many-to-one name="regiao" column="identificadorRegiao" class="br.gov.sc.tce.esfinge.common.tabelabasico.Regiao"/>

  <many-to-one name="textoJuridico" column="identificadorTextoJuridico" class="br.gov.sc.tce.esfinge.generico.application.textoJuridico.beans.TextoJuridico"/>

 </class>
</hibernate-mapping>


