<?xml version="1.0" encoding="UTF-8"?>
<!DOCTYPE hibernate-mapping PUBLIC "-//Hibernate/Hibernate Mapping DTD 2.0//EN"
                                   "http://hibernate.sourceforge.net/hibernate-mapping-2.0.dtd">
<hibernate-mapping package="br.gov.sc.tce.esfinge.common.application.ppa.beans">
 <class name="Regiao" table="Regiao">
  <id name="id" type="long" unsaved-value="0">
   <column name="identificador" sql-type="INTEGER"/>
   <generator class="increment"/>
  </id>
  <property name="codigoRegiao" not-null="true"/>
  <property name="descricaoRegiao" not-null="true"/>
  <property name="sigla" not-null="false"/>
  <property name="dataAtivacao" not-null="false"/>
  <property name="dataDesativacao" not-null="false"/>
 </class>
</hibernate-mapping>