<?xml version="1.0" encoding="UTF-8"?>
<!DOCTYPE hibernate-mapping PUBLIC "-//Hibernate/Hibernate Mapping DTD 2.0//EN"
                                   "http://hibernate.sourceforge.net/hibernate-mapping-2.0.dtd">
                                   
<hibernate-mapping package="br.gov.sc.tce.esfinge.common.application.ldo.beans">

 <class name="AlienacaoBem" table="AlienacaoBem">
 
  <id name="id" type="long">
   <column name="identificador" sql-type="INTEGER"/>
   <generator class="increment"/>
  </id>

  <property name="numeroSequencial" not-null="true"/>
  <property name="anoAlienacao" not-null="true"/>
  <property name="descricaoBemAlienado" not-null="true"/>
  <property name="valorAlienacao" not-null="true"/>
  <property name="numeroLaudoAvaliacao" not-null="false"/>
  <property name="competencia" not-null="true"/>
  
  <many-to-one name="leiDiretrizesOrcamentaria" column="identificadorLeiDiretrizesOrcamentaria" not-null="true" class="br.gov.sc.tce.esfinge.common.application.ldo.beans.LeiDiretrizesOrcamentaria"/>
  
  <property name="identificadorUnidadeGestora" type="integer"> 
  	<column name="identificadorUnidadeGestora" sql-type="INTEGER"/>
  </property>
 </class>
 
</hibernate-mapping>