<?xml version="1.0" encoding="UTF-8"?>
<!DOCTYPE hibernate-mapping PUBLIC "-//Hibernate/Hibernate Mapping DTD 2.0//EN"
                                   "http://hibernate.sourceforge.net/hibernate-mapping-2.0.dtd">
<hibernate-mapping package="br.gov.sc.tce.esfinge.common.application.ldo.beans">
 <class name="AplicacaoAlienacaoBem" table="AplicacaoAlienacaoBem" discriminator-value="C">
  <id name="id" column="identificador" type="long">
   <generator class="increment"/>
  </id>
  <property name="numeroSequencial" column="numeroSequencial" type="int"/>
  <property name="descricaoAplicacao" column="descricaoAplicacao" type="string"/>
  <property name="valorAplicacao" column="valorAplicacao" type="double"/>
  <property name="competencia" column="competencia" type="int" not-null="true"/> 
  <property name="anoAplicacaoAlienacao" column="anoAplicacaoAlienacao" type="int"/> 

  <many-to-one name="leiDiretrizesOrcamentaria" column="identificadorLeiDiretrizesOrcamentaria" class="br.gov.sc.tce.esfinge.common.application.ldo.beans.LeiDiretrizesOrcamentaria"/>
  <property name="identificadorUnidadeGestora" type="integer"> 
  	<column name="identificadorUnidadeGestora" sql-type="INTEGER"/>
  </property>
   
 </class>
</hibernate-mapping>
