<?xml version="1.0" encoding="UTF-8"?>
<!DOCTYPE hibernate-mapping PUBLIC "-//Hibernate/Hibernate Mapping DTD 2.0//EN"
                                   "http://hibernate.sourceforge.net/hibernate-mapping-2.0.dtd">
<hibernate-mapping package="br.gov.sc.tce.esfinge.common.application.ldo.beans">
 <class name="CompensacaoRenuncia" table="CompensacaoRenuncia" discriminator-value="C">
  <id name="id" column="identificador" type="long">
   <generator class="increment"/>
  </id>
  <property name="numeroSequencial" column="numeroSequencial" type="int" not-null="true"/>
  <property name="descricaoCompensacao" column="descricaoCompensacao" type="string"/>
  <property name="valorCompensacao" column="valorCompensacao" type="double"/>
  <property name="competencia" column="competencia" type="int" not-null="true"/> 

  <many-to-one name="leiDiretrizesOrcamentaria" column="identificadorLeiDiretrizesOrcamentaria" class="br.gov.sc.tce.esfinge.common.application.ldo.beans.LeiDiretrizesOrcamentaria"/>
  <property name="identificadorUnidadeGestora" type="integer"> 
  	<column name="identificadorUnidadeGestora" sql-type="INTEGER"/>
  </property>
   
 </class>
</hibernate-mapping>
