<?xml version="1.0" encoding="UTF-8"?>
<!DOCTYPE hibernate-mapping PUBLIC "-//Hibernate/Hibernate Mapping DTD 2.0//EN"
                                   "http://hibernate.sourceforge.net/hibernate-mapping-2.0.dtd">

<hibernate-mapping package="br.gov.sc.tce.esfinge.common.application.ldo.beans">

 <class name="LeiDiretrizesOrcamentaria" table="LeiDiretrizesOrcamentaria" discriminator-value="C">
  <id name="id" column="identificador" type="long">
   <generator class="increment"/>
  </id>
  <property name="anoLDO" column="anoLdo" type="int"/> 
  <property name="dtEnvioPoderLeg" column="dataEnvioPoderLegislativo" type="date"/> 
  <property name="numProtocLeg" column="numeroProtocoloLegislativo" type="string"/> 
  <property name="dtDevolExec" column="dataDevolucaoExecutivo" type="date"/> 
  <property name="numArtigoLimGastosOrgaos" column="numeroArtigoLimiteGastosOrgaos" type="string"/> 
  <property name="numArtigoReservCont" column="numeroArtigoReservaContingencia" type="string"/> 
  <property name="vlrPercReservConting" column="valorPercentualReservaContingenciaRcl" type="int"/> 
  <property name="numArtigoLimEmpenho" column="numeroArtigoLimitacaoEmpenho" type="string"/> 
  <property name="numArtigoTransfInstit" column="numeroArtigoTransferenciaInstituicoes" type="string"/> 
  <property name="competencia" column="competencia" type="int" not-null="true"/> 

  <many-to-one name="tipoPlanoPluriAnual" column="identificadorPlanoPluriAnual" class="br.gov.sc.tce.esfinge.common.application.ppa.beans.PlanoPluriAnual"/>
  <many-to-one name="textojuridico" column="identificadortextojuridico" class="br.gov.sc.tce.esfinge.generico.application.textoJuridico.beans.TextoJuridico"/>
  
  <property name="identificadorUnidadeGestora" type="integer"> 
  	<column name="identificadorUnidadeGestora" sql-type="INTEGER"/>
  </property>
  
  </class>

</hibernate-mapping>