<?xml version="1.0" encoding="UTF-8"?>
<!DOCTYPE hibernate-mapping PUBLIC "-//Hibernate/Hibernate Mapping DTD 2.0//EN"
                                   "http://hibernate.sourceforge.net/hibernate-mapping-2.0.dtd">
<hibernate-mapping package="br.gov.sc.tce.esfinge.common.application.ldo.beans">
 <class name="MetaFiscal" table="MetaFiscal" discriminator-value="C">
  <id name="id" column="identificador" type="long">
   <generator class="increment"/>
  </id>
  <property name="anoMetaFiscal" column="anoMetaFiscal" type="int"/>
  <property name="valorMetaPrevista" column="valorMetaPrevista" type="double"/>
  <property name="valorConstanteMetaPrevista" column="valorConstanteMetaPrevista" type="double"/>
  <property name="valorRealizadaAnosAnteriores" column="valorRealizadaAnosAnteriores" type="double"/>
  <property name="competencia" column="competencia" type="int" not-null="true"/> 
  
  <many-to-one name="tipoMetaFiscal" column="identificadorTipoMetaFiscal" class="br.gov.sc.tce.esfinge.common.tabelabasico.TipoMetaFiscal"/>
  
  <many-to-one name="leiDiretrizesOrcamentaria" column="identificadorLeiDiretrizesOrcamentaria" class="br.gov.sc.tce.esfinge.common.application.ldo.beans.LeiDiretrizesOrcamentaria"/>
  <property name="identificadorUnidadeGestora" type="integer"> 
  	<column name="identificadorUnidadeGestora" sql-type="INTEGER"/>
  </property>
 </class>
</hibernate-mapping>
