<?xml version="1.0" encoding="UTF-8"?>
<!DOCTYPE hibernate-mapping PUBLIC "-//Hibernate/Hibernate Mapping DTD 2.0//EN"
                                   "http://hibernate.sourceforge.net/hibernate-mapping-2.0.dtd">

<hibernate-mapping package="br.gov.sc.tce.esfinge.common.application.ldo.beans">

 <class name="MetaPrioridade" table="MetaPrioridade">
 
  <id name="id" type="long">
   <column name="identificador" sql-type="INTEGER"/>
   <generator class="increment"/>
  </id>
 
  <property name="quantidadeUnidadePrevista" not-null="true" type="double"/>
  <property name="descricaoUnidadeMedida" not-null="true" type="string"/>
  <property name="competencia" not-null="true" type="int"/>
  
  <many-to-one name="acaoLDO" column="identificadorAcaoLDO" class="br.gov.sc.tce.esfinge.common.application.ldo.beans.AcaoLDO"/>

  <many-to-one name="metaFisicaAcao" column="identificadorMetaFisicaAcao" class="br.gov.sc.tce.esfinge.common.application.ppa.beans.MetaFisicaAcao"/>
  
  <property name="identificadorUnidadeGestora" type="integer"> 
  	<column name="identificadorUnidadeGestora" sql-type="INTEGER"/>
  </property>  
 </class>
 
</hibernate-mapping>