<?xml version="1.0" encoding="UTF-8"?>
<!DOCTYPE hibernate-mapping PUBLIC "-//Hibernate/Hibernate Mapping DTD 2.0//EN"
                                   "http://hibernate.sourceforge.net/hibernate-mapping-2.0.dtd">
<hibernate-mapping package="br.gov.sc.tce.esfinge.common.application.ldo.beans">
 <class name="PassivoContingente" table="PassivoContingente" discriminator-value="C">
  <id name="id" column="identificador" type="long">
   <generator class="increment"/>
  </id>
  <property name="descricaoPassivoContingente" column="descricaoPassivoContingente" type="string" not-null="true"/>
  <property name="valorPassivoContingente" column="valorPassivoContingente" type="double"/>
  <property name="competencia" column="competencia" type="int" not-null="true"/> 
   
  <many-to-one name="tipoPassivoContingente" column="identificadorTipoPassivoContingente" class="br.gov.sc.tce.esfinge.common.tabelabasico.TipoPassivoContingente"/>
  
  <many-to-one name="leiDiretrizesOrcamentaria" column="identificadorLeiDiretrizesOrcamentaria" not-null="true" class="br.gov.sc.tce.esfinge.common.application.ldo.beans.LeiDiretrizesOrcamentaria"/>

  <property name="identificadorUnidadeGestora" type="integer"> 
  	<column name="identificadorUnidadeGestora" sql-type="INTEGER"/>
  </property>  
 </class>
</hibernate-mapping>
