<?xml version="1.0" encoding="UTF-8"?>
<!DOCTYPE hibernate-mapping PUBLIC "-//Hibernate/Hibernate Mapping DTD 2.0//EN"
                                   "http://hibernate.sourceforge.net/hibernate-mapping-2.0.dtd">
                                   
<hibernate-mapping package="br.gov.sc.tce.esfinge.common.application.ldo.beans">

 <class name="PercentualParticipacaoPoderes" table="PercentualParticipacaoPoderes">
 
  <id name="id" type="long">
   <column name="identificador" sql-type="INTEGER"/>
   <generator class="increment"/>
  </id>

  <property name="valorPercentualRLD" not-null="true"/>
  <property name="competencia" not-null="true"/>
  
  <many-to-one name="leiDiretrizesOrcamentaria" column="identificadorLeiDiretrizesOrcamentaria" class="br.gov.sc.tce.esfinge.common.application.ldo.beans.LeiDiretrizesOrcamentaria"/>  
  
  <many-to-one name="poderOrgao" column="identificadorPoderOrgao" class="br.gov.sc.tce.esfinge.common.entidades.poderOrgao.PoderOrgao"/>  
  <property name="identificadorUnidadeGestora" type="integer"> 
  	<column name="identificadorUnidadeGestora" sql-type="INTEGER"/>
  </property>
 </class>
 
</hibernate-mapping>