<?xml version="1.0" encoding="UTF-8"  ?>
<!-- Created with iReport - A designer for JasperReports -->
<!DOCTYPE jasperReport PUBLIC "//JasperReports//DTD Report Design//EN" "http://jasperreports.sourceforge.net/dtds/jasperreport.dtd">
<jasperReport
		 name="RelatorioNotaAnulacaoLiberacaoCreditoOrcamentario"
		 columnCount="1"
		 printOrder="Vertical"
		 orientation="Landscape"
		 pageWidth="842"
		 pageHeight="595"
		 columnWidth="535"
		 columnSpacing="0"
		 leftMargin="30"
		 rightMargin="30"
		 topMargin="20"
		 bottomMargin="20"
		 whenNoDataType="AllSectionsNoDetail"
		 isTitleNewPage="false"
		 isSummaryNewPage="false">
	<property name="ireport.scriptlethandling" value="0" />
	<import value="java.util.*" />
	<import value="net.sf.jasperreports.engine.*" />
	<import value="net.sf.jasperreports.engine.data.*" />
	<parameter name="ReportTitle" isForPrompting="true" class="java.lang.String"/>
	<parameter name="DataHoraAtual" isForPrompting="true" class="java.lang.String"/>
	<parameter name="competencia" isForPrompting="true" class="java.lang.String"/>
	<parameter name="logo_image" isForPrompting="true" class="java.lang.String"/>
	<parameter name="codigoUg" isForPrompting="true" class="java.lang.String"/>
	<parameter name="nomeUg" isForPrompting="true" class="java.lang.String"/>
	<parameter name="versao" isForPrompting="true" class="java.lang.String"/>
	<field name="unidadeOrcamentariaDescentralizadora" class="java.lang.Integer"/>
	<field name="numeroNotaLiberacao" class="java.lang.Integer"/>
	<field name="numeroNotaAnulacao" class="java.lang.Integer"/>
	<field name="dataAnulacao" class="java.util.Date"/>
	<field name="motivoAnulacao" class="java.lang.String"/>
	<field name="valorAnulado" class="java.lang.String"/>
	<variable name="CONTADOR_TOTAL" class="java.lang.Long" resetType="Report" calculation="Count">
		<variableExpression><![CDATA[new java.lang.Long(1)]]></variableExpression>
		<initialValueExpression><![CDATA[new java.lang.Long(0)]]></initialValueExpression>
	</variable>
		<background>
			<band height="0"  isSplitAllowed="true" >
			</band>
		</background>
		<title>
			<band height="2"  isSplitAllowed="true" >
			</band>
		</title>
		<pageHeader>
			<band height="102"  isSplitAllowed="true" >
				<staticText>
					<reportElement
						mode="Transparent"
						x="2"
						y="84"
						width="86"
						height="14"
						forecolor="#000000"
						backcolor="#FFFFFF"
						key="staticText"
						stretchType="NoStretch"
						positionType="FixRelativeToTop"
						isPrintRepeatedValues="true"
						isRemoveLineWhenBlank="false"
						isPrintInFirstWholeBand="false"
						isPrintWhenDetailOverflows="false"/>
					<box topBorder="None" topBorderColor="#000000" leftBorder="None" leftBorderColor="#000000" rightBorder="None" rightBorderColor="#000000" bottomBorder="None" bottomBorderColor="#000000"/>
					<textElement textAlignment="Left" verticalAlignment="Top" rotation="None" lineSpacing="Single">
						<font fontName="Arial" pdfFontName="Helvetica-Bold" size="10" isBold="true" isItalic="false" isUnderline="false" isPdfEmbedded ="false" pdfEncoding ="Cp1252" isStrikeThrough="false" />
					</textElement>
				<text><![CDATA[Unid Orçam Desc]]></text>
				</staticText>
				<staticText>
					<reportElement
						mode="Transparent"
						x="91"
						y="84"
						width="77"
						height="14"
						forecolor="#000000"
						backcolor="#FFFFFF"
						key="staticText"
						stretchType="NoStretch"
						positionType="FixRelativeToTop"
						isPrintRepeatedValues="true"
						isRemoveLineWhenBlank="false"
						isPrintInFirstWholeBand="false"
						isPrintWhenDetailOverflows="false"/>
					<box topBorder="None" topBorderColor="#000000" leftBorder="None" leftBorderColor="#000000" rightBorder="None" rightBorderColor="#000000" bottomBorder="None" bottomBorderColor="#000000"/>
					<textElement textAlignment="Left" verticalAlignment="Top" rotation="None" lineSpacing="Single">
						<font fontName="Arial" pdfFontName="Helvetica-Bold" size="10" isBold="true" isItalic="false" isUnderline="false" isPdfEmbedded ="false" pdfEncoding ="Cp1252" isStrikeThrough="false" />
					</textElement>
				<text><![CDATA[Nr Nt Liberação]]></text>
				</staticText>
				<staticText>
					<reportElement
						mode="Transparent"
						x="650"
						y="83"
						width="130"
						height="15"
						forecolor="#000000"
						backcolor="#FFFFFF"
						key="staticText"
						stretchType="NoStretch"
						positionType="FixRelativeToTop"
						isPrintRepeatedValues="true"
						isRemoveLineWhenBlank="false"
						isPrintInFirstWholeBand="false"
						isPrintWhenDetailOverflows="false"/>
					<box topBorder="None" topBorderColor="#000000" leftBorder="None" leftBorderColor="#000000" rightBorder="None" rightBorderColor="#000000" bottomBorder="None" bottomBorderColor="#000000"/>
					<textElement textAlignment="Left" verticalAlignment="Top" rotation="None" lineSpacing="Single">
						<font fontName="Arial" pdfFontName="Helvetica-Bold" size="10" isBold="true" isItalic="false" isUnderline="false" isPdfEmbedded ="false" pdfEncoding ="Cp1252" isStrikeThrough="false" />
					</textElement>
				<text><![CDATA[Vl Anulado]]></text>
				</staticText>
				<staticText>
					<reportElement
						mode="Transparent"
						x="171"
						y="84"
						width="75"
						height="14"
						forecolor="#000000"
						backcolor="#FFFFFF"
						key="staticText"
						stretchType="NoStretch"
						positionType="FixRelativeToTop"
						isPrintRepeatedValues="true"
						isRemoveLineWhenBlank="false"
						isPrintInFirstWholeBand="false"
						isPrintWhenDetailOverflows="false"/>
					<box topBorder="None" topBorderColor="#000000" leftBorder="None" leftBorderColor="#000000" rightBorder="None" rightBorderColor="#000000" bottomBorder="None" bottomBorderColor="#000000"/>
					<textElement textAlignment="Left" verticalAlignment="Top" rotation="None" lineSpacing="Single">
						<font fontName="Arial" pdfFontName="Helvetica-Bold" size="10" isBold="true" isItalic="false" isUnderline="false" isPdfEmbedded ="false" pdfEncoding ="Cp1252" isStrikeThrough="false" />
					</textElement>
				<text><![CDATA[Nr Nt Anulação]]></text>
				</staticText>
				<staticText>
					<reportElement
						mode="Transparent"
						x="313"
						y="84"
						width="333"
						height="14"
						forecolor="#000000"
						backcolor="#FFFFFF"
						key="staticText"
						stretchType="NoStretch"
						positionType="FixRelativeToTop"
						isPrintRepeatedValues="true"
						isRemoveLineWhenBlank="false"
						isPrintInFirstWholeBand="false"
						isPrintWhenDetailOverflows="false"/>
					<box topBorder="None" topBorderColor="#000000" leftBorder="None" leftBorderColor="#000000" rightBorder="None" rightBorderColor="#000000" bottomBorder="None" bottomBorderColor="#000000"/>
					<textElement textAlignment="Left" verticalAlignment="Top" rotation="None" lineSpacing="Single">
						<font fontName="Arial" pdfFontName="Helvetica-Bold" size="10" isBold="true" isItalic="false" isUnderline="false" isPdfEmbedded ="false" pdfEncoding ="Cp1252" isStrikeThrough="false" />
					</textElement>
				<text><![CDATA[Motivo Anulação]]></text>
				</staticText>
				<staticText>
					<reportElement
						mode="Transparent"
						x="249"
						y="84"
						width="61"
						height="14"
						forecolor="#000000"
						backcolor="#FFFFFF"
						key="staticText"
						stretchType="NoStretch"
						positionType="FixRelativeToTop"
						isPrintRepeatedValues="true"
						isRemoveLineWhenBlank="false"
						isPrintInFirstWholeBand="false"
						isPrintWhenDetailOverflows="false"/>
					<box topBorder="None" topBorderColor="#000000" leftBorder="None" leftBorderColor="#000000" rightBorder="None" rightBorderColor="#000000" bottomBorder="None" bottomBorderColor="#000000"/>
					<textElement textAlignment="Left" verticalAlignment="Top" rotation="None" lineSpacing="Single">
						<font fontName="Arial" pdfFontName="Helvetica-Bold" size="10" isBold="true" isItalic="false" isUnderline="false" isPdfEmbedded ="false" pdfEncoding ="Cp1252" isStrikeThrough="false" />
					</textElement>
				<text><![CDATA[Dt Anulação]]></text>
				</staticText>
				<textField isStretchWithOverflow="false" pattern="" isBlankWhenNull="true" evaluationTime="Now" hyperlinkType="None"  hyperlinkTarget="Self" >
					<reportElement
						mode="Transparent"
						x="136"
						y="4"
						width="508"
						height="30"
						forecolor="#000000"
						backcolor="#FFFFFF"
						key="textField-15"
						stretchType="NoStretch"
						positionType="FixRelativeToTop"
						isPrintRepeatedValues="true"
						isRemoveLineWhenBlank="false"
						isPrintInFirstWholeBand="false"
						isPrintWhenDetailOverflows="false"/>
					<box topBorder="None" topBorderColor="#000000" leftBorder="None" leftBorderColor="#000000" rightBorder="None" rightBorderColor="#FFFFFF" bottomBorder="None" bottomBorderColor="#000000"/>
					<textElement textAlignment="Center" verticalAlignment="Top" rotation="None" lineSpacing="Single">
						<font fontName="arial" pdfFontName="Helvetica-Bold" size="14" isBold="true" isItalic="false" isUnderline="false" isPdfEmbedded ="false" pdfEncoding ="Cp1252" isStrikeThrough="false" />
					</textElement>
				<textFieldExpression   class="java.lang.String"><![CDATA[$P{ReportTitle}]]></textFieldExpression>
				</textField>
				<line direction="TopDown">
					<reportElement
						mode="Opaque"
						x="0"
						y="81"
						width="782"
						height="0"
						forecolor="#000000"
						backcolor="#FFFFFF"
						key="line-1"
						stretchType="NoStretch"
						positionType="FixRelativeToTop"
						isPrintRepeatedValues="true"
						isRemoveLineWhenBlank="false"
						isPrintInFirstWholeBand="false"
						isPrintWhenDetailOverflows="false"/>
					<graphicElement stretchType="NoStretch" pen="Thin" fill="Solid" />
				</line>
				<textField isStretchWithOverflow="false" pattern="" isBlankWhenNull="true" evaluationTime="Now" hyperlinkType="None"  hyperlinkTarget="Self" >
					<reportElement
						mode="Transparent"
						x="0"
						y="61"
						width="782"
						height="15"
						forecolor="#000000"
						backcolor="#FFFFFF"
						key="textField-16"
						stretchType="NoStretch"
						positionType="FixRelativeToTop"
						isPrintRepeatedValues="true"
						isRemoveLineWhenBlank="false"
						isPrintInFirstWholeBand="false"
						isPrintWhenDetailOverflows="false"/>
					<box topBorder="None" topBorderColor="#000000" leftBorder="None" leftBorderColor="#000000" rightBorder="None" rightBorderColor="#FFFFFF" bottomBorder="None" bottomBorderColor="#000000"/>
					<textElement textAlignment="Left" verticalAlignment="Middle" rotation="None" lineSpacing="Single">
						<font fontName="arial" pdfFontName="Helvetica" size="9" isBold="false" isItalic="false" isUnderline="false" isPdfEmbedded ="false" pdfEncoding ="Cp1252" isStrikeThrough="false" />
					</textElement>
				<textFieldExpression   class="java.lang.String"><![CDATA["Competência: "+$P{competencia}]]></textFieldExpression>
				</textField>
				<textField isStretchWithOverflow="false" pattern="" isBlankWhenNull="true" evaluationTime="Now" hyperlinkType="None"  hyperlinkTarget="Self" >
					<reportElement
						mode="Opaque"
						x="0"
						y="44"
						width="782"
						height="15"
						forecolor="#000000"
						backcolor="#FFFFFF"
						key="textField-17"
						stretchType="NoStretch"
						positionType="FixRelativeToTop"
						isPrintRepeatedValues="true"
						isRemoveLineWhenBlank="false"
						isPrintInFirstWholeBand="false"
						isPrintWhenDetailOverflows="false"/>
					<box topBorder="None" topBorderColor="#000000" leftBorder="None" leftBorderColor="#000000" rightBorder="None" rightBorderColor="#FFFFFF" bottomBorder="None" bottomBorderColor="#000000"/>
					<textElement textAlignment="Left" verticalAlignment="Middle" rotation="None" lineSpacing="Single">
						<font fontName="Arial" pdfFontName="Helvetica" size="9" isBold="false" isItalic="false" isUnderline="false" isPdfEmbedded ="false" pdfEncoding ="Cp1252" isStrikeThrough="false" />
					</textElement>
				<textFieldExpression   class="java.lang.String"><![CDATA["Unidade Gestora: ("+$P{codigoUg}+"/"+$P{nomeUg}+")"]]></textFieldExpression>
				</textField>
				<image  scaleImage="FillFrame" vAlign="Top" hAlign="Left" isUsingCache="false" evaluationTime="Now" hyperlinkType="None"  hyperlinkTarget="Self" >
					<reportElement
						mode="Opaque"
						x="2"
						y="2"
						width="132"
						height="35"
						forecolor="#000000"
						backcolor="#FFFFFF"
						key="image-1"
						stretchType="NoStretch"
						positionType="FixRelativeToTop"
						isPrintRepeatedValues="true"
						isRemoveLineWhenBlank="false"
						isPrintInFirstWholeBand="false"
						isPrintWhenDetailOverflows="false"/>
					<box topBorder="None" topBorderColor="#000000" leftBorder="None" leftBorderColor="#000000" rightBorder="None" rightBorderColor="#000000" bottomBorder="None" bottomBorderColor="#000000"/>
					<graphicElement stretchType="NoStretch" pen="None" fill="Solid" />
					<imageExpression class="java.lang.String"><![CDATA[$P{logo_image}]]></imageExpression>				</image>
			</band>
		</pageHeader>
		<columnHeader>
			<band height="0"  isSplitAllowed="true" >
			</band>
		</columnHeader>
		<detail>
			<band height="17"  isSplitAllowed="true" >
				<textField isStretchWithOverflow="false" pattern="" isBlankWhenNull="true" evaluationTime="Now" hyperlinkType="None"  hyperlinkTarget="Self" >
					<reportElement
						mode="Transparent"
						x="651"
						y="2"
						width="130"
						height="15"
						forecolor="#000000"
						backcolor="#FFFFFF"
						key="textField"
						stretchType="NoStretch"
						positionType="FixRelativeToTop"
						isPrintRepeatedValues="true"
						isRemoveLineWhenBlank="false"
						isPrintInFirstWholeBand="false"
						isPrintWhenDetailOverflows="false"/>
					<box topBorder="None" topBorderColor="#000000" leftBorder="None" leftBorderColor="#000000" rightBorder="None" rightBorderColor="#000000" bottomBorder="None" bottomBorderColor="#000000"/>
					<textElement textAlignment="Right" verticalAlignment="Top" rotation="None" lineSpacing="Single">
						<font fontName="Arial" pdfFontName="Helvetica" size="10" isBold="false" isItalic="false" isUnderline="false" isPdfEmbedded ="false" pdfEncoding ="Cp1252" isStrikeThrough="false" />
					</textElement>
				<textFieldExpression   class="java.lang.String"><![CDATA[$F{valorAnulado}]]></textFieldExpression>
				</textField>
				<textField isStretchWithOverflow="false" pattern="" isBlankWhenNull="true" evaluationTime="Now" hyperlinkType="None"  hyperlinkTarget="Self" >
					<reportElement
						mode="Transparent"
						x="4"
						y="3"
						width="86"
						height="14"
						forecolor="#000000"
						backcolor="#FFFFFF"
						key="textField"
						stretchType="NoStretch"
						positionType="FixRelativeToTop"
						isPrintRepeatedValues="true"
						isRemoveLineWhenBlank="false"
						isPrintInFirstWholeBand="false"
						isPrintWhenDetailOverflows="false"/>
					<box topBorder="None" topBorderColor="#000000" leftBorder="None" leftBorderColor="#000000" rightBorder="None" rightBorderColor="#000000" bottomBorder="None" bottomBorderColor="#000000"/>
					<textElement textAlignment="Left" verticalAlignment="Top" rotation="None" lineSpacing="Single">
						<font fontName="Arial" pdfFontName="Helvetica" size="10" isBold="false" isItalic="false" isUnderline="false" isPdfEmbedded ="false" pdfEncoding ="Cp1252" isStrikeThrough="false" />
					</textElement>
				<textFieldExpression   class="java.lang.Integer"><![CDATA[$F{unidadeOrcamentariaDescentralizadora}]]></textFieldExpression>
				</textField>
				<textField isStretchWithOverflow="false" pattern="" isBlankWhenNull="true" evaluationTime="Now" hyperlinkType="None"  hyperlinkTarget="Self" >
					<reportElement
						mode="Transparent"
						x="92"
						y="3"
						width="77"
						height="14"
						forecolor="#000000"
						backcolor="#FFFFFF"
						key="textField"
						stretchType="NoStretch"
						positionType="FixRelativeToTop"
						isPrintRepeatedValues="true"
						isRemoveLineWhenBlank="false"
						isPrintInFirstWholeBand="false"
						isPrintWhenDetailOverflows="false"/>
					<box topBorder="None" topBorderColor="#000000" leftBorder="None" leftBorderColor="#000000" rightBorder="None" rightBorderColor="#000000" bottomBorder="None" bottomBorderColor="#000000"/>
					<textElement textAlignment="Left" verticalAlignment="Top" rotation="None" lineSpacing="Single">
						<font fontName="Arial" pdfFontName="Helvetica" size="10" isBold="false" isItalic="false" isUnderline="false" isPdfEmbedded ="false" pdfEncoding ="Cp1252" isStrikeThrough="false" />
					</textElement>
				<textFieldExpression   class="java.lang.Integer"><![CDATA[$F{numeroNotaLiberacao}]]></textFieldExpression>
				</textField>
				<textField isStretchWithOverflow="false" pattern="" isBlankWhenNull="true" evaluationTime="Now" hyperlinkType="None"  hyperlinkTarget="Self" >
					<reportElement
						mode="Transparent"
						x="172"
						y="3"
						width="75"
						height="14"
						forecolor="#000000"
						backcolor="#FFFFFF"
						key="textField"
						stretchType="NoStretch"
						positionType="FixRelativeToTop"
						isPrintRepeatedValues="true"
						isRemoveLineWhenBlank="false"
						isPrintInFirstWholeBand="false"
						isPrintWhenDetailOverflows="false"/>
					<box topBorder="None" topBorderColor="#000000" leftBorder="None" leftBorderColor="#000000" rightBorder="None" rightBorderColor="#000000" bottomBorder="None" bottomBorderColor="#000000"/>
					<textElement textAlignment="Left" verticalAlignment="Top" rotation="None" lineSpacing="Single">
						<font fontName="Arial" pdfFontName="Helvetica" size="10" isBold="false" isItalic="false" isUnderline="false" isPdfEmbedded ="false" pdfEncoding ="Cp1252" isStrikeThrough="false" />
					</textElement>
				<textFieldExpression   class="java.lang.Integer"><![CDATA[$F{numeroNotaAnulacao}]]></textFieldExpression>
				</textField>
				<textField isStretchWithOverflow="false" pattern="dd/MM/yyyy" isBlankWhenNull="true" evaluationTime="Now" hyperlinkType="None"  hyperlinkTarget="Self" >
					<reportElement
						mode="Transparent"
						x="250"
						y="3"
						width="61"
						height="14"
						forecolor="#000000"
						backcolor="#FFFFFF"
						key="textField"
						stretchType="NoStretch"
						positionType="FixRelativeToTop"
						isPrintRepeatedValues="true"
						isRemoveLineWhenBlank="false"
						isPrintInFirstWholeBand="false"
						isPrintWhenDetailOverflows="false"/>
					<box topBorder="None" topBorderColor="#000000" leftBorder="None" leftBorderColor="#000000" rightBorder="None" rightBorderColor="#000000" bottomBorder="None" bottomBorderColor="#000000"/>
					<textElement textAlignment="Left" verticalAlignment="Top" rotation="None" lineSpacing="Single">
						<font fontName="Arial" pdfFontName="Helvetica" size="10" isBold="false" isItalic="false" isUnderline="false" isPdfEmbedded ="false" pdfEncoding ="Cp1252" isStrikeThrough="false" />
					</textElement>
				<textFieldExpression   class="java.util.Date"><![CDATA[$F{dataAnulacao}]]></textFieldExpression>
				</textField>
				<textField isStretchWithOverflow="true" pattern="" isBlankWhenNull="true" evaluationTime="Now" hyperlinkType="None"  hyperlinkTarget="Self" >
					<reportElement
						mode="Transparent"
						x="314"
						y="3"
						width="333"
						height="14"
						forecolor="#000000"
						backcolor="#FFFFFF"
						key="textField"
						stretchType="NoStretch"
						positionType="FixRelativeToTop"
						isPrintRepeatedValues="true"
						isRemoveLineWhenBlank="false"
						isPrintInFirstWholeBand="false"
						isPrintWhenDetailOverflows="false"/>
					<box topBorder="None" topBorderColor="#000000" leftBorder="None" leftBorderColor="#000000" rightBorder="None" rightBorderColor="#000000" bottomBorder="None" bottomBorderColor="#000000"/>
					<textElement textAlignment="Left" verticalAlignment="Top" rotation="None" lineSpacing="Single">
						<font fontName="Arial" pdfFontName="Helvetica" size="10" isBold="false" isItalic="false" isUnderline="false" isPdfEmbedded ="false" pdfEncoding ="Cp1252" isStrikeThrough="false" />
					</textElement>
				<textFieldExpression   class="java.lang.String"><![CDATA[$F{motivoAnulacao}]]></textFieldExpression>
				</textField>
			</band>
		</detail>
		<columnFooter>
			<band height="0"  isSplitAllowed="true" >
			</band>
		</columnFooter>
		<pageFooter>
			<band height="27"  isSplitAllowed="true" >
				<line direction="TopDown">
					<reportElement
						mode="Opaque"
						x="0"
						y="4"
						width="782"
						height="0"
						forecolor="#000000"
						backcolor="#FFFFFF"
						key="line"
						stretchType="NoStretch"
						positionType="FixRelativeToTop"
						isPrintRepeatedValues="true"
						isRemoveLineWhenBlank="false"
						isPrintInFirstWholeBand="false"
						isPrintWhenDetailOverflows="false"/>
					<graphicElement stretchType="NoStretch" pen="Thin" fill="Solid" />
				</line>
				<textField isStretchWithOverflow="false" pattern="" isBlankWhenNull="false" evaluationTime="Now" hyperlinkType="None"  hyperlinkTarget="Self" >
					<reportElement
						mode="Opaque"
						x="330"
						y="7"
						width="122"
						height="12"
						forecolor="#000000"
						backcolor="#FFFFFF"
						key="textField-12"
						stretchType="NoStretch"
						positionType="FixRelativeToTop"
						isPrintRepeatedValues="true"
						isRemoveLineWhenBlank="false"
						isPrintInFirstWholeBand="false"
						isPrintWhenDetailOverflows="false"/>
					<box topBorder="None" topBorderColor="#000000" leftBorder="None" leftBorderColor="#000000" rightBorder="None" rightBorderColor="#FFFFFF" bottomBorder="None" bottomBorderColor="#000000"/>
					<textElement textAlignment="Center" verticalAlignment="Middle" rotation="None" lineSpacing="Single">
						<font fontName="Arial" pdfFontName="Helvetica" size="8" isBold="false" isItalic="false" isUnderline="false" isPdfEmbedded ="false" pdfEncoding ="Cp1252" isStrikeThrough="false" />
					</textElement>
				<textFieldExpression   class="java.lang.String"><![CDATA["Página: "+$V{PAGE_NUMBER}]]></textFieldExpression>
				</textField>
				<textField isStretchWithOverflow="false" pattern="" isBlankWhenNull="false" evaluationTime="Now" hyperlinkType="None"  hyperlinkTarget="Self" >
					<reportElement
						mode="Opaque"
						x="611"
						y="7"
						width="171"
						height="12"
						forecolor="#000000"
						backcolor="#FFFFFF"
						key="textField-14"
						stretchType="NoStretch"
						positionType="FixRelativeToTop"
						isPrintRepeatedValues="true"
						isRemoveLineWhenBlank="false"
						isPrintInFirstWholeBand="false"
						isPrintWhenDetailOverflows="false"/>
					<box topBorder="None" topBorderColor="#000000" leftBorder="None" leftBorderColor="#000000" rightBorder="None" rightBorderColor="#FFFFFF" bottomBorder="None" bottomBorderColor="#000000"/>
					<textElement textAlignment="Right" verticalAlignment="Middle" rotation="None" lineSpacing="Single">
						<font fontName="Arial" pdfFontName="Helvetica" size="8" isBold="false" isItalic="false" isUnderline="false" isPdfEmbedded ="false" pdfEncoding ="Cp1252" isStrikeThrough="false" />
					</textElement>
				<textFieldExpression   class="java.lang.String"><![CDATA["Contador : "+$V{CONTADOR_TOTAL}.longValue()]]></textFieldExpression>
				</textField>
				<textField isStretchWithOverflow="false" pattern="" isBlankWhenNull="true" evaluationTime="Now" hyperlinkType="None"  hyperlinkTarget="Self" >
					<reportElement
						mode="Transparent"
						x="1"
						y="7"
						width="326"
						height="12"
						forecolor="#000000"
						backcolor="#FFFFFF"
						key="textField-18"
						stretchType="NoStretch"
						positionType="FixRelativeToTop"
						isPrintRepeatedValues="true"
						isRemoveLineWhenBlank="false"
						isPrintInFirstWholeBand="false"
						isPrintWhenDetailOverflows="false"/>
					<box topBorder="None" topBorderColor="#000000" leftBorder="None" leftBorderColor="#000000" rightBorder="None" rightBorderColor="#FFFFFF" bottomBorder="None" bottomBorderColor="#000000"/>
					<textElement textAlignment="Left" verticalAlignment="Middle" rotation="None" lineSpacing="Single">
						<font fontName="arial" pdfFontName="Helvetica" size="8" isBold="false" isItalic="false" isUnderline="false" isPdfEmbedded ="false" pdfEncoding ="Cp1252" isStrikeThrough="false" />
					</textElement>
				<textFieldExpression   class="java.lang.String"><![CDATA["e-Sfinge Versão: "+$P{versao} + " - Impresso em: "+$P{DataHoraAtual}]]></textFieldExpression>
				</textField>
			</band>
		</pageFooter>
		<summary>
			<band height="0"  isSplitAllowed="true" >
			</band>
		</summary>
</jasperReport>
