<?xml version="1.0" encoding="UTF-8"  ?>
<!-- Created with iReport - A designer for JasperReports -->
<!DOCTYPE jasperReport PUBLIC "//JasperReports//DTD Report Design//EN" "http://jasperreports.sourceforge.net/dtds/jasperreport.dtd">
<jasperReport
		 name="RelatorioMetaPrioridade"
		 columnCount="1"
		 printOrder="Vertical"
		 orientation="Portrait"
		 pageWidth="595"
		 pageHeight="842"
		 columnWidth="535"
		 columnSpacing="0"
		 leftMargin="30"
		 rightMargin="30"
		 topMargin="20"
		 bottomMargin="20"
		 whenNoDataType="AllSectionsNoDetail"
		 isTitleNewPage="false"
		 isSummaryNewPage="false">
	<property name="ireport.scriptlethandling" value="0" />
	<import value="java.util.*" />
	<import value="net.sf.jasperreports.engine.*" />
	<import value="net.sf.jasperreports.engine.data.*" />
	<parameter name="DataHoraAtual" isForPrompting="true" class="java.lang.String"/>
	<parameter name="ReportTitle" isForPrompting="true" class="java.lang.String"/>
	<parameter name="competencia" isForPrompting="true" class="java.lang.String"/>
	<parameter name="logo_image" isForPrompting="true" class="java.lang.String"/>
	<parameter name="codigoUg" isForPrompting="true" class="java.lang.String"/>
	<parameter name="nomeUg" isForPrompting="true" class="java.lang.String"/>
	<parameter name="versao" isForPrompting="true" class="java.lang.String"/>
	<field name="anoLDO" class="java.lang.Integer"/>
	<field name="tipoAcao" class="java.lang.Integer"/>
	<field name="codigoAcao" class="java.lang.Integer"/>
	<field name="descricaoUnidadeMedida" class="java.lang.String"/>
	<field name="qtdUnidadePrevista" class="java.lang.String"/>
	<variable name="CONTADOR_TOTAL" class="java.lang.Long" resetType="Report" calculation="Count">
		<variableExpression><![CDATA[new java.lang.Long(1)]]></variableExpression>
		<initialValueExpression><![CDATA[new java.lang.Long(0)]]></initialValueExpression>
	</variable>
		<background>
			<band height="0"  isSplitAllowed="true" >
			</band>
		</background>
		<title>
			<band height="0"  isSplitAllowed="true" >
			</band>
		</title>
		<pageHeader>
			<band height="104"  isSplitAllowed="true" >
				<staticText>
					<reportElement
						mode="Transparent"
						x="20"
						y="85"
						width="44"
						height="16"
						forecolor="#000000"
						backcolor="#FFFFFF"
						key="staticText"
						stretchType="NoStretch"
						positionType="FixRelativeToTop"
						isPrintRepeatedValues="true"
						isRemoveLineWhenBlank="false"
						isPrintInFirstWholeBand="false"
						isPrintWhenDetailOverflows="false"/>
					<box topBorder="None" topBorderColor="#000000" leftBorder="None" leftBorderColor="#000000" rightBorder="None" rightBorderColor="#FFFFFF" bottomBorder="None" bottomBorderColor="#000000"/>
					<textElement textAlignment="Right" verticalAlignment="Top" rotation="None" lineSpacing="Single">
						<font fontName="Arial" pdfFontName="Helvetica-Bold" size="10" isBold="true" isItalic="false" isUnderline="false" isPdfEmbedded ="false" pdfEncoding ="Cp1252" isStrikeThrough="false" />
					</textElement>
				<text><![CDATA[Ano LDO]]></text>
				</staticText>
				<staticText>
					<reportElement
						mode="Transparent"
						x="77"
						y="85"
						width="41"
						height="16"
						forecolor="#000000"
						backcolor="#FFFFFF"
						key="staticText"
						stretchType="NoStretch"
						positionType="FixRelativeToTop"
						isPrintRepeatedValues="true"
						isRemoveLineWhenBlank="false"
						isPrintInFirstWholeBand="false"
						isPrintWhenDetailOverflows="false"/>
					<box topBorder="None" topBorderColor="#000000" leftBorder="None" leftBorderColor="#000000" rightBorder="None" rightBorderColor="#FFFFFF" bottomBorder="None" bottomBorderColor="#000000"/>
					<textElement textAlignment="Left" verticalAlignment="Top" rotation="None" lineSpacing="Single">
						<font fontName="Arial" pdfFontName="Helvetica-Bold" size="10" isBold="true" isItalic="false" isUnderline="false" isPdfEmbedded ="false" pdfEncoding ="Cp1252" isStrikeThrough="false" />
					</textElement>
				<text><![CDATA[Tp Ação]]></text>
				</staticText>
				<staticText>
					<reportElement
						mode="Transparent"
						x="189"
						y="85"
						width="96"
						height="16"
						forecolor="#000000"
						backcolor="#FFFFFF"
						key="staticText"
						stretchType="NoStretch"
						positionType="FixRelativeToTop"
						isPrintRepeatedValues="true"
						isRemoveLineWhenBlank="false"
						isPrintInFirstWholeBand="false"
						isPrintWhenDetailOverflows="false"/>
					<box topBorder="None" topBorderColor="#000000" leftBorder="None" leftBorderColor="#000000" rightBorder="None" rightBorderColor="#FFFFFF" bottomBorder="None" bottomBorderColor="#000000"/>
					<textElement textAlignment="Left" verticalAlignment="Top" rotation="None" lineSpacing="Single">
						<font fontName="Arial" pdfFontName="Helvetica-Bold" size="10" isBold="true" isItalic="false" isUnderline="false" isPdfEmbedded ="false" pdfEncoding ="Cp1252" isStrikeThrough="false" />
					</textElement>
				<text><![CDATA[Descr Unid Medida]]></text>
				</staticText>
				<staticText>
					<reportElement
						mode="Transparent"
						x="132"
						y="85"
						width="41"
						height="16"
						forecolor="#000000"
						backcolor="#FFFFFF"
						key="staticText"
						stretchType="NoStretch"
						positionType="FixRelativeToTop"
						isPrintRepeatedValues="true"
						isRemoveLineWhenBlank="false"
						isPrintInFirstWholeBand="false"
						isPrintWhenDetailOverflows="false"/>
					<box topBorder="None" topBorderColor="#000000" leftBorder="None" leftBorderColor="#000000" rightBorder="None" rightBorderColor="#FFFFFF" bottomBorder="None" bottomBorderColor="#000000"/>
					<textElement textAlignment="Left" verticalAlignment="Top" rotation="None" lineSpacing="Single">
						<font fontName="Arial" pdfFontName="Helvetica-Bold" size="10" isBold="true" isItalic="false" isUnderline="false" isPdfEmbedded ="false" pdfEncoding ="Cp1252" isStrikeThrough="false" />
					</textElement>
				<text><![CDATA[Cd Ação]]></text>
				</staticText>
				<staticText>
					<reportElement
						mode="Transparent"
						x="443"
						y="85"
						width="88"
						height="16"
						forecolor="#000000"
						backcolor="#FFFFFF"
						key="staticText"
						stretchType="NoStretch"
						positionType="FixRelativeToTop"
						isPrintRepeatedValues="true"
						isRemoveLineWhenBlank="false"
						isPrintInFirstWholeBand="false"
						isPrintWhenDetailOverflows="false"/>
					<box topBorder="None" topBorderColor="#000000" leftBorder="None" leftBorderColor="#000000" rightBorder="None" rightBorderColor="#FFFFFF" bottomBorder="None" bottomBorderColor="#000000"/>
					<textElement textAlignment="Left" verticalAlignment="Top" rotation="None" lineSpacing="Single">
						<font fontName="Arial" pdfFontName="Helvetica-Bold" size="10" isBold="true" isItalic="false" isUnderline="false" isPdfEmbedded ="false" pdfEncoding ="Cp1252" isStrikeThrough="false" />
					</textElement>
				<text><![CDATA[Qtd Unid Prevista]]></text>
				</staticText>
				<line direction="TopDown">
					<reportElement
						mode="Opaque"
						x="6"
						y="79"
						width="529"
						height="0"
						forecolor="#000000"
						backcolor="#FFFFFF"
						key="line-1"
						stretchType="NoStretch"
						positionType="FixRelativeToTop"
						isPrintRepeatedValues="true"
						isRemoveLineWhenBlank="false"
						isPrintInFirstWholeBand="false"
						isPrintWhenDetailOverflows="false"/>
					<graphicElement stretchType="NoStretch" pen="Thin" fill="Solid" />
				</line>
				<textField isStretchWithOverflow="false" pattern="" isBlankWhenNull="true" evaluationTime="Now" hyperlinkType="None"  hyperlinkTarget="Self" >
					<reportElement
						mode="Transparent"
						x="138"
						y="5"
						width="344"
						height="30"
						forecolor="#000000"
						backcolor="#FFFFFF"
						key="textField-4"
						stretchType="NoStretch"
						positionType="FixRelativeToTop"
						isPrintRepeatedValues="true"
						isRemoveLineWhenBlank="false"
						isPrintInFirstWholeBand="false"
						isPrintWhenDetailOverflows="false"/>
					<box topBorder="None" topBorderColor="#000000" leftBorder="None" leftBorderColor="#000000" rightBorder="None" rightBorderColor="#FFFFFF" bottomBorder="None" bottomBorderColor="#000000"/>
					<textElement textAlignment="Center" verticalAlignment="Top" rotation="None" lineSpacing="Single">
						<font fontName="arial" pdfFontName="Helvetica-Bold" size="14" isBold="true" isItalic="false" isUnderline="false" isPdfEmbedded ="false" pdfEncoding ="Cp1252" isStrikeThrough="false" />
					</textElement>
				<textFieldExpression   class="java.lang.String"><![CDATA[$P{ReportTitle}]]></textFieldExpression>
				</textField>
				<textField isStretchWithOverflow="false" pattern="" isBlankWhenNull="true" evaluationTime="Now" hyperlinkType="None"  hyperlinkTarget="Self" >
					<reportElement
						mode="Transparent"
						x="4"
						y="62"
						width="530"
						height="15"
						forecolor="#000000"
						backcolor="#FFFFFF"
						key="textField-5"
						stretchType="NoStretch"
						positionType="FixRelativeToTop"
						isPrintRepeatedValues="true"
						isRemoveLineWhenBlank="false"
						isPrintInFirstWholeBand="false"
						isPrintWhenDetailOverflows="false"/>
					<box topBorder="None" topBorderColor="#000000" leftBorder="None" leftBorderColor="#000000" rightBorder="None" rightBorderColor="#FFFFFF" bottomBorder="None" bottomBorderColor="#000000"/>
					<textElement textAlignment="Left" verticalAlignment="Middle" rotation="None" lineSpacing="Single">
						<font fontName="arial" pdfFontName="Helvetica" size="9" isBold="false" isItalic="false" isUnderline="false" isPdfEmbedded ="false" pdfEncoding ="Cp1252" isStrikeThrough="false" />
					</textElement>
				<textFieldExpression   class="java.lang.String"><![CDATA["Competência: "+$P{competencia}]]></textFieldExpression>
				</textField>
				<textField isStretchWithOverflow="false" pattern="" isBlankWhenNull="true" evaluationTime="Now" hyperlinkType="None"  hyperlinkTarget="Self" >
					<reportElement
						mode="Opaque"
						x="4"
						y="45"
						width="530"
						height="15"
						forecolor="#000000"
						backcolor="#FFFFFF"
						key="textField-6"
						stretchType="NoStretch"
						positionType="FixRelativeToTop"
						isPrintRepeatedValues="true"
						isRemoveLineWhenBlank="false"
						isPrintInFirstWholeBand="false"
						isPrintWhenDetailOverflows="false"/>
					<box topBorder="None" topBorderColor="#000000" leftBorder="None" leftBorderColor="#000000" rightBorder="None" rightBorderColor="#FFFFFF" bottomBorder="None" bottomBorderColor="#000000"/>
					<textElement textAlignment="Left" verticalAlignment="Middle" rotation="None" lineSpacing="Single">
						<font fontName="Arial" pdfFontName="Helvetica" size="9" isBold="false" isItalic="false" isUnderline="false" isPdfEmbedded ="false" pdfEncoding ="Cp1252" isStrikeThrough="false" />
					</textElement>
				<textFieldExpression   class="java.lang.String"><![CDATA["Unidade Gestora: ("+$P{codigoUg}+"/"+$P{nomeUg}+")"]]></textFieldExpression>
				</textField>
				<image  scaleImage="FillFrame" vAlign="Top" hAlign="Left" isUsingCache="false" evaluationTime="Now" hyperlinkType="None"  hyperlinkTarget="Self" >
					<reportElement
						mode="Opaque"
						x="4"
						y="3"
						width="132"
						height="35"
						forecolor="#000000"
						backcolor="#FFFFFF"
						key="image-1"
						stretchType="NoStretch"
						positionType="FixRelativeToTop"
						isPrintRepeatedValues="true"
						isRemoveLineWhenBlank="false"
						isPrintInFirstWholeBand="false"
						isPrintWhenDetailOverflows="false"/>
					<box topBorder="None" topBorderColor="#000000" leftBorder="None" leftBorderColor="#000000" rightBorder="None" rightBorderColor="#FFFFFF" bottomBorder="None" bottomBorderColor="#000000"/>
					<graphicElement stretchType="NoStretch" pen="None" fill="Solid" />
					<imageExpression class="java.lang.String"><![CDATA[$P{logo_image}]]></imageExpression>				</image>
			</band>
		</pageHeader>
		<columnHeader>
			<band height="0"  isSplitAllowed="true" >
			</band>
		</columnHeader>
		<detail>
			<band height="23"  isSplitAllowed="true" >
				<textField isStretchWithOverflow="false" pattern="" isBlankWhenNull="true" evaluationTime="Now" hyperlinkType="None"  hyperlinkTarget="Self" >
					<reportElement
						mode="Transparent"
						x="78"
						y="6"
						width="41"
						height="14"
						forecolor="#000000"
						backcolor="#FFFFFF"
						key="textField"
						stretchType="NoStretch"
						positionType="FixRelativeToTop"
						isPrintRepeatedValues="true"
						isRemoveLineWhenBlank="false"
						isPrintInFirstWholeBand="false"
						isPrintWhenDetailOverflows="false"/>
					<box topBorder="None" topBorderColor="#000000" leftBorder="None" leftBorderColor="#000000" rightBorder="None" rightBorderColor="#FFFFFF" bottomBorder="None" bottomBorderColor="#000000"/>
					<textElement textAlignment="Left" verticalAlignment="Top" rotation="None" lineSpacing="Single">
						<font fontName="Arial" pdfFontName="Helvetica" size="10" isBold="false" isItalic="false" isUnderline="false" isPdfEmbedded ="false" pdfEncoding ="Cp1252" isStrikeThrough="false" />
					</textElement>
				<textFieldExpression   class="java.lang.Integer"><![CDATA[$F{tipoAcao}]]></textFieldExpression>
				</textField>
				<textField isStretchWithOverflow="false" pattern="" isBlankWhenNull="true" evaluationTime="Now" hyperlinkType="None"  hyperlinkTarget="Self" >
					<reportElement
						mode="Transparent"
						x="133"
						y="6"
						width="42"
						height="14"
						forecolor="#000000"
						backcolor="#FFFFFF"
						key="textField"
						stretchType="NoStretch"
						positionType="FixRelativeToTop"
						isPrintRepeatedValues="true"
						isRemoveLineWhenBlank="false"
						isPrintInFirstWholeBand="false"
						isPrintWhenDetailOverflows="false"/>
					<box topBorder="None" topBorderColor="#000000" leftBorder="None" leftBorderColor="#000000" rightBorder="None" rightBorderColor="#FFFFFF" bottomBorder="None" bottomBorderColor="#000000"/>
					<textElement textAlignment="Left" verticalAlignment="Top" rotation="None" lineSpacing="Single">
						<font fontName="Arial" pdfFontName="Helvetica" size="10" isBold="false" isItalic="false" isUnderline="false" isPdfEmbedded ="false" pdfEncoding ="Cp1252" isStrikeThrough="false" />
					</textElement>
				<textFieldExpression   class="java.lang.Integer"><![CDATA[$F{codigoAcao}]]></textFieldExpression>
				</textField>
				<textField isStretchWithOverflow="true" pattern="" isBlankWhenNull="true" evaluationTime="Now" hyperlinkType="None"  hyperlinkTarget="Self" >
					<reportElement
						mode="Transparent"
						x="190"
						y="6"
						width="229"
						height="14"
						forecolor="#000000"
						backcolor="#FFFFFF"
						key="textField"
						stretchType="NoStretch"
						positionType="FixRelativeToTop"
						isPrintRepeatedValues="true"
						isRemoveLineWhenBlank="false"
						isPrintInFirstWholeBand="false"
						isPrintWhenDetailOverflows="false"/>
					<box topBorder="None" topBorderColor="#000000" leftBorder="None" leftBorderColor="#000000" rightBorder="None" rightBorderColor="#FFFFFF" bottomBorder="None" bottomBorderColor="#000000"/>
					<textElement textAlignment="Left" verticalAlignment="Top" rotation="None" lineSpacing="Single">
						<font fontName="Arial" pdfFontName="Helvetica" size="10" isBold="false" isItalic="false" isUnderline="false" isPdfEmbedded ="false" pdfEncoding ="Cp1252" isStrikeThrough="false" />
					</textElement>
				<textFieldExpression   class="java.lang.String"><![CDATA[$F{descricaoUnidadeMedida}]]></textFieldExpression>
				</textField>
				<textField isStretchWithOverflow="false" pattern="" isBlankWhenNull="true" evaluationTime="Now" hyperlinkType="None"  hyperlinkTarget="Self" >
					<reportElement
						mode="Transparent"
						x="21"
						y="6"
						width="44"
						height="12"
						forecolor="#000000"
						backcolor="#FFFFFF"
						key="textField"
						stretchType="NoStretch"
						positionType="FixRelativeToTop"
						isPrintRepeatedValues="true"
						isRemoveLineWhenBlank="false"
						isPrintInFirstWholeBand="false"
						isPrintWhenDetailOverflows="false"/>
					<box topBorder="None" topBorderColor="#000000" leftBorder="None" leftBorderColor="#000000" rightBorder="None" rightBorderColor="#FFFFFF" bottomBorder="None" bottomBorderColor="#000000"/>
					<textElement textAlignment="Left" verticalAlignment="Top" rotation="None" lineSpacing="Single">
						<font fontName="Arial" pdfFontName="Helvetica" size="10" isBold="false" isItalic="false" isUnderline="false" isPdfEmbedded ="false" pdfEncoding ="Cp1252" isStrikeThrough="false" />
					</textElement>
				<textFieldExpression   class="java.lang.Integer"><![CDATA[$F{anoLDO}]]></textFieldExpression>
				</textField>
				<textField isStretchWithOverflow="false" pattern="" isBlankWhenNull="true" evaluationTime="Now" hyperlinkType="None"  hyperlinkTarget="Self" >
					<reportElement
						mode="Transparent"
						x="421"
						y="6"
						width="111"
						height="14"
						forecolor="#000000"
						backcolor="#FFFFFF"
						key="textField"
						stretchType="NoStretch"
						positionType="FixRelativeToTop"
						isPrintRepeatedValues="true"
						isRemoveLineWhenBlank="false"
						isPrintInFirstWholeBand="false"
						isPrintWhenDetailOverflows="false"/>
					<box topBorder="None" topBorderColor="#000000" leftBorder="None" leftBorderColor="#000000" rightBorder="None" rightBorderColor="#FFFFFF" bottomBorder="None" bottomBorderColor="#000000"/>
					<textElement textAlignment="Right" verticalAlignment="Top" rotation="None" lineSpacing="Single">
						<font fontName="Arial" pdfFontName="Helvetica" size="10" isBold="false" isItalic="false" isUnderline="false" isPdfEmbedded ="false" pdfEncoding ="Cp1252" isStrikeThrough="false" />
					</textElement>
				<textFieldExpression   class="java.lang.String"><![CDATA[$F{qtdUnidadePrevista}]]></textFieldExpression>
				</textField>
			</band>
		</detail>
		<columnFooter>
			<band height="0"  isSplitAllowed="true" >
			</band>
		</columnFooter>
		<pageFooter>
			<band height="31"  isSplitAllowed="true" >
				<line direction="TopDown">
					<reportElement
						mode="Opaque"
						x="3"
						y="8"
						width="532"
						height="0"
						forecolor="#000000"
						backcolor="#FFFFFF"
						key="line"
						stretchType="NoStretch"
						positionType="FixRelativeToTop"
						isPrintRepeatedValues="true"
						isRemoveLineWhenBlank="false"
						isPrintInFirstWholeBand="false"
						isPrintWhenDetailOverflows="false"/>
					<graphicElement stretchType="NoStretch" pen="Thin" fill="Solid" />
				</line>
				<textField isStretchWithOverflow="false" pattern="" isBlankWhenNull="true" evaluationTime="Now" hyperlinkType="None"  hyperlinkTarget="Self" >
					<reportElement
						mode="Transparent"
						x="1"
						y="11"
						width="327"
						height="12"
						forecolor="#000000"
						backcolor="#FFFFFF"
						key="textField-1"
						stretchType="NoStretch"
						positionType="FixRelativeToTop"
						isPrintRepeatedValues="true"
						isRemoveLineWhenBlank="false"
						isPrintInFirstWholeBand="false"
						isPrintWhenDetailOverflows="false"/>
					<box topBorder="None" topBorderColor="#000000" leftBorder="None" leftBorderColor="#000000" rightBorder="None" rightBorderColor="#FFFFFF" bottomBorder="None" bottomBorderColor="#000000"/>
					<textElement textAlignment="Left" verticalAlignment="Middle" rotation="None" lineSpacing="Single">
						<font fontName="arial" pdfFontName="Helvetica" size="8" isBold="false" isItalic="false" isUnderline="false" isPdfEmbedded ="false" pdfEncoding ="Cp1252" isStrikeThrough="false" />
					</textElement>
				<textFieldExpression   class="java.lang.String"><![CDATA["e-Sfinge Versão: "+$P{versao} + " - Impresso em: "+$P{DataHoraAtual}]]></textFieldExpression>
				</textField>
				<textField isStretchWithOverflow="false" pattern="" isBlankWhenNull="false" evaluationTime="Now" hyperlinkType="None"  hyperlinkTarget="Self" >
					<reportElement
						mode="Opaque"
						x="206"
						y="11"
						width="122"
						height="12"
						forecolor="#000000"
						backcolor="#FFFFFF"
						key="textField-2"
						stretchType="NoStretch"
						positionType="FixRelativeToTop"
						isPrintRepeatedValues="true"
						isRemoveLineWhenBlank="false"
						isPrintInFirstWholeBand="false"
						isPrintWhenDetailOverflows="false"/>
					<box topBorder="None" topBorderColor="#000000" leftBorder="None" leftBorderColor="#000000" rightBorder="None" rightBorderColor="#FFFFFF" bottomBorder="None" bottomBorderColor="#000000"/>
					<textElement textAlignment="Center" verticalAlignment="Middle" rotation="None" lineSpacing="Single">
						<font fontName="Arial" pdfFontName="Helvetica" size="8" isBold="false" isItalic="false" isUnderline="false" isPdfEmbedded ="false" pdfEncoding ="Cp1252" isStrikeThrough="false" />
					</textElement>
				<textFieldExpression   class="java.lang.String"><![CDATA["Página: "+$V{PAGE_NUMBER}]]></textFieldExpression>
				</textField>
				<textField isStretchWithOverflow="false" pattern="" isBlankWhenNull="false" evaluationTime="Now" hyperlinkType="None"  hyperlinkTarget="Self" >
					<reportElement
						mode="Opaque"
						x="364"
						y="11"
						width="171"
						height="12"
						forecolor="#000000"
						backcolor="#FFFFFF"
						key="textField-3"
						stretchType="NoStretch"
						positionType="FixRelativeToTop"
						isPrintRepeatedValues="true"
						isRemoveLineWhenBlank="false"
						isPrintInFirstWholeBand="false"
						isPrintWhenDetailOverflows="false"/>
					<box topBorder="None" topBorderColor="#000000" leftBorder="None" leftBorderColor="#000000" rightBorder="None" rightBorderColor="#FFFFFF" bottomBorder="None" bottomBorderColor="#000000"/>
					<textElement textAlignment="Right" verticalAlignment="Middle" rotation="None" lineSpacing="Single">
						<font fontName="Arial" pdfFontName="Helvetica" size="8" isBold="false" isItalic="false" isUnderline="false" isPdfEmbedded ="false" pdfEncoding ="Cp1252" isStrikeThrough="false" />
					</textElement>
				<textFieldExpression   class="java.lang.String"><![CDATA["Contador : "+$V{CONTADOR_TOTAL}.longValue()]]></textFieldExpression>
				</textField>
			</band>
		</pageFooter>
		<summary>
			<band height="0"  isSplitAllowed="true" >
			</band>
		</summary>
</jasperReport>
