<?xml version="1.0" encoding="UTF-8"  ?>
<!-- Created with iReport - A designer for JasperReports -->
<!DOCTYPE jasperReport PUBLIC "//JasperReports//DTD Report Design//EN" "http://jasperreports.sourceforge.net/dtds/jasperreport.dtd">
<jasperReport
		 name="RelatorioTextoJuridico"
		 columnCount="1"
		 printOrder="Vertical"
		 orientation="Landscape"
		 pageWidth="842"
		 pageHeight="595"
		 columnWidth="535"
		 columnSpacing="0"
		 leftMargin="30"
		 rightMargin="30"
		 topMargin="20"
		 bottomMargin="20"
		 whenNoDataType="AllSectionsNoDetail"
		 isTitleNewPage="false"
		 isSummaryNewPage="false">
	<property name="ireport.scriptlethandling" value="0" />
	<import value="java.util.*" />
	<import value="net.sf.jasperreports.engine.*" />
	<import value="net.sf.jasperreports.engine.data.*" />
	<parameter name="ReportTitle" isForPrompting="true" class="java.lang.String"/>
	<parameter name="DataHoraAtual" isForPrompting="true" class="java.lang.String"/>
	<parameter name="competencia" isForPrompting="true" class="java.lang.String"/>
	<parameter name="logo_image" isForPrompting="true" class="java.lang.String"/>
	<parameter name="nomeUg" isForPrompting="true" class="java.lang.String"/>
	<parameter name="codigoUg" isForPrompting="true" class="java.lang.String"/>
	<parameter name="versao" isForPrompting="true" class="java.lang.String"/>
	<field name="tipoTextoJuridico" class="java.lang.Integer"/>
	<field name="numeroTextoJuridico" class="java.lang.String"/>
	<field name="naturezaTextoJuridico" class="java.lang.Integer"/>
	<field name="descricaoEmenta" class="java.lang.String"/>
	<field name="indicativoLeiOriginal" class="java.lang.Boolean"/>
	<field name="numeroLeiAutorizativa" class="java.lang.String"/>
	<field name="dataLeiAutorizativa" class="java.util.Date"/>
	<variable name="CONTADOR_TOTAL" class="java.lang.Long" resetType="Report" calculation="Count">
		<variableExpression><![CDATA[new java.lang.Long(1)]]></variableExpression>
		<initialValueExpression><![CDATA[new java.lang.Long(0)]]></initialValueExpression>
	</variable>
		<background>
			<band height="0"  isSplitAllowed="true" >
			</band>
		</background>
		<title>
			<band height="1"  isSplitAllowed="true" >
			</band>
		</title>
		<pageHeader>
			<band height="104"  isSplitAllowed="true" >
				<staticText>
					<reportElement
						mode="Transparent"
						x="4"
						y="86"
						width="54"
						height="17"
						forecolor="#000000"
						backcolor="#FFFFFF"
						key="staticText"
						stretchType="NoStretch"
						positionType="FixRelativeToTop"
						isPrintRepeatedValues="true"
						isRemoveLineWhenBlank="false"
						isPrintInFirstWholeBand="false"
						isPrintWhenDetailOverflows="false"/>
					<box topBorder="None" topBorderColor="#000000" leftBorder="None" leftBorderColor="#000000" rightBorder="None" rightBorderColor="#000000" bottomBorder="None" bottomBorderColor="#000000"/>
					<textElement textAlignment="Left" verticalAlignment="Top" rotation="None" lineSpacing="Single">
						<font fontName="Arial" pdfFontName="Helvetica-Bold" size="10" isBold="true" isItalic="false" isUnderline="false" isPdfEmbedded ="false" pdfEncoding ="Cp1252" isStrikeThrough="false" />
					</textElement>
				<text><![CDATA[Tp Txt Jur]]></text>
				</staticText>
				<staticText>
					<reportElement
						mode="Transparent"
						x="60"
						y="87"
						width="95"
						height="17"
						forecolor="#000000"
						backcolor="#FFFFFF"
						key="staticText"
						stretchType="NoStretch"
						positionType="FixRelativeToTop"
						isPrintRepeatedValues="true"
						isRemoveLineWhenBlank="false"
						isPrintInFirstWholeBand="false"
						isPrintWhenDetailOverflows="false"/>
					<box topBorder="None" topBorderColor="#000000" leftBorder="None" leftBorderColor="#000000" rightBorder="None" rightBorderColor="#000000" bottomBorder="None" bottomBorderColor="#000000"/>
					<textElement textAlignment="Left" verticalAlignment="Top" rotation="None" lineSpacing="Single">
						<font fontName="Arial" pdfFontName="Helvetica-Bold" size="10" isBold="true" isItalic="false" isUnderline="false" isPdfEmbedded ="false" pdfEncoding ="Cp1252" isStrikeThrough="false" />
					</textElement>
				<text><![CDATA[Nr Texto Juridico]]></text>
				</staticText>
				<staticText>
					<reportElement
						mode="Transparent"
						x="158"
						y="87"
						width="56"
						height="17"
						forecolor="#000000"
						backcolor="#FFFFFF"
						key="staticText"
						stretchType="NoStretch"
						positionType="FixRelativeToTop"
						isPrintRepeatedValues="true"
						isRemoveLineWhenBlank="false"
						isPrintInFirstWholeBand="false"
						isPrintWhenDetailOverflows="false"/>
					<box topBorder="None" topBorderColor="#000000" leftBorder="None" leftBorderColor="#000000" rightBorder="None" rightBorderColor="#000000" bottomBorder="None" bottomBorderColor="#000000"/>
					<textElement textAlignment="Left" verticalAlignment="Top" rotation="None" lineSpacing="Single">
						<font fontName="Arial" pdfFontName="Helvetica-Bold" size="10" isBold="true" isItalic="false" isUnderline="false" isPdfEmbedded ="false" pdfEncoding ="Cp1252" isStrikeThrough="false" />
					</textElement>
				<text><![CDATA[Nat Txt Jur]]></text>
				</staticText>
				<staticText>
					<reportElement
						mode="Transparent"
						x="217"
						y="87"
						width="292"
						height="17"
						forecolor="#000000"
						backcolor="#FFFFFF"
						key="staticText"
						stretchType="NoStretch"
						positionType="FixRelativeToTop"
						isPrintRepeatedValues="true"
						isRemoveLineWhenBlank="false"
						isPrintInFirstWholeBand="false"
						isPrintWhenDetailOverflows="false"/>
					<box topBorder="None" topBorderColor="#000000" leftBorder="None" leftBorderColor="#000000" rightBorder="None" rightBorderColor="#000000" bottomBorder="None" bottomBorderColor="#000000"/>
					<textElement textAlignment="Left" verticalAlignment="Top" rotation="None" lineSpacing="Single">
						<font fontName="Arial" pdfFontName="Helvetica-Bold" size="10" isBold="true" isItalic="false" isUnderline="false" isPdfEmbedded ="false" pdfEncoding ="Cp1252" isStrikeThrough="false" />
					</textElement>
				<text><![CDATA[Descr Ementa]]></text>
				</staticText>
				<staticText>
					<reportElement
						mode="Transparent"
						x="512"
						y="87"
						width="61"
						height="17"
						forecolor="#000000"
						backcolor="#FFFFFF"
						key="staticText"
						stretchType="NoStretch"
						positionType="FixRelativeToTop"
						isPrintRepeatedValues="true"
						isRemoveLineWhenBlank="false"
						isPrintInFirstWholeBand="false"
						isPrintWhenDetailOverflows="false"/>
					<box topBorder="None" topBorderColor="#000000" leftBorder="None" leftBorderColor="#000000" rightBorder="None" rightBorderColor="#000000" bottomBorder="None" bottomBorderColor="#000000"/>
					<textElement textAlignment="Left" verticalAlignment="Top" rotation="None" lineSpacing="Single">
						<font fontName="Arial" pdfFontName="Helvetica-Bold" size="10" isBold="true" isItalic="false" isUnderline="false" isPdfEmbedded ="false" pdfEncoding ="Cp1252" isStrikeThrough="false" />
					</textElement>
				<text><![CDATA[Ind Lei Orig]]></text>
				</staticText>
				<staticText>
					<reportElement
						mode="Transparent"
						x="575"
						y="87"
						width="113"
						height="17"
						forecolor="#000000"
						backcolor="#FFFFFF"
						key="staticText"
						stretchType="NoStretch"
						positionType="FixRelativeToTop"
						isPrintRepeatedValues="true"
						isRemoveLineWhenBlank="false"
						isPrintInFirstWholeBand="false"
						isPrintWhenDetailOverflows="false"/>
					<box topBorder="None" topBorderColor="#000000" leftBorder="None" leftBorderColor="#000000" rightBorder="None" rightBorderColor="#000000" bottomBorder="None" bottomBorderColor="#000000"/>
					<textElement textAlignment="Left" verticalAlignment="Top" rotation="None" lineSpacing="Single">
						<font fontName="sansserif" pdfFontName="Helvetica" size="10" isBold="true" isItalic="false" isUnderline="false" isPdfEmbedded ="false" pdfEncoding ="Cp1252" isStrikeThrough="false" />
					</textElement>
				<text><![CDATA[Nr Lei Aut]]></text>
				</staticText>
				<staticText>
					<reportElement
						mode="Transparent"
						x="695"
						y="86"
						width="84"
						height="17"
						forecolor="#000000"
						backcolor="#FFFFFF"
						key="staticText"
						stretchType="NoStretch"
						positionType="FixRelativeToTop"
						isPrintRepeatedValues="true"
						isRemoveLineWhenBlank="false"
						isPrintInFirstWholeBand="false"
						isPrintWhenDetailOverflows="false"/>
					<box topBorder="None" topBorderColor="#000000" leftBorder="None" leftBorderColor="#000000" rightBorder="None" rightBorderColor="#000000" bottomBorder="None" bottomBorderColor="#000000"/>
					<textElement textAlignment="Left" verticalAlignment="Top" rotation="None" lineSpacing="Single">
						<font fontName="sansserif" pdfFontName="Helvetica" size="10" isBold="true" isItalic="false" isUnderline="false" isPdfEmbedded ="false" pdfEncoding ="Cp1252" isStrikeThrough="false" />
					</textElement>
				<text><![CDATA[Dt Lei Aut]]></text>
				</staticText>
				<textField isStretchWithOverflow="false" pattern="" isBlankWhenNull="true" evaluationTime="Now" hyperlinkType="None"  hyperlinkTarget="Self" >
					<reportElement
						mode="Transparent"
						x="138"
						y="6"
						width="430"
						height="30"
						forecolor="#000000"
						backcolor="#FFFFFF"
						key="textField-1"
						stretchType="NoStretch"
						positionType="FixRelativeToTop"
						isPrintRepeatedValues="true"
						isRemoveLineWhenBlank="false"
						isPrintInFirstWholeBand="false"
						isPrintWhenDetailOverflows="false"/>
					<box topBorder="None" topBorderColor="#000000" leftBorder="None" leftBorderColor="#000000" rightBorder="None" rightBorderColor="#FFFFFF" bottomBorder="None" bottomBorderColor="#000000"/>
					<textElement textAlignment="Center" verticalAlignment="Top" rotation="None" lineSpacing="Single">
						<font fontName="arial" pdfFontName="Helvetica-Bold" size="14" isBold="true" isItalic="false" isUnderline="false" isPdfEmbedded ="false" pdfEncoding ="Cp1252" isStrikeThrough="false" />
					</textElement>
				<textFieldExpression   class="java.lang.String"><![CDATA[$P{ReportTitle}]]></textFieldExpression>
				</textField>
				<line direction="TopDown">
					<reportElement
						mode="Opaque"
						x="0"
						y="83"
						width="782"
						height="0"
						forecolor="#000000"
						backcolor="#FFFFFF"
						key="line-1"
						stretchType="NoStretch"
						positionType="FixRelativeToTop"
						isPrintRepeatedValues="true"
						isRemoveLineWhenBlank="false"
						isPrintInFirstWholeBand="false"
						isPrintWhenDetailOverflows="false"/>
					<graphicElement stretchType="NoStretch" pen="Thin" fill="Solid" />
				</line>
				<textField isStretchWithOverflow="false" pattern="" isBlankWhenNull="true" evaluationTime="Now" hyperlinkType="None"  hyperlinkTarget="Self" >
					<reportElement
						mode="Transparent"
						x="4"
						y="63"
						width="530"
						height="15"
						forecolor="#000000"
						backcolor="#FFFFFF"
						key="textField-2"
						stretchType="NoStretch"
						positionType="FixRelativeToTop"
						isPrintRepeatedValues="true"
						isRemoveLineWhenBlank="false"
						isPrintInFirstWholeBand="false"
						isPrintWhenDetailOverflows="false"/>
					<box topBorder="None" topBorderColor="#000000" leftBorder="None" leftBorderColor="#000000" rightBorder="None" rightBorderColor="#FFFFFF" bottomBorder="None" bottomBorderColor="#000000"/>
					<textElement textAlignment="Left" verticalAlignment="Middle" rotation="None" lineSpacing="Single">
						<font fontName="arial" pdfFontName="Helvetica" size="9" isBold="false" isItalic="false" isUnderline="false" isPdfEmbedded ="false" pdfEncoding ="Cp1252" isStrikeThrough="false" />
					</textElement>
				<textFieldExpression   class="java.lang.String"><![CDATA["Competência: "+$P{competencia}]]></textFieldExpression>
				</textField>
				<textField isStretchWithOverflow="false" pattern="" isBlankWhenNull="true" evaluationTime="Now" hyperlinkType="None"  hyperlinkTarget="Self" >
					<reportElement
						mode="Opaque"
						x="4"
						y="46"
						width="530"
						height="15"
						forecolor="#000000"
						backcolor="#FFFFFF"
						key="textField-3"
						stretchType="NoStretch"
						positionType="FixRelativeToTop"
						isPrintRepeatedValues="true"
						isRemoveLineWhenBlank="false"
						isPrintInFirstWholeBand="false"
						isPrintWhenDetailOverflows="false"/>
					<box topBorder="None" topBorderColor="#000000" leftBorder="None" leftBorderColor="#000000" rightBorder="None" rightBorderColor="#FFFFFF" bottomBorder="None" bottomBorderColor="#000000"/>
					<textElement textAlignment="Left" verticalAlignment="Middle" rotation="None" lineSpacing="Single">
						<font fontName="Arial" pdfFontName="Helvetica" size="9" isBold="false" isItalic="false" isUnderline="false" isPdfEmbedded ="false" pdfEncoding ="Cp1252" isStrikeThrough="false" />
					</textElement>
				<textFieldExpression   class="java.lang.String"><![CDATA["Unidade Gestora: ("+$P{codigoUg}+"/"+$P{nomeUg}+")"]]></textFieldExpression>
				</textField>
				<image  scaleImage="FillFrame" vAlign="Top" hAlign="Left" isUsingCache="false" evaluationTime="Now" hyperlinkType="None"  hyperlinkTarget="Self" >
					<reportElement
						mode="Opaque"
						x="4"
						y="4"
						width="132"
						height="35"
						forecolor="#000000"
						backcolor="#FFFFFF"
						key="image-1"
						stretchType="NoStretch"
						positionType="FixRelativeToTop"
						isPrintRepeatedValues="true"
						isRemoveLineWhenBlank="false"
						isPrintInFirstWholeBand="false"
						isPrintWhenDetailOverflows="false"/>
					<box topBorder="None" topBorderColor="#000000" leftBorder="None" leftBorderColor="#000000" rightBorder="None" rightBorderColor="#000000" bottomBorder="None" bottomBorderColor="#000000"/>
					<graphicElement stretchType="NoStretch" pen="None" fill="Solid" />
					<imageExpression class="java.lang.String"><![CDATA[$P{logo_image}]]></imageExpression>				</image>
			</band>
		</pageHeader>
		<columnHeader>
			<band height="0"  isSplitAllowed="true" >
			</band>
		</columnHeader>
		<detail>
			<band height="24"  isSplitAllowed="true" >
				<textField isStretchWithOverflow="true" pattern="" isBlankWhenNull="true" evaluationTime="Now" hyperlinkType="None"  hyperlinkTarget="Self" >
					<reportElement
						mode="Transparent"
						x="5"
						y="4"
						width="49"
						height="17"
						forecolor="#000000"
						backcolor="#FFFFFF"
						key="textField"
						stretchType="NoStretch"
						positionType="FixRelativeToTop"
						isPrintRepeatedValues="true"
						isRemoveLineWhenBlank="false"
						isPrintInFirstWholeBand="false"
						isPrintWhenDetailOverflows="false"/>
					<box topBorder="None" topBorderColor="#000000" leftBorder="None" leftBorderColor="#000000" rightBorder="None" rightBorderColor="#000000" bottomBorder="None" bottomBorderColor="#000000"/>
					<textElement textAlignment="Left" verticalAlignment="Top" rotation="None" lineSpacing="Single">
						<font fontName="Arial" pdfFontName="Helvetica" size="10" isBold="false" isItalic="false" isUnderline="false" isPdfEmbedded ="false" pdfEncoding ="Cp1252" isStrikeThrough="false" />
					</textElement>
				<textFieldExpression   class="java.lang.Integer"><![CDATA[$F{tipoTextoJuridico}]]></textFieldExpression>
				</textField>
				<textField isStretchWithOverflow="true" pattern="" isBlankWhenNull="true" evaluationTime="Now" hyperlinkType="None"  hyperlinkTarget="Self" >
					<reportElement
						mode="Transparent"
						x="60"
						y="4"
						width="96"
						height="17"
						forecolor="#000000"
						backcolor="#FFFFFF"
						key="textField"
						stretchType="NoStretch"
						positionType="FixRelativeToTop"
						isPrintRepeatedValues="true"
						isRemoveLineWhenBlank="false"
						isPrintInFirstWholeBand="false"
						isPrintWhenDetailOverflows="false"/>
					<box topBorder="None" topBorderColor="#000000" leftBorder="None" leftBorderColor="#000000" rightBorder="None" rightBorderColor="#000000" bottomBorder="None" bottomBorderColor="#000000"/>
					<textElement textAlignment="Left" verticalAlignment="Top" rotation="None" lineSpacing="Single">
						<font fontName="Arial" pdfFontName="Helvetica" size="10" isBold="false" isItalic="false" isUnderline="false" isPdfEmbedded ="false" pdfEncoding ="Cp1252" isStrikeThrough="false" />
					</textElement>
				<textFieldExpression   class="java.lang.String"><![CDATA[$F{numeroTextoJuridico}]]></textFieldExpression>
				</textField>
				<textField isStretchWithOverflow="true" pattern="" isBlankWhenNull="true" evaluationTime="Now" hyperlinkType="None"  hyperlinkTarget="Self" >
					<reportElement
						mode="Transparent"
						x="159"
						y="4"
						width="55"
						height="17"
						forecolor="#000000"
						backcolor="#FFFFFF"
						key="textField"
						stretchType="NoStretch"
						positionType="FixRelativeToTop"
						isPrintRepeatedValues="true"
						isRemoveLineWhenBlank="false"
						isPrintInFirstWholeBand="false"
						isPrintWhenDetailOverflows="false"/>
					<box topBorder="None" topBorderColor="#000000" leftBorder="None" leftBorderColor="#000000" rightBorder="None" rightBorderColor="#000000" bottomBorder="None" bottomBorderColor="#000000"/>
					<textElement textAlignment="Left" verticalAlignment="Top" rotation="None" lineSpacing="Single">
						<font fontName="Arial" pdfFontName="Helvetica" size="10" isBold="false" isItalic="false" isUnderline="false" isPdfEmbedded ="false" pdfEncoding ="Cp1252" isStrikeThrough="false" />
					</textElement>
				<textFieldExpression   class="java.lang.Integer"><![CDATA[$F{naturezaTextoJuridico}]]></textFieldExpression>
				</textField>
				<textField isStretchWithOverflow="true" pattern="" isBlankWhenNull="true" evaluationTime="Now" hyperlinkType="None"  hyperlinkTarget="Self" >
					<reportElement
						mode="Transparent"
						x="218"
						y="4"
						width="292"
						height="17"
						forecolor="#000000"
						backcolor="#FFFFFF"
						key="textField"
						stretchType="NoStretch"
						positionType="FixRelativeToTop"
						isPrintRepeatedValues="true"
						isRemoveLineWhenBlank="false"
						isPrintInFirstWholeBand="false"
						isPrintWhenDetailOverflows="false"/>
					<box topBorder="None" topBorderColor="#000000" leftBorder="None" leftBorderColor="#000000" rightBorder="None" rightBorderColor="#000000" bottomBorder="None" bottomBorderColor="#000000"/>
					<textElement textAlignment="Left" verticalAlignment="Top" rotation="None" lineSpacing="Single">
						<font fontName="Arial" pdfFontName="Helvetica" size="10" isBold="false" isItalic="false" isUnderline="false" isPdfEmbedded ="false" pdfEncoding ="Cp1252" isStrikeThrough="false" />
					</textElement>
				<textFieldExpression   class="java.lang.String"><![CDATA[$F{descricaoEmenta}]]></textFieldExpression>
				</textField>
				<textField isStretchWithOverflow="true" pattern="" isBlankWhenNull="true" evaluationTime="Now" hyperlinkType="None"  hyperlinkTarget="Self" >
					<reportElement
						mode="Transparent"
						x="514"
						y="5"
						width="57"
						height="17"
						forecolor="#000000"
						backcolor="#FFFFFF"
						key="textField"
						stretchType="NoStretch"
						positionType="FixRelativeToTop"
						isPrintRepeatedValues="true"
						isRemoveLineWhenBlank="false"
						isPrintInFirstWholeBand="false"
						isPrintWhenDetailOverflows="false"/>
					<box topBorder="None" topBorderColor="#000000" leftBorder="None" leftBorderColor="#000000" rightBorder="None" rightBorderColor="#000000" bottomBorder="None" bottomBorderColor="#000000"/>
					<textElement textAlignment="Left" verticalAlignment="Top" rotation="None" lineSpacing="Single">
						<font fontName="Arial" pdfFontName="Helvetica" size="10" isBold="false" isItalic="false" isUnderline="false" isPdfEmbedded ="false" pdfEncoding ="Cp1252" isStrikeThrough="false" />
					</textElement>
				<textFieldExpression   class="java.lang.String"><![CDATA[$F{indicativoLeiOriginal}.booleanValue()==true?"S":"N"]]></textFieldExpression>
				</textField>
				<textField isStretchWithOverflow="true" pattern="" isBlankWhenNull="true" evaluationTime="Now" hyperlinkType="None"  hyperlinkTarget="Self" >
					<reportElement
						mode="Transparent"
						x="576"
						y="4"
						width="112"
						height="17"
						forecolor="#000000"
						backcolor="#FFFFFF"
						key="textField"
						stretchType="NoStretch"
						positionType="FixRelativeToTop"
						isPrintRepeatedValues="true"
						isRemoveLineWhenBlank="false"
						isPrintInFirstWholeBand="false"
						isPrintWhenDetailOverflows="false"/>
					<box topBorder="None" topBorderColor="#000000" leftBorder="None" leftBorderColor="#000000" rightBorder="None" rightBorderColor="#000000" bottomBorder="None" bottomBorderColor="#000000"/>
					<textElement textAlignment="Left" verticalAlignment="Top" rotation="None" lineSpacing="Single">
						<font fontName="Arial" pdfFontName="Helvetica" size="10" isBold="false" isItalic="false" isUnderline="false" isPdfEmbedded ="false" pdfEncoding ="Cp1252" isStrikeThrough="false" />
					</textElement>
				<textFieldExpression   class="java.lang.String"><![CDATA[$F{numeroLeiAutorizativa}]]></textFieldExpression>
				</textField>
				<textField isStretchWithOverflow="true" pattern="dd/MM/yyyy" isBlankWhenNull="true" evaluationTime="Now" hyperlinkType="None"  hyperlinkTarget="Self" >
					<reportElement
						mode="Transparent"
						x="696"
						y="4"
						width="80"
						height="17"
						forecolor="#000000"
						backcolor="#FFFFFF"
						key="textField"
						stretchType="NoStretch"
						positionType="FixRelativeToTop"
						isPrintRepeatedValues="true"
						isRemoveLineWhenBlank="false"
						isPrintInFirstWholeBand="false"
						isPrintWhenDetailOverflows="false"/>
					<box topBorder="None" topBorderColor="#000000" leftBorder="None" leftBorderColor="#000000" rightBorder="None" rightBorderColor="#000000" bottomBorder="None" bottomBorderColor="#000000"/>
					<textElement textAlignment="Left" verticalAlignment="Top" rotation="None" lineSpacing="Single">
						<font fontName="Arial" pdfFontName="Helvetica" size="10" isBold="false" isItalic="false" isUnderline="false" isPdfEmbedded ="false" pdfEncoding ="Cp1252" isStrikeThrough="false" />
					</textElement>
				<textFieldExpression   class="java.util.Date"><![CDATA[$F{dataLeiAutorizativa}]]></textFieldExpression>
				</textField>
			</band>
		</detail>
		<columnFooter>
			<band height="0"  isSplitAllowed="true" >
			</band>
		</columnFooter>
		<pageFooter>
			<band height="22"  isSplitAllowed="true" >
				<line direction="TopDown">
					<reportElement
						mode="Opaque"
						x="0"
						y="2"
						width="782"
						height="0"
						forecolor="#000000"
						backcolor="#FFFFFF"
						key="line"
						stretchType="NoStretch"
						positionType="FixRelativeToTop"
						isPrintRepeatedValues="true"
						isRemoveLineWhenBlank="false"
						isPrintInFirstWholeBand="false"
						isPrintWhenDetailOverflows="false"/>
					<graphicElement stretchType="NoStretch" pen="Thin" fill="Solid" />
				</line>
				<textField isStretchWithOverflow="false" pattern="" isBlankWhenNull="false" evaluationTime="Now" hyperlinkType="None"  hyperlinkTarget="Self" >
					<reportElement
						mode="Opaque"
						x="330"
						y="5"
						width="122"
						height="12"
						forecolor="#000000"
						backcolor="#FFFFFF"
						key="textField-4"
						stretchType="NoStretch"
						positionType="FixRelativeToTop"
						isPrintRepeatedValues="true"
						isRemoveLineWhenBlank="false"
						isPrintInFirstWholeBand="false"
						isPrintWhenDetailOverflows="false"/>
					<box topBorder="None" topBorderColor="#000000" leftBorder="None" leftBorderColor="#000000" rightBorder="None" rightBorderColor="#FFFFFF" bottomBorder="None" bottomBorderColor="#000000"/>
					<textElement textAlignment="Center" verticalAlignment="Middle" rotation="None" lineSpacing="Single">
						<font fontName="Arial" pdfFontName="Helvetica" size="8" isBold="false" isItalic="false" isUnderline="false" isPdfEmbedded ="false" pdfEncoding ="Cp1252" isStrikeThrough="false" />
					</textElement>
				<textFieldExpression   class="java.lang.String"><![CDATA["Página: "+$V{PAGE_NUMBER}]]></textFieldExpression>
				</textField>
				<textField isStretchWithOverflow="false" pattern="" isBlankWhenNull="false" evaluationTime="Now" hyperlinkType="None"  hyperlinkTarget="Self" >
					<reportElement
						mode="Opaque"
						x="609"
						y="5"
						width="171"
						height="12"
						forecolor="#000000"
						backcolor="#FFFFFF"
						key="textField-5"
						stretchType="NoStretch"
						positionType="FixRelativeToTop"
						isPrintRepeatedValues="true"
						isRemoveLineWhenBlank="false"
						isPrintInFirstWholeBand="false"
						isPrintWhenDetailOverflows="false"/>
					<box topBorder="None" topBorderColor="#000000" leftBorder="None" leftBorderColor="#000000" rightBorder="None" rightBorderColor="#FFFFFF" bottomBorder="None" bottomBorderColor="#000000"/>
					<textElement textAlignment="Right" verticalAlignment="Middle" rotation="None" lineSpacing="Single">
						<font fontName="Arial" pdfFontName="Helvetica" size="8" isBold="false" isItalic="false" isUnderline="false" isPdfEmbedded ="false" pdfEncoding ="Cp1252" isStrikeThrough="false" />
					</textElement>
				<textFieldExpression   class="java.lang.String"><![CDATA["Contador : "+$V{CONTADOR_TOTAL}.longValue()]]></textFieldExpression>
				</textField>
				<textField isStretchWithOverflow="false" pattern="" isBlankWhenNull="true" evaluationTime="Now" hyperlinkType="None"  hyperlinkTarget="Self" >
					<reportElement
						mode="Transparent"
						x="1"
						y="5"
						width="326"
						height="12"
						forecolor="#000000"
						backcolor="#FFFFFF"
						key="textField-6"
						stretchType="NoStretch"
						positionType="FixRelativeToTop"
						isPrintRepeatedValues="true"
						isRemoveLineWhenBlank="false"
						isPrintInFirstWholeBand="false"
						isPrintWhenDetailOverflows="false"/>
					<box topBorder="None" topBorderColor="#000000" leftBorder="None" leftBorderColor="#000000" rightBorder="None" rightBorderColor="#FFFFFF" bottomBorder="None" bottomBorderColor="#000000"/>
					<textElement textAlignment="Left" verticalAlignment="Middle" rotation="None" lineSpacing="Single">
						<font fontName="arial" pdfFontName="Helvetica" size="8" isBold="false" isItalic="false" isUnderline="false" isPdfEmbedded ="false" pdfEncoding ="Cp1252" isStrikeThrough="false" />
					</textElement>
				<textFieldExpression   class="java.lang.String"><![CDATA["e-Sfinge Versão: "+$P{versao} + " - Impresso em: "+$P{DataHoraAtual}]]></textFieldExpression>
				</textField>
			</band>
		</pageFooter>
		<summary>
			<band height="0"  isSplitAllowed="true" >
			</band>
		</summary>
</jasperReport>
