<?xml version="1.0" encoding="UTF-8"  ?>
<!-- Created with iReport - A designer for JasperReports -->
<!DOCTYPE jasperReport PUBLIC "//JasperReports//DTD Report Design//EN" "http://jasperreports.sourceforge.net/dtds/jasperreport.dtd">
<jasperReport
		 name="RelatorioRemessaInformacoes"
		 columnCount="1"
		 printOrder="Vertical"
		 orientation="Landscape"
		 pageWidth="793"
		 pageHeight="595"
		 columnWidth="535"
		 columnSpacing="0"
		 leftMargin="30"
		 rightMargin="30"
		 topMargin="20"
		 bottomMargin="20"
		 whenNoDataType="AllSectionsNoDetail"
		 isTitleNewPage="false"
		 isSummaryNewPage="false">
	<property name="ireport.scriptlethandling" value="0" />
	<import value="java.util.*" />
	<import value="net.sf.jasperreports.engine.*" />
	<import value="net.sf.jasperreports.engine.data.*" />
	<parameter name="ReportTitle" isForPrompting="true" class="java.lang.String"/>
	<parameter name="DataHoraAtual" isForPrompting="true" class="java.lang.String"/>
	<parameter name="competencia" isForPrompting="true" class="java.lang.String"/>
	<parameter name="logo_image" isForPrompting="true" class="java.lang.String"/>
	<parameter name="nomeUg" isForPrompting="true" class="java.lang.String"/>
	<parameter name="codigoUg" isForPrompting="true" class="java.lang.String"/>
	<parameter name="versao" isForPrompting="true" class="java.lang.String"/>
	<field name="tabela" class="java.lang.String"/>
	<field name="arquivo" class="java.lang.String"/>
	<field name="tipoErro" class="java.lang.Integer"/>
	<field name="mensagem" class="java.lang.String"/>
	<field name="dataHora" class="java.lang.String"/>
	<field name="usuario" class="java.lang.String"/>
	<variable name="CONTADOR_TOTAL" class="java.lang.Long" resetType="Report" calculation="Count">
		<variableExpression><![CDATA[new java.lang.Long(1)]]></variableExpression>
		<initialValueExpression><![CDATA[new java.lang.Long(0)]]></initialValueExpression>
	</variable>
		<background>
			<band height="1"  isSplitAllowed="true" >
			</band>
		</background>
		<title>
			<band height="0"  isSplitAllowed="true" >
			</band>
		</title>
		<pageHeader>
			<band height="102"  isSplitAllowed="true" >
				<line direction="TopDown">
					<reportElement
						mode="Opaque"
						x="0"
						y="81"
						width="733"
						height="0"
						forecolor="#000000"
						backcolor="#FFFFFF"
						key="line"
						stretchType="NoStretch"
						positionType="FixRelativeToTop"
						isPrintRepeatedValues="true"
						isRemoveLineWhenBlank="false"
						isPrintInFirstWholeBand="false"
						isPrintWhenDetailOverflows="false"/>
					<graphicElement stretchType="NoStretch" pen="Thin" fill="Solid" />
				</line>
				<textField isStretchWithOverflow="false" pattern="" isBlankWhenNull="false" evaluationTime="Now" hyperlinkType="None"  hyperlinkTarget="Self" >
					<reportElement
						mode="Transparent"
						x="637"
						y="0"
						width="96"
						height="24"
						forecolor="#000000"
						backcolor="#FFFFFF"
						key="textField"
						stretchType="NoStretch"
						positionType="FixRelativeToTop"
						isPrintRepeatedValues="true"
						isRemoveLineWhenBlank="false"
						isPrintInFirstWholeBand="false"
						isPrintWhenDetailOverflows="false"/>
					<box topBorder="None" topBorderColor="#000000" leftBorder="None" leftBorderColor="#000000" rightBorder="None" rightBorderColor="#000000" bottomBorder="None" bottomBorderColor="#000000"/>
					<textElement textAlignment="Right" verticalAlignment="Top" rotation="None" lineSpacing="Single">
						<font fontName="arial" pdfFontName="Helvetica-Bold" size="10" isBold="true" isItalic="false" isUnderline="false" isPdfEmbedded ="false" pdfEncoding ="Cp1252" isStrikeThrough="false" />
					</textElement>
				<textFieldExpression   class="java.lang.String"><![CDATA["Página: " + $V{PAGE_NUMBER}]]></textFieldExpression>
				</textField>
				<staticText>
					<reportElement
						mode="Transparent"
						x="0"
						y="85"
						width="135"
						height="15"
						forecolor="#000000"
						backcolor="#FFFFFF"
						key="staticText"
						stretchType="NoStretch"
						positionType="FixRelativeToTop"
						isPrintRepeatedValues="true"
						isRemoveLineWhenBlank="false"
						isPrintInFirstWholeBand="false"
						isPrintWhenDetailOverflows="false"/>
					<box topBorder="None" topBorderColor="#000000" leftBorder="None" leftBorderColor="#000000" rightBorder="None" rightBorderColor="#000000" bottomBorder="None" bottomBorderColor="#000000"/>
					<textElement textAlignment="Left" verticalAlignment="Top" rotation="None" lineSpacing="Single">
						<font fontName="arial" pdfFontName="Helvetica-Bold" size="10" isBold="true" isItalic="false" isUnderline="false" isPdfEmbedded ="false" pdfEncoding ="Cp1252" isStrikeThrough="false" />
					</textElement>
				<text><![CDATA[Tabela]]></text>
				</staticText>
				<staticText>
					<reportElement
						mode="Transparent"
						x="138"
						y="85"
						width="133"
						height="15"
						forecolor="#000000"
						backcolor="#FFFFFF"
						key="staticText"
						stretchType="NoStretch"
						positionType="FixRelativeToTop"
						isPrintRepeatedValues="true"
						isRemoveLineWhenBlank="false"
						isPrintInFirstWholeBand="false"
						isPrintWhenDetailOverflows="false"/>
					<box topBorder="None" topBorderColor="#000000" leftBorder="None" leftBorderColor="#000000" rightBorder="None" rightBorderColor="#000000" bottomBorder="None" bottomBorderColor="#000000"/>
					<textElement textAlignment="Left" verticalAlignment="Top" rotation="None" lineSpacing="Single">
						<font fontName="arial" pdfFontName="Helvetica-Bold" size="10" isBold="true" isItalic="false" isUnderline="false" isPdfEmbedded ="false" pdfEncoding ="Cp1252" isStrikeThrough="false" />
					</textElement>
				<text><![CDATA[Arquivo]]></text>
				</staticText>
				<staticText>
					<reportElement
						mode="Transparent"
						x="274"
						y="85"
						width="61"
						height="15"
						forecolor="#000000"
						backcolor="#FFFFFF"
						key="staticText"
						stretchType="NoStretch"
						positionType="FixRelativeToTop"
						isPrintRepeatedValues="true"
						isRemoveLineWhenBlank="false"
						isPrintInFirstWholeBand="false"
						isPrintWhenDetailOverflows="false"/>
					<box topBorder="None" topBorderColor="#000000" leftBorder="None" leftBorderColor="#000000" rightBorder="None" rightBorderColor="#000000" bottomBorder="None" bottomBorderColor="#000000"/>
					<textElement textAlignment="Left" verticalAlignment="Top" rotation="None" lineSpacing="Single">
						<font fontName="arial" pdfFontName="Helvetica-Bold" size="10" isBold="true" isItalic="false" isUnderline="false" isPdfEmbedded ="false" pdfEncoding ="Cp1252" isStrikeThrough="false" />
					</textElement>
				<text><![CDATA[Tipo do Erro]]></text>
				</staticText>
				<staticText>
					<reportElement
						mode="Transparent"
						x="338"
						y="85"
						width="143"
						height="15"
						forecolor="#000000"
						backcolor="#FFFFFF"
						key="staticText"
						stretchType="NoStretch"
						positionType="FixRelativeToTop"
						isPrintRepeatedValues="true"
						isRemoveLineWhenBlank="false"
						isPrintInFirstWholeBand="false"
						isPrintWhenDetailOverflows="false"/>
					<box topBorder="None" topBorderColor="#000000" leftBorder="None" leftBorderColor="#000000" rightBorder="None" rightBorderColor="#000000" bottomBorder="None" bottomBorderColor="#000000"/>
					<textElement textAlignment="Left" verticalAlignment="Top" rotation="None" lineSpacing="Single">
						<font fontName="arial" pdfFontName="Helvetica-Bold" size="10" isBold="true" isItalic="false" isUnderline="false" isPdfEmbedded ="false" pdfEncoding ="Cp1252" isStrikeThrough="false" />
					</textElement>
				<text><![CDATA[Mensagem]]></text>
				</staticText>
				<staticText>
					<reportElement
						mode="Transparent"
						x="483"
						y="85"
						width="100"
						height="15"
						forecolor="#000000"
						backcolor="#FFFFFF"
						key="staticText"
						stretchType="NoStretch"
						positionType="FixRelativeToTop"
						isPrintRepeatedValues="true"
						isRemoveLineWhenBlank="false"
						isPrintInFirstWholeBand="false"
						isPrintWhenDetailOverflows="false"/>
					<box topBorder="None" topBorderColor="#000000" leftBorder="None" leftBorderColor="#000000" rightBorder="None" rightBorderColor="#000000" bottomBorder="None" bottomBorderColor="#000000"/>
					<textElement textAlignment="Left" verticalAlignment="Top" rotation="None" lineSpacing="Single">
						<font fontName="arial" pdfFontName="Helvetica-Bold" size="10" isBold="true" isItalic="false" isUnderline="false" isPdfEmbedded ="false" pdfEncoding ="Cp1252" isStrikeThrough="false" />
					</textElement>
				<text><![CDATA[Data e Hora]]></text>
				</staticText>
				<staticText>
					<reportElement
						mode="Transparent"
						x="586"
						y="85"
						width="147"
						height="15"
						forecolor="#000000"
						backcolor="#FFFFFF"
						key="staticText"
						stretchType="NoStretch"
						positionType="FixRelativeToTop"
						isPrintRepeatedValues="true"
						isRemoveLineWhenBlank="false"
						isPrintInFirstWholeBand="false"
						isPrintWhenDetailOverflows="false"/>
					<box topBorder="None" topBorderColor="#000000" leftBorder="None" leftBorderColor="#000000" rightBorder="None" rightBorderColor="#000000" bottomBorder="None" bottomBorderColor="#000000"/>
					<textElement textAlignment="Left" verticalAlignment="Top" rotation="None" lineSpacing="Single">
						<font fontName="arial" pdfFontName="Helvetica-Bold" size="10" isBold="true" isItalic="false" isUnderline="false" isPdfEmbedded ="false" pdfEncoding ="Cp1252" isStrikeThrough="false" />
					</textElement>
				<text><![CDATA[Tabela]]></text>
				</staticText>
				<textField isStretchWithOverflow="false" pattern="" isBlankWhenNull="true" evaluationTime="Now" hyperlinkType="None"  hyperlinkTarget="Self" >
					<reportElement
						mode="Transparent"
						x="139"
						y="5"
						width="344"
						height="30"
						forecolor="#000000"
						backcolor="#FFFFFF"
						key="textField-1"
						stretchType="NoStretch"
						positionType="FixRelativeToTop"
						isPrintRepeatedValues="true"
						isRemoveLineWhenBlank="false"
						isPrintInFirstWholeBand="false"
						isPrintWhenDetailOverflows="false"/>
					<box topBorder="None" topBorderColor="#000000" leftBorder="None" leftBorderColor="#000000" rightBorder="None" rightBorderColor="#FFFFFF" bottomBorder="None" bottomBorderColor="#000000"/>
					<textElement textAlignment="Center" verticalAlignment="Top" rotation="None" lineSpacing="Single">
						<font fontName="arial" pdfFontName="Helvetica-Bold" size="14" isBold="true" isItalic="false" isUnderline="false" isPdfEmbedded ="false" pdfEncoding ="Cp1252" isStrikeThrough="false" />
					</textElement>
				<textFieldExpression   class="java.lang.String"><![CDATA[$P{ReportTitle}]]></textFieldExpression>
				</textField>
				<textField isStretchWithOverflow="false" pattern="" isBlankWhenNull="true" evaluationTime="Now" hyperlinkType="None"  hyperlinkTarget="Self" >
					<reportElement
						mode="Transparent"
						x="5"
						y="62"
						width="530"
						height="15"
						forecolor="#000000"
						backcolor="#FFFFFF"
						key="textField-2"
						stretchType="NoStretch"
						positionType="FixRelativeToTop"
						isPrintRepeatedValues="true"
						isRemoveLineWhenBlank="false"
						isPrintInFirstWholeBand="false"
						isPrintWhenDetailOverflows="false"/>
					<box topBorder="None" topBorderColor="#000000" leftBorder="None" leftBorderColor="#000000" rightBorder="None" rightBorderColor="#FFFFFF" bottomBorder="None" bottomBorderColor="#000000"/>
					<textElement textAlignment="Left" verticalAlignment="Middle" rotation="None" lineSpacing="Single">
						<font fontName="arial" pdfFontName="Helvetica" size="9" isBold="false" isItalic="false" isUnderline="false" isPdfEmbedded ="false" pdfEncoding ="Cp1252" isStrikeThrough="false" />
					</textElement>
				<textFieldExpression   class="java.lang.String"><![CDATA["Competência: "+$P{competencia}]]></textFieldExpression>
				</textField>
				<textField isStretchWithOverflow="false" pattern="" isBlankWhenNull="true" evaluationTime="Now" hyperlinkType="None"  hyperlinkTarget="Self" >
					<reportElement
						mode="Opaque"
						x="5"
						y="45"
						width="530"
						height="15"
						forecolor="#000000"
						backcolor="#FFFFFF"
						key="textField-3"
						stretchType="NoStretch"
						positionType="FixRelativeToTop"
						isPrintRepeatedValues="true"
						isRemoveLineWhenBlank="false"
						isPrintInFirstWholeBand="false"
						isPrintWhenDetailOverflows="false"/>
					<box topBorder="None" topBorderColor="#000000" leftBorder="None" leftBorderColor="#000000" rightBorder="None" rightBorderColor="#FFFFFF" bottomBorder="None" bottomBorderColor="#000000"/>
					<textElement textAlignment="Left" verticalAlignment="Middle" rotation="None" lineSpacing="Single">
						<font fontName="Arial" pdfFontName="Helvetica" size="9" isBold="false" isItalic="false" isUnderline="false" isPdfEmbedded ="false" pdfEncoding ="Cp1252" isStrikeThrough="false" />
					</textElement>
				<textFieldExpression   class="java.lang.String"><![CDATA["Unidade Gestora: ("+$P{codigoUg}+"/"+$P{nomeUg}+")"]]></textFieldExpression>
				</textField>
				<image  scaleImage="FillFrame" vAlign="Top" hAlign="Left" isUsingCache="false" evaluationTime="Now" hyperlinkType="None"  hyperlinkTarget="Self" >
					<reportElement
						mode="Opaque"
						x="5"
						y="3"
						width="132"
						height="35"
						forecolor="#000000"
						backcolor="#FFFFFF"
						key="image-1"
						stretchType="NoStretch"
						positionType="FixRelativeToTop"
						isPrintRepeatedValues="true"
						isRemoveLineWhenBlank="false"
						isPrintInFirstWholeBand="false"
						isPrintWhenDetailOverflows="false"/>
					<box topBorder="None" topBorderColor="#000000" leftBorder="None" leftBorderColor="#000000" rightBorder="None" rightBorderColor="#000000" bottomBorder="None" bottomBorderColor="#000000"/>
					<graphicElement stretchType="NoStretch" pen="None" fill="Solid" />
					<imageExpression class="java.lang.String"><![CDATA[$P{logo_image}]]></imageExpression>				</image>
			</band>
		</pageHeader>
		<columnHeader>
			<band height="0"  isSplitAllowed="true" >
			</band>
		</columnHeader>
		<detail>
			<band height="24"  isSplitAllowed="true" >
				<textField isStretchWithOverflow="true" pattern="" isBlankWhenNull="true" evaluationTime="Now" hyperlinkType="None"  hyperlinkTarget="Self" >
					<reportElement
						mode="Transparent"
						x="0"
						y="5"
						width="136"
						height="15"
						forecolor="#000000"
						backcolor="#FFFFFF"
						key="textField"
						stretchType="NoStretch"
						positionType="FixRelativeToTop"
						isPrintRepeatedValues="true"
						isRemoveLineWhenBlank="false"
						isPrintInFirstWholeBand="false"
						isPrintWhenDetailOverflows="false"/>
					<box topBorder="None" topBorderColor="#000000" leftBorder="None" leftBorderColor="#000000" rightBorder="None" rightBorderColor="#000000" bottomBorder="None" bottomBorderColor="#000000"/>
					<textElement textAlignment="Left" verticalAlignment="Top" rotation="None" lineSpacing="Single">
						<font fontName="Arial" pdfFontName="Helvetica" size="10" isBold="false" isItalic="false" isUnderline="false" isPdfEmbedded ="false" pdfEncoding ="Cp1252" isStrikeThrough="false" />
					</textElement>
				<textFieldExpression   class="java.lang.String"><![CDATA[$F{tabela}]]></textFieldExpression>
				</textField>
				<textField isStretchWithOverflow="true" pattern="" isBlankWhenNull="true" evaluationTime="Now" hyperlinkType="None"  hyperlinkTarget="Self" >
					<reportElement
						mode="Transparent"
						x="139"
						y="5"
						width="132"
						height="15"
						forecolor="#000000"
						backcolor="#FFFFFF"
						key="textField"
						stretchType="NoStretch"
						positionType="FixRelativeToTop"
						isPrintRepeatedValues="true"
						isRemoveLineWhenBlank="false"
						isPrintInFirstWholeBand="false"
						isPrintWhenDetailOverflows="false"/>
					<box topBorder="None" topBorderColor="#000000" leftBorder="None" leftBorderColor="#000000" rightBorder="None" rightBorderColor="#000000" bottomBorder="None" bottomBorderColor="#000000"/>
					<textElement textAlignment="Left" verticalAlignment="Top" rotation="None" lineSpacing="Single">
						<font fontName="Arial" pdfFontName="Helvetica" size="10" isBold="false" isItalic="false" isUnderline="false" isPdfEmbedded ="false" pdfEncoding ="Cp1252" isStrikeThrough="false" />
					</textElement>
				<textFieldExpression   class="java.lang.String"><![CDATA[$F{arquivo}]]></textFieldExpression>
				</textField>
				<textField isStretchWithOverflow="false" pattern="" isBlankWhenNull="true" evaluationTime="Now" hyperlinkType="None"  hyperlinkTarget="Self" >
					<reportElement
						mode="Transparent"
						x="275"
						y="5"
						width="56"
						height="15"
						forecolor="#000000"
						backcolor="#FFFFFF"
						key="textField"
						stretchType="NoStretch"
						positionType="FixRelativeToTop"
						isPrintRepeatedValues="true"
						isRemoveLineWhenBlank="false"
						isPrintInFirstWholeBand="false"
						isPrintWhenDetailOverflows="false"/>
					<box topBorder="None" topBorderColor="#000000" leftBorder="None" leftBorderColor="#000000" rightBorder="None" rightBorderColor="#000000" bottomBorder="None" bottomBorderColor="#000000"/>
					<textElement textAlignment="Left" verticalAlignment="Top" rotation="None" lineSpacing="Single">
						<font fontName="Arial" pdfFontName="Helvetica" size="10" isBold="false" isItalic="false" isUnderline="false" isPdfEmbedded ="false" pdfEncoding ="Cp1252" isStrikeThrough="false" />
					</textElement>
				<textFieldExpression   class="java.lang.Integer"><![CDATA[$F{tipoErro}]]></textFieldExpression>
				</textField>
				<textField isStretchWithOverflow="true" pattern="" isBlankWhenNull="true" evaluationTime="Now" hyperlinkType="None"  hyperlinkTarget="Self" >
					<reportElement
						mode="Transparent"
						x="338"
						y="5"
						width="144"
						height="15"
						forecolor="#000000"
						backcolor="#FFFFFF"
						key="textField"
						stretchType="NoStretch"
						positionType="FixRelativeToTop"
						isPrintRepeatedValues="true"
						isRemoveLineWhenBlank="false"
						isPrintInFirstWholeBand="false"
						isPrintWhenDetailOverflows="false"/>
					<box topBorder="None" topBorderColor="#000000" leftBorder="None" leftBorderColor="#000000" rightBorder="None" rightBorderColor="#000000" bottomBorder="None" bottomBorderColor="#000000"/>
					<textElement textAlignment="Left" verticalAlignment="Top" rotation="None" lineSpacing="Single">
						<font fontName="Arial" pdfFontName="Helvetica" size="10" isBold="false" isItalic="false" isUnderline="false" isPdfEmbedded ="false" pdfEncoding ="Cp1252" isStrikeThrough="false" />
					</textElement>
				<textFieldExpression   class="java.lang.String"><![CDATA[$F{mensagem}]]></textFieldExpression>
				</textField>
				<textField isStretchWithOverflow="false" pattern="" isBlankWhenNull="true" evaluationTime="Now" hyperlinkType="None"  hyperlinkTarget="Self" >
					<reportElement
						mode="Transparent"
						x="484"
						y="5"
						width="99"
						height="15"
						forecolor="#000000"
						backcolor="#FFFFFF"
						key="textField"
						stretchType="NoStretch"
						positionType="FixRelativeToTop"
						isPrintRepeatedValues="true"
						isRemoveLineWhenBlank="false"
						isPrintInFirstWholeBand="false"
						isPrintWhenDetailOverflows="false"/>
					<box topBorder="None" topBorderColor="#000000" leftBorder="None" leftBorderColor="#000000" rightBorder="None" rightBorderColor="#000000" bottomBorder="None" bottomBorderColor="#000000"/>
					<textElement textAlignment="Left" verticalAlignment="Top" rotation="None" lineSpacing="Single">
						<font fontName="Arial" pdfFontName="Helvetica" size="10" isBold="false" isItalic="false" isUnderline="false" isPdfEmbedded ="false" pdfEncoding ="Cp1252" isStrikeThrough="false" />
					</textElement>
				<textFieldExpression   class="java.lang.String"><![CDATA[$F{dataHora}]]></textFieldExpression>
				</textField>
				<textField isStretchWithOverflow="true" pattern="" isBlankWhenNull="true" evaluationTime="Now" hyperlinkType="None"  hyperlinkTarget="Self" >
					<reportElement
						mode="Transparent"
						x="587"
						y="5"
						width="146"
						height="15"
						forecolor="#000000"
						backcolor="#FFFFFF"
						key="textField"
						stretchType="NoStretch"
						positionType="FixRelativeToTop"
						isPrintRepeatedValues="true"
						isRemoveLineWhenBlank="false"
						isPrintInFirstWholeBand="false"
						isPrintWhenDetailOverflows="false"/>
					<box topBorder="None" topBorderColor="#000000" leftBorder="None" leftBorderColor="#000000" rightBorder="None" rightBorderColor="#000000" bottomBorder="None" bottomBorderColor="#000000"/>
					<textElement textAlignment="Left" verticalAlignment="Top" rotation="None" lineSpacing="Single">
						<font fontName="Arial" pdfFontName="Helvetica" size="10" isBold="false" isItalic="false" isUnderline="false" isPdfEmbedded ="false" pdfEncoding ="Cp1252" isStrikeThrough="false" />
					</textElement>
				<textFieldExpression   class="java.lang.String"><![CDATA[$F{usuario}]]></textFieldExpression>
				</textField>
			</band>
		</detail>
		<columnFooter>
			<band height="0"  isSplitAllowed="true" >
			</band>
		</columnFooter>
		<pageFooter>
			<band height="22"  isSplitAllowed="true" >
				<line direction="TopDown">
					<reportElement
						mode="Opaque"
						x="0"
						y="2"
						width="733"
						height="0"
						forecolor="#000000"
						backcolor="#FFFFFF"
						key="line"
						stretchType="NoStretch"
						positionType="FixRelativeToTop"
						isPrintRepeatedValues="true"
						isRemoveLineWhenBlank="false"
						isPrintInFirstWholeBand="false"
						isPrintWhenDetailOverflows="false"/>
					<graphicElement stretchType="NoStretch" pen="Thin" fill="Solid" />
				</line>
				<textField isStretchWithOverflow="false" pattern="" isBlankWhenNull="false" evaluationTime="Now" hyperlinkType="None"  hyperlinkTarget="Self" >
					<reportElement
						mode="Opaque"
						x="328"
						y="5"
						width="122"
						height="12"
						forecolor="#000000"
						backcolor="#FFFFFF"
						key="textField-4"
						stretchType="NoStretch"
						positionType="FixRelativeToTop"
						isPrintRepeatedValues="true"
						isRemoveLineWhenBlank="false"
						isPrintInFirstWholeBand="false"
						isPrintWhenDetailOverflows="false"/>
					<box topBorder="None" topBorderColor="#000000" leftBorder="None" leftBorderColor="#000000" rightBorder="None" rightBorderColor="#FFFFFF" bottomBorder="None" bottomBorderColor="#000000"/>
					<textElement textAlignment="Center" verticalAlignment="Middle" rotation="None" lineSpacing="Single">
						<font fontName="Arial" pdfFontName="Helvetica" size="8" isBold="false" isItalic="false" isUnderline="false" isPdfEmbedded ="false" pdfEncoding ="Cp1252" isStrikeThrough="false" />
					</textElement>
				<textFieldExpression   class="java.lang.String"><![CDATA["Página: "+$V{PAGE_NUMBER}]]></textFieldExpression>
				</textField>
				<textField isStretchWithOverflow="false" pattern="" isBlankWhenNull="false" evaluationTime="Now" hyperlinkType="None"  hyperlinkTarget="Self" >
					<reportElement
						mode="Opaque"
						x="559"
						y="6"
						width="171"
						height="12"
						forecolor="#000000"
						backcolor="#FFFFFF"
						key="textField-5"
						stretchType="NoStretch"
						positionType="FixRelativeToTop"
						isPrintRepeatedValues="true"
						isRemoveLineWhenBlank="false"
						isPrintInFirstWholeBand="false"
						isPrintWhenDetailOverflows="false"/>
					<box topBorder="None" topBorderColor="#000000" leftBorder="None" leftBorderColor="#000000" rightBorder="None" rightBorderColor="#FFFFFF" bottomBorder="None" bottomBorderColor="#000000"/>
					<textElement textAlignment="Right" verticalAlignment="Middle" rotation="None" lineSpacing="Single">
						<font fontName="Arial" pdfFontName="Helvetica" size="8" isBold="false" isItalic="false" isUnderline="false" isPdfEmbedded ="false" pdfEncoding ="Cp1252" isStrikeThrough="false" />
					</textElement>
				<textFieldExpression   class="java.lang.String"><![CDATA["Contador : "+$V{CONTADOR_TOTAL}.longValue()]]></textFieldExpression>
				</textField>
				<textField isStretchWithOverflow="false" pattern="" isBlankWhenNull="true" evaluationTime="Now" hyperlinkType="None"  hyperlinkTarget="Self" >
					<reportElement
						mode="Transparent"
						x="2"
						y="6"
						width="267"
						height="12"
						forecolor="#000000"
						backcolor="#FFFFFF"
						key="textField-6"
						stretchType="NoStretch"
						positionType="FixRelativeToTop"
						isPrintRepeatedValues="true"
						isRemoveLineWhenBlank="false"
						isPrintInFirstWholeBand="false"
						isPrintWhenDetailOverflows="false"/>
					<box topBorder="None" topBorderColor="#000000" leftBorder="None" leftBorderColor="#000000" rightBorder="None" rightBorderColor="#FFFFFF" bottomBorder="None" bottomBorderColor="#000000"/>
					<textElement textAlignment="Left" verticalAlignment="Middle" rotation="None" lineSpacing="Single">
						<font fontName="arial" pdfFontName="Helvetica" size="8" isBold="false" isItalic="false" isUnderline="false" isPdfEmbedded ="false" pdfEncoding ="Cp1252" isStrikeThrough="false" />
					</textElement>
				<textFieldExpression   class="java.lang.String"><![CDATA["e-Sfinge Versão: "+$P{versao} + " - Impresso em: "+$P{DataHoraAtual}]]></textFieldExpression>
				</textField>
			</band>
		</pageFooter>
		<summary>
			<band height="0"  isSplitAllowed="true" >
			</band>
		</summary>
</jasperReport>
