<?xml version="1.0" encoding="UTF-8"  ?>
<!-- Created with iReport - A designer for JasperReports -->
<!DOCTYPE jasperReport PUBLIC "//JasperReports//DTD Report Design//EN" "http://jasperreports.sourceforge.net/dtds/jasperreport.dtd">
<jasperReport
		 name="RelatorioPrevisaoReceita"
		 columnCount="1"
		 printOrder="Vertical"
		 orientation="Portrait"
		 pageWidth="595"
		 pageHeight="842"
		 columnWidth="535"
		 columnSpacing="0"
		 leftMargin="30"
		 rightMargin="30"
		 topMargin="20"
		 bottomMargin="20"
		 whenNoDataType="AllSectionsNoDetail"
		 isTitleNewPage="false"
		 isSummaryNewPage="false">
	<property name="ireport.scriptlethandling" value="0" />
	<import value="java.util.*" />
	<import value="net.sf.jasperreports.engine.*" />
	<import value="net.sf.jasperreports.engine.data.*" />
	<parameter name="ReportTitle" isForPrompting="true" class="java.lang.String"/>
	<parameter name="DataHoraAtual" isForPrompting="true" class="java.lang.String"/>
	<parameter name="competencia" isForPrompting="true" class="java.lang.String"/>
	<parameter name="logo_image" isForPrompting="true" class="java.lang.String"/>
	<parameter name="codigoUg" isForPrompting="true" class="java.lang.String"/>
	<parameter name="nomeUg" isForPrompting="true" class="java.lang.String"/>
	<parameter name="versao" isForPrompting="true" class="java.lang.String"/>
	<field name="anoOrc" class="java.lang.Integer"/>
	<field name="uniOrc" class="java.lang.Integer"/>
	<field name="codEspRec" class="java.lang.Integer"/>
	<field name="idUso" class="java.lang.Integer"/>
	<field name="gruFonRec" class="java.lang.Integer"/>
	<field name="espFon" class="java.lang.Integer"/>
	<field name="valRecOrc" class="java.lang.String"/>
	<field name="codigoDetalhamentoDestinacaoRecurso" class="java.lang.String"/>
	<field name="codigoTipoDeducaoReceita" class="java.lang.String"/>
	<variable name="CONTADOR_TOTAL" class="java.lang.Long" resetType="Report" calculation="Count">
		<variableExpression><![CDATA[new java.lang.Long(1)]]></variableExpression>
		<initialValueExpression><![CDATA[new java.lang.Long(0)]]></initialValueExpression>
	</variable>
		<background>
			<band height="0"  isSplitAllowed="true" >
			</band>
		</background>
		<title>
			<band height="0"  isSplitAllowed="true" >
			</band>
		</title>
		<pageHeader>
			<band height="110"  isSplitAllowed="true" >
				<staticText>
					<reportElement
						mode="Transparent"
						x="2"
						y="95"
						width="27"
						height="12"
						forecolor="#000000"
						backcolor="#FFFFFF"
						key="staticText"
						stretchType="NoStretch"
						positionType="FixRelativeToTop"
						isPrintRepeatedValues="true"
						isRemoveLineWhenBlank="false"
						isPrintInFirstWholeBand="false"
						isPrintWhenDetailOverflows="false"/>
					<box topBorder="None" topBorderColor="#000000" leftBorder="None" leftBorderColor="#000000" rightBorder="None" rightBorderColor="#000000" bottomBorder="None" bottomBorderColor="#000000"/>
					<textElement textAlignment="Left" verticalAlignment="Top" rotation="None" lineSpacing="Single">
						<font fontName="arial" pdfFontName="Helvetica-Bold" size="10" isBold="true" isItalic="false" isUnderline="false" isPdfEmbedded ="false" pdfEncoding ="Cp1252" isStrikeThrough="false" />
					</textElement>
				<text><![CDATA[Ano]]></text>
				</staticText>
				<staticText>
					<reportElement
						mode="Transparent"
						x="32"
						y="95"
						width="44"
						height="12"
						forecolor="#000000"
						backcolor="#FFFFFF"
						key="staticText"
						stretchType="NoStretch"
						positionType="FixRelativeToTop"
						isPrintRepeatedValues="true"
						isRemoveLineWhenBlank="false"
						isPrintInFirstWholeBand="false"
						isPrintWhenDetailOverflows="false"/>
					<box topBorder="None" topBorderColor="#000000" leftBorder="None" leftBorderColor="#000000" rightBorder="None" rightBorderColor="#000000" bottomBorder="None" bottomBorderColor="#000000"/>
					<textElement textAlignment="Left" verticalAlignment="Top" rotation="None" lineSpacing="Single">
						<font fontName="arial" pdfFontName="Helvetica-Bold" size="10" isBold="true" isItalic="false" isUnderline="false" isPdfEmbedded ="false" pdfEncoding ="Cp1252" isStrikeThrough="false" />
					</textElement>
				<text><![CDATA[Unid Orç]]></text>
				</staticText>
				<staticText>
					<reportElement
						mode="Transparent"
						x="158"
						y="95"
						width="61"
						height="12"
						forecolor="#000000"
						backcolor="#FFFFFF"
						key="staticText"
						stretchType="NoStretch"
						positionType="FixRelativeToTop"
						isPrintRepeatedValues="true"
						isRemoveLineWhenBlank="false"
						isPrintInFirstWholeBand="false"
						isPrintWhenDetailOverflows="false"/>
					<box topBorder="None" topBorderColor="#000000" leftBorder="None" leftBorderColor="#000000" rightBorder="None" rightBorderColor="#000000" bottomBorder="None" bottomBorderColor="#000000"/>
					<textElement textAlignment="Left" verticalAlignment="Top" rotation="None" lineSpacing="Single">
						<font fontName="arial" pdfFontName="Helvetica-Bold" size="10" isBold="true" isItalic="false" isUnderline="false" isPdfEmbedded ="false" pdfEncoding ="Cp1252" isStrikeThrough="false" />
					</textElement>
				<text><![CDATA[Nat. Receita]]></text>
				</staticText>
				<staticText>
					<reportElement
						mode="Transparent"
						x="224"
						y="95"
						width="34"
						height="12"
						forecolor="#000000"
						backcolor="#FFFFFF"
						key="staticText"
						stretchType="NoStretch"
						positionType="FixRelativeToTop"
						isPrintRepeatedValues="true"
						isRemoveLineWhenBlank="false"
						isPrintInFirstWholeBand="false"
						isPrintWhenDetailOverflows="false"/>
					<box topBorder="None" topBorderColor="#000000" leftBorder="None" leftBorderColor="#000000" rightBorder="None" rightBorderColor="#000000" bottomBorder="None" bottomBorderColor="#000000"/>
					<textElement textAlignment="Left" verticalAlignment="Top" rotation="None" lineSpacing="Single">
						<font fontName="arial" pdfFontName="Helvetica-Bold" size="10" isBold="true" isItalic="false" isUnderline="false" isPdfEmbedded ="false" pdfEncoding ="Cp1252" isStrikeThrough="false" />
					</textElement>
				<text><![CDATA[Id Uso]]></text>
				</staticText>
				<staticText>
					<reportElement
						mode="Transparent"
						x="259"
						y="96"
						width="30"
						height="12"
						forecolor="#000000"
						backcolor="#FFFFFF"
						key="staticText"
						stretchType="NoStretch"
						positionType="FixRelativeToTop"
						isPrintRepeatedValues="true"
						isRemoveLineWhenBlank="false"
						isPrintInFirstWholeBand="false"
						isPrintWhenDetailOverflows="false"/>
					<box topBorder="None" topBorderColor="#000000" leftBorder="None" leftBorderColor="#000000" rightBorder="None" rightBorderColor="#000000" bottomBorder="None" bottomBorderColor="#000000"/>
					<textElement textAlignment="Left" verticalAlignment="Top" rotation="None" lineSpacing="Single">
						<font fontName="arial" pdfFontName="Helvetica-Bold" size="10" isBold="true" isItalic="false" isUnderline="false" isPdfEmbedded ="false" pdfEncoding ="Cp1252" isStrikeThrough="false" />
					</textElement>
				<text><![CDATA[Grupo]]></text>
				</staticText>
				<staticText>
					<reportElement
						mode="Transparent"
						x="296"
						y="96"
						width="47"
						height="12"
						forecolor="#000000"
						backcolor="#FFFFFF"
						key="staticText"
						stretchType="NoStretch"
						positionType="FixRelativeToTop"
						isPrintRepeatedValues="true"
						isRemoveLineWhenBlank="false"
						isPrintInFirstWholeBand="false"
						isPrintWhenDetailOverflows="false"/>
					<box topBorder="None" topBorderColor="#000000" leftBorder="None" leftBorderColor="#000000" rightBorder="None" rightBorderColor="#000000" bottomBorder="None" bottomBorderColor="#000000"/>
					<textElement textAlignment="Left" verticalAlignment="Top" rotation="None" lineSpacing="Single">
						<font fontName="arial" pdfFontName="Helvetica-Bold" size="10" isBold="true" isItalic="false" isUnderline="false" isPdfEmbedded ="false" pdfEncoding ="Cp1252" isStrikeThrough="false" />
					</textElement>
				<text><![CDATA[Especific.]]></text>
				</staticText>
				<staticText>
					<reportElement
						mode="Transparent"
						x="430"
						y="96"
						width="99"
						height="12"
						forecolor="#000000"
						backcolor="#FFFFFF"
						key="staticText"
						stretchType="NoStretch"
						positionType="FixRelativeToTop"
						isPrintRepeatedValues="true"
						isRemoveLineWhenBlank="false"
						isPrintInFirstWholeBand="false"
						isPrintWhenDetailOverflows="false"/>
					<box topBorder="None" topBorderColor="#000000" leftBorder="None" leftBorderColor="#000000" rightBorder="None" rightBorderColor="#000000" bottomBorder="None" bottomBorderColor="#000000"/>
					<textElement textAlignment="Right" verticalAlignment="Top" rotation="None" lineSpacing="Single">
						<font fontName="arial" pdfFontName="Helvetica-Bold" size="10" isBold="true" isItalic="false" isUnderline="false" isPdfEmbedded ="false" pdfEncoding ="Cp1252" isStrikeThrough="false" />
					</textElement>
				<text><![CDATA[Vl Rec Orçada]]></text>
				</staticText>
				<textField isStretchWithOverflow="false" pattern="" isBlankWhenNull="true" evaluationTime="Now" hyperlinkType="None"  hyperlinkTarget="Self" >
					<reportElement
						mode="Transparent"
						x="136"
						y="6"
						width="344"
						height="30"
						forecolor="#000000"
						backcolor="#FFFFFF"
						key="textField-15"
						stretchType="NoStretch"
						positionType="FixRelativeToTop"
						isPrintRepeatedValues="true"
						isRemoveLineWhenBlank="false"
						isPrintInFirstWholeBand="false"
						isPrintWhenDetailOverflows="false"/>
					<box topBorder="None" topBorderColor="#000000" leftBorder="None" leftBorderColor="#000000" rightBorder="None" rightBorderColor="#FFFFFF" bottomBorder="None" bottomBorderColor="#000000"/>
					<textElement textAlignment="Center" verticalAlignment="Top" rotation="None" lineSpacing="Single">
						<font fontName="arial" pdfFontName="Helvetica-Bold" size="14" isBold="true" isItalic="false" isUnderline="false" isPdfEmbedded ="false" pdfEncoding ="Cp1252" isStrikeThrough="false" />
					</textElement>
				<textFieldExpression   class="java.lang.String"><![CDATA[$P{ReportTitle}]]></textFieldExpression>
				</textField>
				<line direction="TopDown">
					<reportElement
						mode="Opaque"
						x="0"
						y="82"
						width="535"
						height="0"
						forecolor="#000000"
						backcolor="#FFFFFF"
						key="line-1"
						stretchType="NoStretch"
						positionType="FixRelativeToTop"
						isPrintRepeatedValues="true"
						isRemoveLineWhenBlank="false"
						isPrintInFirstWholeBand="false"
						isPrintWhenDetailOverflows="false"/>
					<graphicElement stretchType="NoStretch" pen="Thin" fill="Solid" />
				</line>
				<textField isStretchWithOverflow="false" pattern="" isBlankWhenNull="true" evaluationTime="Now" hyperlinkType="None"  hyperlinkTarget="Self" >
					<reportElement
						mode="Transparent"
						x="2"
						y="63"
						width="530"
						height="15"
						forecolor="#000000"
						backcolor="#FFFFFF"
						key="textField-16"
						stretchType="NoStretch"
						positionType="FixRelativeToTop"
						isPrintRepeatedValues="true"
						isRemoveLineWhenBlank="false"
						isPrintInFirstWholeBand="false"
						isPrintWhenDetailOverflows="false"/>
					<box topBorder="None" topBorderColor="#000000" leftBorder="None" leftBorderColor="#000000" rightBorder="None" rightBorderColor="#FFFFFF" bottomBorder="None" bottomBorderColor="#000000"/>
					<textElement textAlignment="Left" verticalAlignment="Middle" rotation="None" lineSpacing="Single">
						<font fontName="arial" pdfFontName="Helvetica" size="9" isBold="false" isItalic="false" isUnderline="false" isPdfEmbedded ="false" pdfEncoding ="Cp1252" isStrikeThrough="false" />
					</textElement>
				<textFieldExpression   class="java.lang.String"><![CDATA["Competência: "+$P{competencia}]]></textFieldExpression>
				</textField>
				<textField isStretchWithOverflow="false" pattern="" isBlankWhenNull="true" evaluationTime="Now" hyperlinkType="None"  hyperlinkTarget="Self" >
					<reportElement
						mode="Opaque"
						x="2"
						y="46"
						width="530"
						height="15"
						forecolor="#000000"
						backcolor="#FFFFFF"
						key="textField-17"
						stretchType="NoStretch"
						positionType="FixRelativeToTop"
						isPrintRepeatedValues="true"
						isRemoveLineWhenBlank="false"
						isPrintInFirstWholeBand="false"
						isPrintWhenDetailOverflows="false"/>
					<box topBorder="None" topBorderColor="#000000" leftBorder="None" leftBorderColor="#000000" rightBorder="None" rightBorderColor="#FFFFFF" bottomBorder="None" bottomBorderColor="#000000"/>
					<textElement textAlignment="Left" verticalAlignment="Middle" rotation="None" lineSpacing="Single">
						<font fontName="Arial" pdfFontName="Helvetica" size="9" isBold="false" isItalic="false" isUnderline="false" isPdfEmbedded ="false" pdfEncoding ="Cp1252" isStrikeThrough="false" />
					</textElement>
				<textFieldExpression   class="java.lang.String"><![CDATA["Unidade Gestora: ("+$P{codigoUg}+"/"+$P{nomeUg}+")"]]></textFieldExpression>
				</textField>
				<image  scaleImage="FillFrame" vAlign="Top" hAlign="Left" isUsingCache="false" evaluationTime="Now" hyperlinkType="None"  hyperlinkTarget="Self" >
					<reportElement
						mode="Opaque"
						x="2"
						y="4"
						width="132"
						height="35"
						forecolor="#000000"
						backcolor="#FFFFFF"
						key="image-1"
						stretchType="NoStretch"
						positionType="FixRelativeToTop"
						isPrintRepeatedValues="true"
						isRemoveLineWhenBlank="false"
						isPrintInFirstWholeBand="false"
						isPrintWhenDetailOverflows="false"/>
					<box topBorder="None" topBorderColor="#000000" leftBorder="None" leftBorderColor="#000000" rightBorder="None" rightBorderColor="#000000" bottomBorder="None" bottomBorderColor="#000000"/>
					<graphicElement stretchType="NoStretch" pen="None" fill="Solid" />
					<imageExpression class="java.lang.String"><![CDATA[$P{logo_image}]]></imageExpression>				</image>
				<staticText>
					<reportElement
						mode="Transparent"
						x="347"
						y="96"
						width="69"
						height="12"
						forecolor="#000000"
						backcolor="#FFFFFF"
						key="staticText-1"
						stretchType="NoStretch"
						positionType="FixRelativeToTop"
						isPrintRepeatedValues="true"
						isRemoveLineWhenBlank="false"
						isPrintInFirstWholeBand="false"
						isPrintWhenDetailOverflows="false"/>
					<box topBorder="None" topBorderColor="#000000" leftBorder="None" leftBorderColor="#000000" rightBorder="None" rightBorderColor="#000000" bottomBorder="None" bottomBorderColor="#000000"/>
					<textElement textAlignment="Left" verticalAlignment="Top" rotation="None" lineSpacing="Single">
						<font fontName="arial" pdfFontName="Helvetica-Bold" size="10" isBold="true" isItalic="false" isUnderline="false" isPdfEmbedded ="false" pdfEncoding ="Cp1252" isStrikeThrough="false" />
					</textElement>
				<text><![CDATA[Detalhamento]]></text>
				</staticText>
				<staticText>
					<reportElement
						mode="Opaque"
						x="223"
						y="83"
						width="193"
						height="12"
						forecolor="#000000"
						backcolor="#FFFFFF"
						key="staticText-2"
						stretchType="NoStretch"
						positionType="FixRelativeToTop"
						isPrintRepeatedValues="true"
						isRemoveLineWhenBlank="false"
						isPrintInFirstWholeBand="false"
						isPrintWhenDetailOverflows="false"/>
					<box topBorder="None" topBorderColor="#000000" leftBorder="None" leftBorderColor="#000000" rightBorder="None" rightBorderColor="#FFFFFF" bottomBorder="1Point" bottomBorderColor="#000000"/>
					<textElement textAlignment="Center" verticalAlignment="Top" rotation="None" lineSpacing="Single">
						<font fontName="Arial" pdfFontName="Helvetica-Bold" size="10" isBold="true" isItalic="false" isUnderline="false" isPdfEmbedded ="false" pdfEncoding ="Cp1252" isStrikeThrough="false" />
					</textElement>
				<text><![CDATA[Destinação de Recursos]]></text>
				</staticText>
				<staticText>
					<reportElement
						mode="Opaque"
						x="80"
						y="95"
						width="72"
						height="12"
						forecolor="#000000"
						backcolor="#FFFFFF"
						key="staticText-3"
						stretchType="NoStretch"
						positionType="FixRelativeToTop"
						isPrintRepeatedValues="true"
						isRemoveLineWhenBlank="false"
						isPrintInFirstWholeBand="false"
						isPrintWhenDetailOverflows="false"/>
					<box topBorder="None" topBorderColor="#000000" leftBorder="None" leftBorderColor="#000000" rightBorder="None" rightBorderColor="#FFFFFF" bottomBorder="None" bottomBorderColor="#000000"/>
					<textElement textAlignment="Left" verticalAlignment="Top" rotation="None" lineSpacing="Single">
						<font fontName="Arial" pdfFontName="Helvetica" size="10" isBold="false" isItalic="false" isUnderline="false" isPdfEmbedded ="false" pdfEncoding ="Cp1252" isStrikeThrough="false" />
					</textElement>
				<text><![CDATA[Tipo Dedução]]></text>
				</staticText>
			</band>
		</pageHeader>
		<columnHeader>
			<band height="0"  isSplitAllowed="true" >
			</band>
		</columnHeader>
		<detail>
			<band height="16"  isSplitAllowed="true" >
				<textField isStretchWithOverflow="true" pattern="" isBlankWhenNull="true" evaluationTime="Now" hyperlinkType="None"  hyperlinkTarget="Self" >
					<reportElement
						mode="Transparent"
						x="4"
						y="2"
						width="23"
						height="13"
						forecolor="#000000"
						backcolor="#FFFFFF"
						key="textField"
						stretchType="NoStretch"
						positionType="FixRelativeToTop"
						isPrintRepeatedValues="true"
						isRemoveLineWhenBlank="false"
						isPrintInFirstWholeBand="false"
						isPrintWhenDetailOverflows="false"/>
					<box topBorder="None" topBorderColor="#000000" leftBorder="None" leftBorderColor="#000000" rightBorder="None" rightBorderColor="#000000" bottomBorder="None" bottomBorderColor="#000000"/>
					<textElement textAlignment="Left" verticalAlignment="Top" rotation="None" lineSpacing="Single">
						<font fontName="arial" pdfFontName="Helvetica" size="10" isBold="false" isItalic="false" isUnderline="false" isPdfEmbedded ="false" pdfEncoding ="Cp1252" isStrikeThrough="false" />
					</textElement>
				<textFieldExpression   class="java.lang.Integer"><![CDATA[$F{anoOrc}]]></textFieldExpression>
				</textField>
				<textField isStretchWithOverflow="true" pattern="" isBlankWhenNull="true" evaluationTime="Now" hyperlinkType="None"  hyperlinkTarget="Self" >
					<reportElement
						mode="Transparent"
						x="33"
						y="2"
						width="42"
						height="13"
						forecolor="#000000"
						backcolor="#FFFFFF"
						key="textField"
						stretchType="NoStretch"
						positionType="FixRelativeToTop"
						isPrintRepeatedValues="true"
						isRemoveLineWhenBlank="false"
						isPrintInFirstWholeBand="false"
						isPrintWhenDetailOverflows="false"/>
					<box topBorder="None" topBorderColor="#000000" leftBorder="None" leftBorderColor="#000000" rightBorder="None" rightBorderColor="#000000" bottomBorder="None" bottomBorderColor="#000000"/>
					<textElement textAlignment="Left" verticalAlignment="Top" rotation="None" lineSpacing="Single">
						<font fontName="arial" pdfFontName="Helvetica" size="10" isBold="false" isItalic="false" isUnderline="false" isPdfEmbedded ="false" pdfEncoding ="Cp1252" isStrikeThrough="false" />
					</textElement>
				<textFieldExpression   class="java.lang.Integer"><![CDATA[$F{uniOrc}]]></textFieldExpression>
				</textField>
				<textField isStretchWithOverflow="true" pattern="" isBlankWhenNull="true" evaluationTime="Now" hyperlinkType="None"  hyperlinkTarget="Self" >
					<reportElement
						mode="Transparent"
						x="160"
						y="2"
						width="62"
						height="13"
						forecolor="#000000"
						backcolor="#FFFFFF"
						key="textField"
						stretchType="NoStretch"
						positionType="FixRelativeToTop"
						isPrintRepeatedValues="true"
						isRemoveLineWhenBlank="false"
						isPrintInFirstWholeBand="false"
						isPrintWhenDetailOverflows="false"/>
					<box topBorder="None" topBorderColor="#000000" leftBorder="None" leftBorderColor="#000000" rightBorder="None" rightBorderColor="#000000" bottomBorder="None" bottomBorderColor="#000000"/>
					<textElement textAlignment="Left" verticalAlignment="Top" rotation="None" lineSpacing="Single">
						<font fontName="arial" pdfFontName="Helvetica" size="10" isBold="false" isItalic="false" isUnderline="false" isPdfEmbedded ="false" pdfEncoding ="Cp1252" isStrikeThrough="false" />
					</textElement>
				<textFieldExpression   class="java.lang.Integer"><![CDATA[$F{codEspRec}]]></textFieldExpression>
				</textField>
				<textField isStretchWithOverflow="true" pattern="" isBlankWhenNull="true" evaluationTime="Now" hyperlinkType="None"  hyperlinkTarget="Self" >
					<reportElement
						mode="Transparent"
						x="225"
						y="2"
						width="26"
						height="13"
						forecolor="#000000"
						backcolor="#FFFFFF"
						key="textField"
						stretchType="NoStretch"
						positionType="FixRelativeToTop"
						isPrintRepeatedValues="true"
						isRemoveLineWhenBlank="false"
						isPrintInFirstWholeBand="false"
						isPrintWhenDetailOverflows="false"/>
					<box topBorder="None" topBorderColor="#000000" leftBorder="None" leftBorderColor="#000000" rightBorder="None" rightBorderColor="#000000" bottomBorder="None" bottomBorderColor="#000000"/>
					<textElement textAlignment="Left" verticalAlignment="Top" rotation="None" lineSpacing="Single">
						<font fontName="arial" pdfFontName="Helvetica" size="10" isBold="false" isItalic="false" isUnderline="false" isPdfEmbedded ="false" pdfEncoding ="Cp1252" isStrikeThrough="false" />
					</textElement>
				<textFieldExpression   class="java.lang.Integer"><![CDATA[$F{idUso}]]></textFieldExpression>
				</textField>
				<textField isStretchWithOverflow="true" pattern="" isBlankWhenNull="true" evaluationTime="Now" hyperlinkType="None"  hyperlinkTarget="Self" >
					<reportElement
						mode="Transparent"
						x="261"
						y="2"
						width="33"
						height="13"
						forecolor="#000000"
						backcolor="#FFFFFF"
						key="textField"
						stretchType="NoStretch"
						positionType="FixRelativeToTop"
						isPrintRepeatedValues="true"
						isRemoveLineWhenBlank="false"
						isPrintInFirstWholeBand="false"
						isPrintWhenDetailOverflows="false"/>
					<box topBorder="None" topBorderColor="#000000" leftBorder="None" leftBorderColor="#000000" rightBorder="None" rightBorderColor="#000000" bottomBorder="None" bottomBorderColor="#000000"/>
					<textElement textAlignment="Left" verticalAlignment="Top" rotation="None" lineSpacing="Single">
						<font fontName="arial" pdfFontName="Helvetica" size="10" isBold="false" isItalic="false" isUnderline="false" isPdfEmbedded ="false" pdfEncoding ="Cp1252" isStrikeThrough="false" />
					</textElement>
				<textFieldExpression   class="java.lang.Integer"><![CDATA[$F{gruFonRec}]]></textFieldExpression>
				</textField>
				<textField isStretchWithOverflow="true" pattern="" isBlankWhenNull="true" evaluationTime="Now" hyperlinkType="None"  hyperlinkTarget="Self" >
					<reportElement
						mode="Transparent"
						x="296"
						y="2"
						width="43"
						height="13"
						forecolor="#000000"
						backcolor="#FFFFFF"
						key="textField"
						stretchType="NoStretch"
						positionType="FixRelativeToTop"
						isPrintRepeatedValues="true"
						isRemoveLineWhenBlank="false"
						isPrintInFirstWholeBand="false"
						isPrintWhenDetailOverflows="false"/>
					<box topBorder="None" topBorderColor="#000000" leftBorder="None" leftBorderColor="#000000" rightBorder="None" rightBorderColor="#000000" bottomBorder="None" bottomBorderColor="#000000"/>
					<textElement textAlignment="Left" verticalAlignment="Top" rotation="None" lineSpacing="Single">
						<font fontName="arial" pdfFontName="Helvetica" size="10" isBold="false" isItalic="false" isUnderline="false" isPdfEmbedded ="false" pdfEncoding ="Cp1252" isStrikeThrough="false" />
					</textElement>
				<textFieldExpression   class="java.lang.Integer"><![CDATA[$F{espFon}]]></textFieldExpression>
				</textField>
				<textField isStretchWithOverflow="true" pattern="" isBlankWhenNull="true" evaluationTime="Now" hyperlinkType="None"  hyperlinkTarget="Self" >
					<reportElement
						mode="Transparent"
						x="394"
						y="2"
						width="137"
						height="13"
						forecolor="#000000"
						backcolor="#FFFFFF"
						key="textField"
						stretchType="NoStretch"
						positionType="FixRelativeToTop"
						isPrintRepeatedValues="true"
						isRemoveLineWhenBlank="false"
						isPrintInFirstWholeBand="false"
						isPrintWhenDetailOverflows="false"/>
					<box topBorder="None" topBorderColor="#000000" leftBorder="None" leftBorderColor="#000000" rightBorder="None" rightBorderColor="#000000" bottomBorder="None" bottomBorderColor="#000000"/>
					<textElement textAlignment="Right" verticalAlignment="Top" rotation="None" lineSpacing="Single">
						<font fontName="arial" pdfFontName="Helvetica" size="10" isBold="false" isItalic="false" isUnderline="false" isPdfEmbedded ="false" pdfEncoding ="Cp1252" isStrikeThrough="false" />
					</textElement>
				<textFieldExpression   class="java.lang.String"><![CDATA[$F{valRecOrc}]]></textFieldExpression>
				</textField>
				<textField isStretchWithOverflow="true" pattern="" isBlankWhenNull="true" evaluationTime="Now" hyperlinkType="None"  hyperlinkTarget="Self" >
					<reportElement
						mode="Transparent"
						x="348"
						y="2"
						width="44"
						height="13"
						forecolor="#000000"
						backcolor="#FFFFFF"
						key="textField-19"
						stretchType="NoStretch"
						positionType="FixRelativeToTop"
						isPrintRepeatedValues="true"
						isRemoveLineWhenBlank="false"
						isPrintInFirstWholeBand="false"
						isPrintWhenDetailOverflows="false"/>
					<box topBorder="None" topBorderColor="#000000" leftBorder="None" leftBorderColor="#000000" rightBorder="None" rightBorderColor="#000000" bottomBorder="None" bottomBorderColor="#000000"/>
					<textElement textAlignment="Left" verticalAlignment="Top" rotation="None" lineSpacing="Single">
						<font fontName="arial" pdfFontName="Helvetica" size="10" isBold="false" isItalic="false" isUnderline="false" isPdfEmbedded ="false" pdfEncoding ="Cp1252" isStrikeThrough="false" />
					</textElement>
				<textFieldExpression   class="java.lang.String"><![CDATA[$F{codigoDetalhamentoDestinacaoRecurso}]]></textFieldExpression>
				</textField>
				<textField isStretchWithOverflow="false" pattern="" isBlankWhenNull="false" evaluationTime="Now" hyperlinkType="None"  hyperlinkTarget="Self" >
					<reportElement
						mode="Opaque"
						x="83"
						y="2"
						width="51"
						height="13"
						forecolor="#000000"
						backcolor="#FFFFFF"
						key="textField"
						stretchType="NoStretch"
						positionType="FixRelativeToTop"
						isPrintRepeatedValues="true"
						isRemoveLineWhenBlank="false"
						isPrintInFirstWholeBand="false"
						isPrintWhenDetailOverflows="false"/>
					<box topBorder="None" topBorderColor="#000000" leftBorder="None" leftBorderColor="#000000" rightBorder="None" rightBorderColor="#FFFFFF" bottomBorder="None" bottomBorderColor="#000000"/>
					<textElement textAlignment="Left" verticalAlignment="Top" rotation="None" lineSpacing="Single">
						<font fontName="Arial" pdfFontName="Helvetica" size="10" isBold="false" isItalic="false" isUnderline="false" isPdfEmbedded ="false" pdfEncoding ="Cp1252" isStrikeThrough="false" />
					</textElement>
				<textFieldExpression   class="java.lang.String"><![CDATA[$F{codigoTipoDeducaoReceita}]]></textFieldExpression>
				</textField>
			</band>
		</detail>
		<columnFooter>
			<band height="0"  isSplitAllowed="true" >
			</band>
		</columnFooter>
		<pageFooter>
			<band height="21"  isSplitAllowed="true" >
				<line direction="TopDown">
					<reportElement
						mode="Opaque"
						x="0"
						y="2"
						width="535"
						height="0"
						forecolor="#000000"
						backcolor="#FFFFFF"
						key="line"
						stretchType="NoStretch"
						positionType="FixRelativeToTop"
						isPrintRepeatedValues="true"
						isRemoveLineWhenBlank="false"
						isPrintInFirstWholeBand="false"
						isPrintWhenDetailOverflows="false"/>
					<graphicElement stretchType="NoStretch" pen="Thin" fill="Solid" />
				</line>
				<textField isStretchWithOverflow="false" pattern="" isBlankWhenNull="false" evaluationTime="Now" hyperlinkType="None"  hyperlinkTarget="Self" >
					<reportElement
						mode="Opaque"
						x="206"
						y="5"
						width="122"
						height="12"
						forecolor="#000000"
						backcolor="#FFFFFF"
						key="textField-12"
						stretchType="NoStretch"
						positionType="FixRelativeToTop"
						isPrintRepeatedValues="true"
						isRemoveLineWhenBlank="false"
						isPrintInFirstWholeBand="false"
						isPrintWhenDetailOverflows="false"/>
					<box topBorder="None" topBorderColor="#000000" leftBorder="None" leftBorderColor="#000000" rightBorder="None" rightBorderColor="#FFFFFF" bottomBorder="None" bottomBorderColor="#000000"/>
					<textElement textAlignment="Center" verticalAlignment="Middle" rotation="None" lineSpacing="Single">
						<font fontName="Arial" pdfFontName="Helvetica" size="8" isBold="false" isItalic="false" isUnderline="false" isPdfEmbedded ="false" pdfEncoding ="Cp1252" isStrikeThrough="false" />
					</textElement>
				<textFieldExpression   class="java.lang.String"><![CDATA["Página: "+$V{PAGE_NUMBER}]]></textFieldExpression>
				</textField>
				<textField isStretchWithOverflow="false" pattern="" isBlankWhenNull="false" evaluationTime="Now" hyperlinkType="None"  hyperlinkTarget="Self" >
					<reportElement
						mode="Opaque"
						x="364"
						y="5"
						width="171"
						height="12"
						forecolor="#000000"
						backcolor="#FFFFFF"
						key="textField-14"
						stretchType="NoStretch"
						positionType="FixRelativeToTop"
						isPrintRepeatedValues="true"
						isRemoveLineWhenBlank="false"
						isPrintInFirstWholeBand="false"
						isPrintWhenDetailOverflows="false"/>
					<box topBorder="None" topBorderColor="#000000" leftBorder="None" leftBorderColor="#000000" rightBorder="None" rightBorderColor="#FFFFFF" bottomBorder="None" bottomBorderColor="#000000"/>
					<textElement textAlignment="Right" verticalAlignment="Middle" rotation="None" lineSpacing="Single">
						<font fontName="Arial" pdfFontName="Helvetica" size="8" isBold="false" isItalic="false" isUnderline="false" isPdfEmbedded ="false" pdfEncoding ="Cp1252" isStrikeThrough="false" />
					</textElement>
				<textFieldExpression   class="java.lang.String"><![CDATA["Contador : "+$V{CONTADOR_TOTAL}.longValue()]]></textFieldExpression>
				</textField>
				<textField isStretchWithOverflow="false" pattern="" isBlankWhenNull="true" evaluationTime="Now" hyperlinkType="None"  hyperlinkTarget="Self" >
					<reportElement
						mode="Transparent"
						x="2"
						y="5"
						width="326"
						height="12"
						forecolor="#000000"
						backcolor="#FFFFFF"
						key="textField-18"
						stretchType="NoStretch"
						positionType="FixRelativeToTop"
						isPrintRepeatedValues="true"
						isRemoveLineWhenBlank="false"
						isPrintInFirstWholeBand="false"
						isPrintWhenDetailOverflows="false"/>
					<box topBorder="None" topBorderColor="#000000" leftBorder="None" leftBorderColor="#000000" rightBorder="None" rightBorderColor="#FFFFFF" bottomBorder="None" bottomBorderColor="#000000"/>
					<textElement textAlignment="Left" verticalAlignment="Middle" rotation="None" lineSpacing="Single">
						<font fontName="arial" pdfFontName="Helvetica" size="8" isBold="false" isItalic="false" isUnderline="false" isPdfEmbedded ="false" pdfEncoding ="Cp1252" isStrikeThrough="false" />
					</textElement>
				<textFieldExpression   class="java.lang.String"><![CDATA["e-Sfinge Versão: "+$P{versao} + " - Impresso em: "+$P{DataHoraAtual}]]></textFieldExpression>
				</textField>
			</band>
		</pageFooter>
		<summary>
			<band height="0"  isSplitAllowed="true" >
			</band>
		</summary>
</jasperReport>
