<?xml version="1.0" encoding="UTF-8"?>
<!-- Created using JasperAssistant (http://www.jasperassistant.com) -->
<!DOCTYPE jasperReport PUBLIC "-//JasperReports//DTD Report Design//EN" "http://jasperreports.sourceforge.net/dtds/jasperreport.dtd">

<jasperReport name="TestRelatorio" pageWidth="595" pageHeight="842" columnWidth="515" leftMargin="40" rightMargin="40" topMargin="50" bottomMargin="50">
	<reportFont name="Arial_Normal" isDefault="true" fontName="Arial" size="12" isBold="false" isItalic="false" isUnderline="false" isStrikeThrough="false" pdfFontName="Helvetica" pdfEncoding="Cp1252" isPdfEmbedded="false"/>
	<reportFont name="Arial_Bold" isDefault="false" fontName="Arial" size="12" isBold="true" isItalic="false" isUnderline="false" isStrikeThrough="false" pdfFontName="Helvetica-Bold" pdfEncoding="Cp1252" isPdfEmbedded="false"/>
	<reportFont name="Arial_Italic" isDefault="false" fontName="Arial" size="12" isBold="false" isItalic="true" isUnderline="false" isStrikeThrough="false" pdfFontName="Helvetica-Oblique" pdfEncoding="Cp1252" isPdfEmbedded="false"/>
	<parameter name="ReportTitle" class="java.lang.String">
	</parameter>
	<parameter name="DataFile" class="java.lang.String">
	</parameter>
	<field name="id" class="java.lang.Integer">
	</field>
	<field name="name" class="java.lang.String">
	</field>
	<field name="street" class="java.lang.String">
	</field>
	<field name="the_city" class="java.lang.String">
		<fieldDescription>me.me.city</fieldDescription>
	</field>
	<variable name="CityNumber" class="java.lang.Integer" resetType="Group" resetGroup="CityGroup" calculation="System">
		<initialValueExpression><![CDATA[($V{CityNumber} != null)?(new Integer($V{CityNumber}.intValue() + 1)):(new Integer(1))]]></initialValueExpression>
	</variable>
	<group name="CityGroup" minHeightToStartNewPage="60">
		<groupExpression><![CDATA[$F{the_city}]]></groupExpression>
		<groupHeader>
		<band height="20">
			<textField>
				<reportElement mode="Opaque" x="0" y="5" width="515" height="15" backcolor="#c0c0c0"/>
				<box leftPadding="10" bottomBorder="1Point"/>
				<textElement>
					<font reportFont="Arial_Bold"/>
				</textElement>
				<textFieldExpression class="java.lang.String"><![CDATA["  " + String.valueOf($V{CityNumber}) + ". " + String.valueOf($F{the_city})]]></textFieldExpression>
			</textField>
		</band>
		</groupHeader>
		<groupFooter>
		<band height="20">
			<staticText>
				<reportElement x="400" y="1" width="60" height="15"/>
				<textElement textAlignment="Right">
					<font reportFont="Arial_Bold"/>
				</textElement>
				<text><![CDATA[Count :]]></text>
			</staticText>
			<textField>
				<reportElement x="460" y="1" width="30" height="15"/>
				<textElement textAlignment="Right">
					<font reportFont="Arial_Bold"/>
				</textElement>
				<textFieldExpression class="java.lang.Integer"><![CDATA[$V{CityGroup_COUNT}]]></textFieldExpression>
			</textField>
		</band>
		</groupFooter>
	</group>
	<title>
		<band height="70">
			<line>
				<reportElement x="0" y="0" width="515" height="1"/>
				<graphicElement/>
			</line>
			<textField isBlankWhenNull="true">
				<reportElement x="0" y="10" width="515" height="30"/>
				<textElement textAlignment="Center">
					<font reportFont="Arial_Normal" size="22"/>
				</textElement>
				<textFieldExpression class="java.lang.String"><![CDATA[$P{ReportTitle}]]></textFieldExpression>
			</textField>
			<textField isBlankWhenNull="true">
				<reportElement x="0" y="40" width="515" height="20"/>
				<textElement textAlignment="Center">
					<font reportFont="Arial_Normal" size="14"/>
				</textElement>
				<textFieldExpression class="java.lang.String"><![CDATA[$P{DataFile}]]></textFieldExpression>
			</textField>
		</band>
	</title>
	<pageHeader>
		<band height="20">
			<rectangle>
				<reportElement x="0" y="5" width="515" height="15" forecolor="#333333" backcolor="#333333"/>
				<graphicElement/>
			</rectangle>
			<staticText>
				<reportElement mode="Opaque" x="0" y="5" width="55" height="15" forecolor="#ffffff" backcolor="#333333"/>
				<textElement textAlignment="Center">
					<font reportFont="Arial_Bold"/>
				</textElement>
				<text><![CDATA[ID]]></text>
			</staticText>
			<staticText>
				<reportElement mode="Opaque" x="55" y="5" width="205" height="15" forecolor="#ffffff" backcolor="#333333"/>
				<textElement>
					<font reportFont="Arial_Bold"/>
				</textElement>
				<text><![CDATA[Name]]></text>
			</staticText>
			<staticText>
				<reportElement mode="Opaque" x="260" y="5" width="255" height="15" forecolor="#ffffff" backcolor="#333333"/>
				<textElement>
					<font reportFont="Arial_Bold"/>
				</textElement>
				<text><![CDATA[Street]]></text>
			</staticText>
		</band>
	</pageHeader>
	<detail>
		<band height="15">
			<textField>
				<reportElement x="0" y="0" width="50" height="15"/>
				<box leftBorder="Thin" bottomBorder="Thin" leftPadding="10" rightPadding="10"/>
				<textElement textAlignment="Right"/>
				<textFieldExpression class="java.lang.Integer"><![CDATA[$F{id}]]></textFieldExpression>
			</textField>
			<textField isStretchWithOverflow="true">
				<reportElement positionType="Float" x="50" y="0" width="200" height="15"/>
				<box leftBorder="Thin" bottomBorder="Thin" leftPadding="10" rightPadding="10"/>
				<textElement/>
				<textFieldExpression class="java.lang.String"><![CDATA[$F{name}]]></textFieldExpression>
			</textField>
			<textField isStretchWithOverflow="true">
				<reportElement positionType="Float" x="250" y="0" width="265" height="15"/>
				<box leftBorder="Thin" bottomBorder="Thin" rightBorder="Thin" leftPadding="10" rightPadding="10"/>
				<textElement/>
				<textFieldExpression class="java.lang.String"><![CDATA[$F{street}]]></textFieldExpression>
			</textField>
		</band>
	</detail>
	<pageFooter>
		<band height="40">
			<line>
				<reportElement x="0" y="10" width="515" height="1"/>
				<graphicElement/>
			</line>
			<textField>
				<reportElement x="200" y="20" width="80" height="15"/>
				<textElement textAlignment="Right"/>
				<textFieldExpression class="java.lang.String"><![CDATA["Page " + String.valueOf($V{PAGE_NUMBER}) + " of"]]></textFieldExpression>
			</textField>
			<textField evaluationTime="Report">
				<reportElement x="280" y="20" width="75" height="15"/>
				<textElement/>
				<textFieldExpression class="java.lang.String"><![CDATA[" " + String.valueOf($V{PAGE_NUMBER})]]></textFieldExpression>
			</textField>
		</band>
	</pageFooter>
	<lastPageFooter>
		<band height="60">
			<textField>
				<reportElement x="0" y="10" width="515" height="15"/>
				<textElement textAlignment="Center"/>
				<textFieldExpression class="java.lang.String"><![CDATA["There were " + 
					String.valueOf($V{REPORT_COUNT}) + 
					" address records on this report."]]></textFieldExpression>
			</textField>
			<line>
				<reportElement x="0" y="30" width="515" height="1"/>
				<graphicElement/>
			</line>
			<textField>
				<reportElement x="200" y="40" width="80" height="15"/>
				<textElement textAlignment="Right"/>
				<textFieldExpression class="java.lang.String"><![CDATA["Page " + String.valueOf($V{PAGE_NUMBER}) + " of"]]></textFieldExpression>
			</textField>
			<textField evaluationTime="Report">
				<reportElement x="280" y="40" width="75" height="15"/>
				<textElement/>
				<textFieldExpression class="java.lang.String"><![CDATA[" " + String.valueOf($V{PAGE_NUMBER})]]></textFieldExpression>
			</textField>
		</band>
	</lastPageFooter>
</jasperReport>
