<?xml version="1.0" encoding="UTF-8"?>
<!DOCTYPE hibernate-mapping PUBLIC "-//Hibernate/Hibernate Mapping DTD 2.0//EN"
                                   "http://hibernate.sourceforge.net/hibernate-mapping-2.0.dtd">
                                   
<hibernate-mapping package="br.gov.sc.tce.esfinge.generico.application.gestaoFiscal.beans">

 <class name="ComponenteFiscal" table="ComponenteFiscal">
 
  <id name="id" type="long">
   <column name="identificador" sql-type="INTEGER"/>
   <generator class="increment"/>
  </id>

  <property name="identificadorUnidadeGestora" type="integer">
    <column name="identificadorUnidadeGestora" sql-type="INTEGER"/>
  </property>

  <property name="valorInformado" />
  <property name="valorApurado" />
  <property name="anoPeriodo" />
  <property name="numeroPeriodo" />
  <property name="competencia" />
  
   <many-to-one name="componente" column ="identificadorComponente"
     class="br.gov.sc.tce.esfinge.common.tabelabasico.Componente"/>
  
  <many-to-one name="tipoPeriodo" column="identificadorTipoPeriodo" 
   class="br.gov.sc.tce.esfinge.common.tabelabasico.TipoPeriodo" />
  
  <many-to-one name="poderOrgao" column="identificadorPoderOrgao" 
   class="br.gov.sc.tce.esfinge.common.entidades.poderOrgao.PoderOrgao" />

 </class>
 
</hibernate-mapping>