<?xml version="1.0" encoding="UTF-8"?>
<!DOCTYPE hibernate-mapping PUBLIC "-//Hibernate/Hibernate Mapping DTD 2.0//EN"
                                   "http://hibernate.sourceforge.net/hibernate-mapping-2.0.dtd">
                                   
<hibernate-mapping package="br.gov.sc.tce.esfinge.generico.application.gestaoFiscal.beans">

 <class name="ResponsabilidadeFiscal" table="ResponsabilidadeFiscal">
 
  <id name="id" type="long">
   <column name="identificador" sql-type="INTEGER"/>
   <generator class="increment"/>
  </id>

  <property name="identificadorUnidadeGestora" type="integer">
    <column name="identificadorUnidadeGestora" sql-type="INTEGER"/>
  </property>
 
  <property name="numeroPeriodo" not-null="true"/>
  <property name="anoPeriodo" not-null="true"/>
  <property name="competencia" not-null="false"/>
  
  <many-to-one name="tipoRelatorioFiscal" column="identificadorTipoRelatorioFiscal" 
   class="br.gov.sc.tce.esfinge.common.tabelabasico.TipoRelatorioFiscal" 
   not-null="true"/> 
   
  <many-to-one name="poderOrgao" column="identificadorPoderOrgao" 
   class="br.gov.sc.tce.esfinge.common.entidades.poderOrgao.PoderOrgao" 
   not-null="true"/> 
   
  <many-to-one name="responsavel" column="identificadorResponsavel" 
   class="br.gov.sc.tce.esfinge.generico.application.processoFuncional.beans.Responsavel" 
   not-null="true"/> 
   
  <many-to-one name="tipoPeriodo" column="identificadorTipoPeriodo" 
   class="br.gov.sc.tce.esfinge.common.tabelabasico.TipoPeriodo" 
   not-null="true"/> 
   
  <many-to-one name="tipoResponsabilidade" column="identificadorTipoResponsabilidade" 
   class="br.gov.sc.tce.esfinge.common.tabelabasico.TipoResponsabilidade" 
   not-null="true"/> 
 
 </class>
 
</hibernate-mapping>