<?xml version="1.0" encoding="UTF-8"?>
<!DOCTYPE hibernate-mapping PUBLIC "-//Hibernate/Hibernate Mapping DTD 2.0//EN"
                                   "http://hibernate.sourceforge.net/hibernate-mapping-2.0.dtd">
<hibernate-mapping package="br.gov.sc.tce.esfinge.common.tabelabasica.dimensao">
 <class name="br.gov.sc.tce.esfinge.common.tabelabasica.dimensao.Dimensao">
  <id name="identificador" type="integer">
  	<column name="identificador" sql-type="INTEGER"/>
   <generator class="increment"/>
  </id>
  
  <property name="siglaDimensao" type="string">
  	<column name="siglaDimensao" sql-type="VARCHAR" length="10"/>
  </property>

  <property name="codigoDimensao" type="integer">
  	<column name="codigoDimensao" sql-type="INTEGER"/>
  </property>

  <property name="descricaoDimensao" type="string">
  	<column name="descricaoDimensao" sql-type="VARCHAR" length="255" />
  </property>
  
  <property name="dataAtivacao" type="date">
  	<column name="dataAtivacao" sql-type="DATE"/>
  </property>
  

  <property name="dataDesativacao" type="date">
  	<column name="dataDesativacao" sql-type="DATE"/>
  </property>

 </class>
</hibernate-mapping>
