<?xml version="1.0" encoding="UTF-8"?>
<!DOCTYPE hibernate-mapping PUBLIC "-//Hibernate/Hibernate Mapping DTD 2.0//EN"
                                   "http://hibernate.sourceforge.net/hibernate-mapping-2.0.dtd">
                                   
<hibernate-mapping package="br.gov.sc.tce.esfinge.common.entidades.poderOrgao">

 <class name="PoderOrgao" table="PoderOrgao">
 
  <id name="identificador" type="integer">
   <column name="identificador" sql-type="INTEGER"/>
   <generator class="identity"/>
  </id>

  <property name="codigoPoderOrgao" not-null="true"/>
  <property name="descricaoPoderOrgao" not-null="true"/>
  <property name="descricaoUnidadeRepresentante" not-null="false"/>
  <property name="dataAtivacao" not-null="true" type="date"/>
  <property name="dataDesativacao" not-null="false" type="date"/>

 </class>
 
</hibernate-mapping>