<?xml version='1.0' encoding='utf-8'?> 
<!DOCTYPE hibernate-configuration
	PUBLIC "-//Hibernate/Hibernate Configuration DTD//EN"
	"http://hibernate.sourceforge.net/hibernate-configuration-2.0.dtd">
<hibernate-configuration>
	<session-factory>
		<property name="hibernate.connection.url">jdbc:hsqldb:hsql://localhost</property>
		<property name="hibernate.dialect">net.sf.hibernate.dialect.HSQLDialect</property>
		<property name="hibernate.connection.driver_class">org.hsqldb.jdbcDriver</property>
		<property name="hibernate.connection.pool_size">10</property>
		<property name="hibernate.connection.username">sa</property>
		<property name="hibernate.connection.password"></property>
		<!-- Mapping files -->
		
		<!-- Teste -->
		
		<mapping resource="br/gov/sc/tce/esfinge/common/controleCompetencia/FrameworkControleCompetencia.hbm.xml"/>
		<!-- Fim Teste -->
		
		<!-- Framework Mapping Files -->
		<mapping resource="br/gov/sc/tce/esfinge/common/model/usuario/Usuario.hbm.xml"/>
		<mapping resource="br/gov/sc/tce/esfinge/common/model/usuario/Perfil.hbm.xml"/>
		<mapping resource="br/gov/sc/tce/esfinge/common/model/beans/MensagemErro.hbm.xml"/>
		<mapping resource="br/gov/sc/tce/esfinge/common/model/beans/menu/Interfaces.hbm.xml"/>
		
		<mapping resource="br/gov/sc/tce/esfinge/common/model/beans/menu/ModuloAplicacao.hbm.xml"/>
		
		<mapping resource="br/gov/sc/tce/esfinge/common/competencia/FrameworkCompetencia.hbm.xml"/>

		<mapping resource="br/gov/sc/tce/esfinge/common/entidades/ente/Ente.hbm.xml"/>
		<mapping resource="br/gov/sc/tce/esfinge/common/entidades/ente/TipoEsfera.hbm.xml"/>
		<mapping resource="br/gov/sc/tce/esfinge/common/entidades/poderOrgao/PoderOrgao.hbm.xml"/>
		<mapping resource="br/gov/sc/tce/esfinge/common/entidades/unidadeDelegada/UnidadeDelegada.hbm.xml"/>
		<mapping resource="br/gov/sc/tce/esfinge/common/entidades/unidadeGestora/TipoUnidade.hbm.xml"/>
		<mapping resource="br/gov/sc/tce/esfinge/common/entidades/unidadeGestora/UnidadeGestora.hbm.xml"/>
		
		<mapping resource="br/gov/sc/tce/esfinge/common/entidades/chave/Chave.hbm.xml"/>
		<mapping resource="br/gov/sc/tce/esfinge/common/entidades/tipoChave/TipoChave.hbm.xml"/>
		<!-- Application Meta Fisica Ações Mapping Files -->
		<mapping resource="br/gov/sc/tce/esfinge/common/application/ppa/beans/MetaFisicaAcao.hbm.xml"/>
		<mapping resource="br/gov/sc/tce/esfinge/common/application/ppa/beans/AcaoPPA.hbm.xml"/>
		<!-- Application Cadastro Identificação PPA Mapping Files -->
		<mapping resource="br/gov/sc/tce/esfinge/generico/application/textoJuridico/beans/TextoJuridico.hbm.xml"/>
		<mapping resource="br/gov/sc/tce/esfinge/common/application/ppa/beans/PlanoPluriAnual.hbm.xml"/>		
		<!-- Application Programa Mapping Files -->
		<mapping resource="br/gov/sc/tce/esfinge/common/application/ppa/beans/Programa.hbm.xml"/>
		<mapping resource="br/gov/sc/tce/esfinge/common/tabelabasico/Regiao.hbm.xml"/>
		<mapping resource="br/gov/sc/tce/esfinge/common/tabelabasico/Regionalizacao.hbm.xml"/>

	<!-- TipoAtualizacao Mapping Files -->
	<mapping resource="br/gov/sc/tce/esfinge/common/tabelabasico/TipoAtualizacao.hbm.xml"/>
 	
		<!-- Application Audiência Pública Mapping Files -->
		<mapping resource="br/gov/sc/tce/esfinge/common/tabelabasico/TipoAudiencia.hbm.xml"/>
		<mapping resource="br/gov/sc/tce/esfinge/common/tabelabasico/TipoMeioComunicacao.hbm.xml"/>
		<mapping resource="br/gov/sc/tce/esfinge/common/application/generico/beans/Audiencia.hbm.xml"/>
		
		<!-- Competencia Mapping Files -->
		<mapping resource="br/gov/sc/tce/esfinge/common/tabelabasico/Competencia.hbm.xml"/>

		<!-- Ente Mapping Files -->
<!--		<mapping resource="br/gov/sc/tce/esfinge/common/tabelabasico/Ente.hbm.xml"/> -->

		<!-- TipoEsfera Mapping Files -->
<!--		<mapping resource="br/gov/sc/tce/esfinge/common/tabelabasico/TipoEsfera.hbm.xml"/>-->
		
		<!-- TipoNatureza Mapping Files -->
		<mapping resource="br/gov/sc/tce/esfinge/common/tabelabasico/TipoNatureza.hbm.xml"/>
		
		<!-- TipoTextoJuridico Mapping Files -->
		<mapping resource="br/gov/sc/tce/esfinge/common/tabelabasico/TipoTextoJuridico.hbm.xml"/>
		
		<!-- Application Ação PPA Mapping Files -->
		<mapping resource="br/gov/sc/tce/esfinge/common/tabelabasico/Funcao.hbm.xml"/>
		<mapping resource="br/gov/sc/tce/esfinge/common/tabelabasico/SubFuncao.hbm.xml"/>
		
		<!-- Application AcaoLDO Mapping Files -->
		<mapping resource="br/gov/sc/tce/esfinge/common/application/ldo/beans/AcaoLDO.hbm.xml"/>
		
		<!-- Application Cadastro LDO Mapping Files -->
		<mapping resource="br/gov/sc/tce/esfinge/common/application/ldo/beans/LeiDiretrizesOrcamentaria.hbm.xml"/>
		
		<!-- Application Cadastro MetaPrioridade Mapping Files -->
		<mapping resource="br/gov/sc/tce/esfinge/common/application/ldo/beans/MetaPrioridade.hbm.xml"/>
		
		<!-- Application Cadastro Tipo Meta Fiscal Mapping Files -->
		<mapping resource="br/gov/sc/tce/esfinge/common/tabelabasico/TipoMetaFiscal.hbm.xml"/>
		
		<!-- Application Cadastro Meta Fiscal Mapping Files -->
		<mapping resource="br/gov/sc/tce/esfinge/common/application/ldo/beans/MetaFiscal.hbm.xml"/>
		
		<!-- Alienacao Bem -->
		<mapping resource="br/gov/sc/tce/esfinge/common/application/ldo/beans/AlienacaoBem.hbm.xml"/>
		
		<!-- Application Inclusao Social Mapping Files -->
		<mapping resource="br/gov/sc/tce/esfinge/common/application/ldo/beans/InclusaoSocial.hbm.xml"/>
		
		<!-- Percentual Participação Poderes -->
		<mapping resource="br/gov/sc/tce/esfinge/common/application/ldo/beans/PercentualParticipacaoPoderes.hbm.xml"/>

		<!-- Poder Orgão -->
<!--		<mapping resource="br/gov/sc/tce/esfinge/common/tabelabasico/PoderOrgao.hbm.xml"/>		-->
		
		<!-- Application Cadastro Tipo Passivo Contingente Mapping Files -->
		<mapping resource="br/gov/sc/tce/esfinge/common/tabelabasico/TipoPassivoContingente.hbm.xml"/>
		
		<!-- Application Cadastro Passivo Contingente Mapping Files -->
		<mapping resource="br/gov/sc/tce/esfinge/common/application/ldo/beans/PassivoContingente.hbm.xml"/>
		
		<!-- Application Cadastro Compensacao Renuncia Mapping Files -->
		<mapping resource="br/gov/sc/tce/esfinge/common/application/ldo/beans/CompensacaoRenuncia.hbm.xml"/>
			
		<!-- Application Cadastro Aplicacao Alienacao Bem Mapping Files -->
		<mapping resource="br/gov/sc/tce/esfinge/common/application/ldo/beans/AplicacaoAlienacaoBem.hbm.xml"/>
		
		<!-- Application Cadastro Patrimonio Liquido Mapping Files -->
		<mapping resource="br/gov/sc/tce/esfinge/common/application/ldo/beans/PatrimonioLiquido.hbm.xml"/>
		
		<!-- Application Cadastro Tipo Patrimonio Mapping Files -->
		<mapping resource="br/gov/sc/tce/esfinge/common/tabelabasico/TipoPatrimonio.hbm.xml"/>		

		<!-- Application Cadastro Renuncia Receita Aumento Despesa Mapping Files -->
		<mapping resource="br/gov/sc/tce/esfinge/common/application/ldo/beans/RenunciaReceitaAumentoDespesa.hbm.xml"/>
		
		<!-- Tipo Dotação Mapping Files -->
		<mapping resource="br/gov/sc/tce/esfinge/common/tabelabasico/TipoDotacao.hbm.xml"/>
		
		<!--  Categoria Economica de Despesa Mapping Files -->
		<mapping resource="br/gov/sc/tce/esfinge/common/tabelabasico/CategoriaEconomicaDespesa.hbm.xml"/>
		
		<!--  Grupo de Natureza de Despesa Mapping Files -->
		<mapping resource="br/gov/sc/tce/esfinge/common/tabelabasico/GrupoNaturezaDespesa.hbm.xml"/>
		
		<!--  Modalidade da Aplicação Mapping Files -->
		<mapping resource="br/gov/sc/tce/esfinge/common/tabelabasico/ModalidadeAplicacao.hbm.xml"/>
		
		<!--  Elemento de Despesa Mapping Files -->
		<mapping resource="br/gov/sc/tce/esfinge/common/tabelabasico/ElementoDespesa.hbm.xml"/>
		
		<!--  Origem Dotacao Mapping Files -->
		<mapping resource="br/gov/sc/tce/esfinge/common/tabelabasico/OrigemDotacao.hbm.xml"/>
		
		<!-- Application Cadastro Dotacao Mapping Files -->
		<mapping resource="br/gov/sc/tce/esfinge/common/application/loa/beans/Dotacao.hbm.xml"/>
		
		<!-- Application Cadastro Orcamento Mapping Files -->
		<mapping resource="br/gov/sc/tce/esfinge/common/application/loa/beans/Orcamento.hbm.xml"/>

		<!-- FonteRecurso Mapping Files -->
		<mapping resource="br/gov/sc/tce/esfinge/common/application/loa/beans/FonteRecurso.hbm.xml"/>
		
		<!-- IndicadorUso Mapping Files -->
		<mapping resource="br/gov/sc/tce/esfinge/common/tabelabasico/IndicadorUso.hbm.xml"/>

		<!-- GrupoFontesRecursos Mapping Files -->
		<mapping resource="br/gov/sc/tce/esfinge/common/tabelabasico/GrupoFontesRecursos.hbm.xml"/>

		<!-- EspecificacaoFonteRecurso Mapping Files -->
		<mapping resource="br/gov/sc/tce/esfinge/common/tabelabasico/EspecificacaoFonteRecurso.hbm.xml"/>
		
		<!-- Unidade Orcamentaria Mapping Files -->
		<mapping resource="br/gov/sc/tce/esfinge/common/application/loa/beans/UnidadeOrcamentaria.hbm.xml"/>
		
		<!-- Unidade Gestora Mapping Files -->
		<!--<mapping resource="br/gov/sc/tce/esfinge/generico/application/gestaoFiscal/beans/UnidadeGestora.hbm.xml"/>-->
		
		<!-- ProjetoAtividade Gestora Mapping Files -->
		<mapping resource="br/gov/sc/tce/esfinge/common/application/loa/beans/ProjetoAtividade.hbm.xml"/>
		
		<!-- Tipo Acão Mapping Files -->
		<mapping resource="br/gov/sc/tce/esfinge/common/tabelabasico/TipoAcao.hbm.xml"/>
		
		<!-- Recurso Credito Adicional Mapping Files -->
		<mapping resource="br/gov/sc/tce/esfinge/common/tabelabasico/RecursoCreditoAdicional.hbm.xml"/>
		
		<!-- Especificacao Receita Mapping Files -->
		<mapping resource="br/gov/sc/tce/esfinge/common/tabelabasico/EspecificacaoReceita.hbm.xml"/>
		
		<!-- Previsão Receita Mapping Files -->
		<mapping resource="br/gov/sc/tce/esfinge/common/application/loa/beans/PrevisaoReceita.hbm.xml"/>
		
		<!-- Precatorio Mapping Files -->
		<mapping resource="br/gov/sc/tce/esfinge/common/application/loa/beans/Precatorio.hbm.xml"/>

       <!-- Responsavel Unidade Gestora Mapping Files -->
		<mapping resource="br/gov/sc/tce/esfinge/generico/application/processoFuncional/beans/ResponsavelUnidadeGestora.hbm.xml"/>

		<!-- Responsavel Controle Interno Mapping Files -->
		<mapping resource="br/gov/sc/tce/esfinge/generico/application/processoFuncional/beans/ResponsavelControleInterno.hbm.xml"/>
		
		<!--  Nota Anulacao Liberacao Credito Orcamentario Mapping Files -->
		<mapping resource="br/gov/sc/tce/esfinge/common/application/alteracaoOrcamentaria/beans/NotaAnulacaoLiberacaoCreditoOrcamentario.hbm.xml"/>
		
		<!--  Nota Liberacao Credito Orcamentario Mapping Files -->
		<mapping resource="br/gov/sc/tce/esfinge/common/application/alteracaoOrcamentaria/beans/NotaLiberacaoCreditoOrcamentario.hbm.xml"/>
 		
		<!--  Fonte Recurso Credito Adicional Mapping Files -->
		<mapping resource="br/gov/sc/tce/esfinge/common/application/alteracaoOrcamentaria/beans/FonteRecursoCreditoAdicional.hbm.xml"/>
		
		<!--  Tipo Alteração Orçamentária Mapping Files -->
		<mapping resource="br/gov/sc/tce/esfinge/common/tabelabasico/TipoAlteracaoOrcamentaria.hbm.xml"/>		
		
		<!--  Tipo Operação Mapping Files -->
		<mapping resource="br/gov/sc/tce/esfinge/common/tabelabasico/TipoOperacao.hbm.xml"/>		

		<!--  Publicidade Mapping Files -->
		<mapping resource="br/gov/sc/tce/esfinge/generico/application/textoJuridico/beans/Publicidade.hbm.xml"/>		
		
		<!--  Arquivo Texto Mapping Files -->
		<mapping resource="br/gov/sc/tce/esfinge/generico/application/textoJuridico/beans/ArquivoTexto.hbm.xml"/>		
		
		<!--  Alteração Orçamentária Mapping Files -->
		<mapping resource="br/gov/sc/tce/esfinge/common/application/alteracaoOrcamentaria/beans/AlteracaoOrcamentaria.hbm.xml"/>				
		
		<!--  Tipo Periodo Mapping Files -->
		<mapping resource="br/gov/sc/tce/esfinge/common/tabelabasico/TipoPeriodo.hbm.xml"/>		
 		
 		<!--  Tipo Responsabilidade Mapping Files -->
		<mapping resource="br/gov/sc/tce/esfinge/common/tabelabasico/TipoResponsabilidade.hbm.xml"/>		
 		
 		<!--  Tipo Relatorio Fiscal Mapping Files -->
		<mapping resource="br/gov/sc/tce/esfinge/common/tabelabasico/TipoRelatorioFiscal.hbm.xml"/> 		
		
 		<!--  Responsavel Mapping Files -->
		<mapping resource="br/gov/sc/tce/esfinge/generico/application/processoFuncional/beans/Responsavel.hbm.xml"/> 			
		
 		<!--  Responsabilidade Fiscal Mapping Files -->
		<mapping resource="br/gov/sc/tce/esfinge/generico/application/gestaoFiscal/beans/ResponsabilidadeFiscal.hbm.xml"/> 					
 		
 		<!--  Tipo Componente Mapping Files -->
		<mapping resource="br/gov/sc/tce/esfinge/common/tabelabasico/TipoComponente.hbm.xml"/> 					
 		
 		<!--  Composicao Demonstrativo Mapping Files -->
		<mapping resource="br/gov/sc/tce/esfinge/common/tabelabasico/ComposicaoDemonstrativo.hbm.xml"/> 					
 		
 		<!--  Versão Demonstrativo Mapping Files -->
		<mapping resource="br/gov/sc/tce/esfinge/common/tabelabasico/VersaoDemonstrativo.hbm.xml"/>
 		
 		<!--  Componente Mapping Files -->
		<mapping resource="br/gov/sc/tce/esfinge/common/tabelabasico/Componente.hbm.xml"/> 
 		
 		<!--  Demonstrativo Mapping Files -->
		<mapping resource="br/gov/sc/tce/esfinge/common/tabelabasico/Demonstrativo.hbm.xml"/>
 		
 		<!--  Periodo Demonstrativo Mapping Files -->
		<mapping resource="br/gov/sc/tce/esfinge/common/tabelabasico/PeriodoDemonstrativo.hbm.xml"/>
 		
 		<!--  Tipo Competencia Mapping Files -->
		<mapping resource="br/gov/sc/tce/esfinge/common/tabelabasico/TipoCompetencia.hbm.xml"/>
 		
 		<!--  Componente Fiscal Mapping Files -->
		<mapping resource="br/gov/sc/tce/esfinge/generico/application/gestaoFiscal/beans/ComponenteFiscal.hbm.xml"/>
 		
 		<!--  Publicidade Relatório Fiscal Mapping Files -->
		<mapping resource="br/gov/sc/tce/esfinge/generico/application/gestaoFiscal/beans/PublicidadeRelatorioFiscal.hbm.xml"/>
 		
 		<!--  Tipo Unidade Mapping Files -->
	<!--	<mapping resource="br/gov/sc/tce/esfinge/common/tabelabasico/TipoUnidade.hbm.xml"/>-->
 		
 		<!--  Unidade Delegada Mapping Files -->
	<!--	<mapping resource="br/gov/sc/tce/esfinge/common/tabelabasico/UnidadeDelegada.hbm.xml"/>-->
		
 		<!--  Validacao Mensagem Mapping Files -->
		<mapping resource="br/gov/sc/tce/esfinge/common/tabelabasico/ValidacaoMensagem.hbm.xml"/>		
 		 
 		 <!--  ArquivoTxt Mapping Files -->
 		 <mapping resource="br/gov/sc/tce/esfinge/generico/application/importacao/beans/ArquivoTxt.hbm.xml"/>
 		 
 		 <!--  Fonte Base Mapping Files -->
 		 <mapping resource="br/gov/sc/tce/esfinge/generico/application/importacao/beans/FonteBase.hbm.xml"/>

		 <!--  Sistema Mapping Files -->
  		 <mapping resource="br/gov/sc/tce/esfinge/generico/application/importacao/beans/Sistema.hbm.xml"/>
  		 
  		  <!--  Pacote Mapping Files -->
  		 <mapping resource="br/gov/sc/tce/esfinge/generico/application/importacao/beans/Pacote.hbm.xml"/>
  		 

		 <!--  Tabela Mapping Files -->  		 
		 <mapping resource="br/gov/sc/tce/esfinge/generico/application/importacao/beans/Tabela.hbm.xml"/>
		 
		 <!--  TxtXml Mapping Files -->
  		 <mapping resource="br/gov/sc/tce/esfinge/generico/application/importacao/beans/TxtXml.hbm.xml"/>
  		 
 		 <!--  Log Mapping Files -->
 		 <mapping resource="br/gov/sc/tce/esfinge/generico/application/importacao/beans/Log.hbm.xml"/>
  		 
 		 <!--  Controle Remessa Importacao Exportacao Mapping Files -->
 		 <mapping resource="br/gov/sc/tce/esfinge/generico/application/importacao/beans/ControleRemessaImportacaoExportacao.hbm.xml"/>

		<!-- Application Meta Fisica Realizada Mapping Files -->
		<mapping resource="br/gov/sc/tce/esfinge/common/application/ppa/beans/MetaFisicaRealizada.hbm.xml"/>
		
 		<!--  NaturezaDespesaTipica Mapping Files -->
 		<mapping resource="br/gov/sc/tce/esfinge/common/tabelabasico/NaturezaDespesaTipica.hbm.xml"/>
 		 
 		<!--  DetalhamentoDestinacaoRecurso Mapping Files -->
 		<mapping resource="br/gov/sc/tce/esfinge/common/tabelabasico/DetalhamentoDestinacaoRecurso.hbm.xml"/>

 		<!--  TipoDeducaoReceita Mapping Files -->
 		<mapping resource="br/gov/sc/tce/esfinge/common/tabelabasico/TipoDeducaoReceita.hbm.xml"/>
   		<mapping resource="br/gov/sc/tce/esfinge/common/tabelabasico/NaturezaArquivoTexto.hbm.xml"/>	

	</session-factory>
</hibernate-configuration>