<?xml version="1.0" encoding="UTF-8"?>
<!DOCTYPE hibernate-mapping PUBLIC "-//Hibernate/Hibernate Mapping DTD 2.0//EN"
                                   "http://hibernate.sourceforge.net/hibernate-mapping-2.0.dtd">
<hibernate-mapping package="br.gov.sc.tce.esfinge.common.entidades.chave">
 <class name="br.gov.sc.tce.esfinge.common.entidades.chave.Chave" table="CHAVESUSADAS">
  <id name="identificador" type="integer">
   <column name="identificador" sql-type="INTEGER"/>
   <generator class="increment"/>
  </id>
  <property name="sequencial" column="sequencial" type="integer"/>
  <many-to-one name="unidadeGestora" column="identificadorUnidadeGestora" class="br.gov.sc.tce.esfinge.common.entidades.unidadeGestora.UnidadeGestora"/>
  <many-to-one name="tipoChave" column="identificadorTipoChave" class="br.gov.sc.tce.esfinge.common.entidades.tipoChave.TipoChave"/>
 </class>
</hibernate-mapping>
