<?xml version="1.0" encoding="UTF-8"?>
<!DOCTYPE hibernate-mapping PUBLIC "-//Hibernate/Hibernate Mapping DTD 2.0//EN"
                                   "http://hibernate.sourceforge.net/hibernate-mapping-2.0.dtd">
<hibernate-mapping package="br.gov.sc.tce.esfinge.common.competencia">
 <class name="br.gov.sc.tce.esfinge.common.competencia.FrameworkCompetencia" table="Competencia" >
  
  <id name="identificador">
   <column name="identificador" sql-type="INTEGER"/>
   <generator class="increment"/>
  </id>
  
  <property name="numeroCompetencia" type="integer">
   <column name="numeroCompetencia" not-null="true" sql-type="INTEGER"/>
  </property>

  <property name="versao" type="string">
   <column name="versao" sql-type="VARCHAR"/>
  </property>
  
 </class>
</hibernate-mapping>
