<?xml version="1.0" encoding="UTF-8"?>
<!DOCTYPE hibernate-mapping PUBLIC "-//Hibernate/Hibernate Mapping DTD 2.0//EN"
                                   "http://hibernate.sourceforge.net/hibernate-mapping-2.0.dtd">
<hibernate-mapping package="br.gov.sc.tce.esfinge.common.model.usuario">
 <class name="br.gov.sc.tce.esfinge.common.model.usuario.Perfil">
  <id name="id">
   <column name="id" not-null="true"/>
   <generator class="identity"/>
  </id>
  <property name="descr">
   <column name="descr" length="255" not-null="true" sql-type="VARCHAR"/>
  </property>
 </class>
</hibernate-mapping>
