<?xml version="1.0" encoding="UTF-8"?>
<!DOCTYPE hibernate-mapping PUBLIC "-//Hibernate/Hibernate Mapping DTD 2.0//EN"
                                   "http://hibernate.sourceforge.net/hibernate-mapping-2.0.dtd">
<hibernate-mapping package="br.gov.sc.tce.esfinge.common.model.usuario">
 	<class name="br.gov.sc.tce.esfinge.common.model.usuario.Usuario" table="USUARIO">
  
		<id name="identificador" type="integer" unsaved-value="0">
			<column name="identificador" sql-type="INTEGER"/>
			<generator class="increment"/>
		</id>
	  
		<property name="nome" length="255" not-null="true"/>
	  	<property name="senha" not-null="true"/>
	  	<property name="codigoAcesso" not-null="true"/>
	
	  	<many-to-one name="unidadeGestora" column="identificadorUnidadeGestora" class="br.gov.sc.tce.esfinge.common.entidades.unidadeGestora.UnidadeGestora"/>
	
	  	<many-to-one name="perfil" column="perfil" class="br.gov.sc.tce.esfinge.common.model.usuario.Perfil"/>

 	</class>
</hibernate-mapping>
