<?xml version="1.0" encoding="UTF-8"?>
<!DOCTYPE hibernate-mapping PUBLIC "-//Hibernate/Hibernate Mapping DTD 2.0//EN"
                                   "http://hibernate.sourceforge.net/hibernate-mapping-2.0.dtd">
<hibernate-mapping package="br.gov.sc.tce.esfinge.common.tabelabasica.tipoMotivoRescisao">
 <class name="br.gov.sc.tce.esfinge.common.tabelabasica.tipoMotivoRescisao.TipoMotivoRescisao">
  
  <id name="identificador" type="integer">
  	<column name="identificador" sql-type="INTEGER"/>
   <generator class="increment"/>
  </id>
  
  <property name="codigoTipoMotivoRescisao" type="integer">
  	<column name="codigoTipoMotivoRescisao" sql-type="INTEGER"/>
  </property>

  <property name="descricaoTipoMotivoRescisao" type="string">
  	<column name="descricaoTipoMotivoRescisao" sql-type="VARCHAR"/>
  </property>

  <property name="dataAtivacao" type="date">
  	<column name="dataAtivacao" sql-type="DATE"/>
  </property>

  <property name="dataDesativacao" type="date">
  	<column name="dataDesativacao" sql-type="DATE"/>
  </property>
  
 </class>
</hibernate-mapping>
