<?xml version="1.0" encoding="UTF-8"?>
<!DOCTYPE hibernate-mapping PUBLIC "-//Hibernate/Hibernate Mapping DTD 2.0//EN"
                                   "http://hibernate.sourceforge.net/hibernate-mapping-2.0.dtd">
                                   
<hibernate-mapping package="br.gov.sc.tce.esfinge.common.entidades.unidadeGestora">

 <class name="TipoUnidade" table="TipoUnidade">
 
  <id name="identificador" type="integer">
   <column name="identificador" sql-type="INTEGER"/>
   <generator class="identity"/>
  </id>

  <property name="codigoTipoUnidade" not-null="true"/>
  <property name="descricaoTipoUnidade" not-null="false"/>
  <property name="indicativoRepresentantePoderOrgao" not-null="false"/>
  <property name="dataAtivacao" not-null="false" type="date"/>
  <property name="dataDesativacao" not-null="false" type="date"/>

 </class>
 
</hibernate-mapping>