<?xml version="1.0" encoding="UTF-8"?>
<!DOCTYPE hibernate-mapping PUBLIC "-//Hibernate/Hibernate Mapping DTD 2.0//EN"
                                   "http://hibernate.sourceforge.net/hibernate-mapping-2.0.dtd">
<hibernate-mapping package="br.gov.sc.tce.esfinge.common.entidades.unidadeGestora">

 <class name="UnidadeGestora" table="UnidadeGestora">
  
  <id name="id" type="long">
   <column name="identificador" sql-type="INTEGER"/>
   <generator class="increment"/>
  </id>
  
  <property name="codigoUnidade" not-null="true"/>
  <property name="nomeUnidade"  not-null="false"/>
  <property name="codigoUnidadeConsolidadora"  not-null="false"/>
  <property name="codigoDdd"  not-null="false"/>
  <property name="siglaUnidade"  not-null="false"/>
  <property name="numeroTelefone"  not-null="false"/>  
  <property name="numeroFax"  not-null="false"/>
  <property name="numeroCnpj"  not-null="false"/>  
  <property name="tipoLogradouro"  not-null="false"/>          
  <property name="descricaoLogradouro"  not-null="false"/>
  <property name="descricaoComplementoEndereco"  not-null="false"/>
  <property name="descricaoBairro"  not-null="false"/>          
  <property name="numeroEdificacao"  not-null="false"/>        
  <property name="numeroCep"  not-null="false"/>        
  <property name="numeroUnidadeSuperior" not-null="false"/>
  <property name="descricaoEmail"  not-null="false"/>        
  <property name="dataInicioFuncionamento"  not-null="false"/>          
  <property name="dataFimFuncionamento"  />          
  <property name="dataExtincao"  />          
  <property name="descricaoSite"  not-null="false"/>          

  <many-to-one name="ente" column="identificadorEnte" class="br.gov.sc.tce.esfinge.common.entidades.ente.Ente"/>
  <many-to-one name="tipoUnidade" column="identificadorTipoUnidade" class="br.gov.sc.tce.esfinge.common.entidades.unidadeGestora.TipoUnidade"/>
  <many-to-one name="poderOrgao" column="identificadorPoderOrgao" class="br.gov.sc.tce.esfinge.common.entidades.poderOrgao.PoderOrgao"/>
  
 </class>
</hibernate-mapping>
