<?xml version="1.0" encoding="UTF-8"?>
<!DOCTYPE hibernate-mapping PUBLIC "-//Hibernate/Hibernate Mapping DTD 2.0//EN"
                                   "http://hibernate.sourceforge.net/hibernate-mapping-2.0.dtd">
                                   
<hibernate-mapping package="br.gov.sc.tce.esfinge.common.application.alteracaoOrcamentaria.beans">

 <class name="AlteracaoOrcamentaria" table="AlteracaoOrcamentaria">
 
  <id name="id" type="long">
   <column name="identificador" sql-type="INTEGER"/>
   <generator class="increment"/>
  </id>
  
  <property name="identificadorUnidadeGestora" type="integer">
  	<column name="identificadorUnidadeGestora" sql-type="INTEGER"/>
  </property>
 
  <property name="valorAlteracao" not-null="true"/>
  <property name="competencia" not-null="true"/> 
  
  <many-to-one name="indicadorUso" column="identificadorIndicadorUso" 
   class="br.gov.sc.tce.esfinge.common.tabelabasico.IndicadorUso" 
   not-null="true"/> 
   
  <many-to-one name="especificacaoFonteRecurso" column="identificadorEspecificacaoFonteRecurso" 
   class="br.gov.sc.tce.esfinge.common.tabelabasico.EspecificacaoFonteRecurso" 
   not-null="true"/> 

  <many-to-one name="grupoFontesRecursos" column="identificadorGrupoFontesRecursos" 
   class="br.gov.sc.tce.esfinge.common.tabelabasico.GrupoFontesRecursos" 
   not-null="true"/> 
   
  <many-to-one name="tipoAlteracaoOrcamentaria" column="identificadorTipoAlteracaoOrcamentaria" 
   class="br.gov.sc.tce.esfinge.common.tabelabasico.TipoAlteracaoOrcamentaria" 
   not-null="true"/> 
   
  <many-to-one name="dotacao" column="identificadorDotacao" 
   class="br.gov.sc.tce.esfinge.common.application.loa.beans.Dotacao" 
   not-null="true"/> 
   
  <many-to-one name="textoJuridico" column="identificadorTextoJuridico" 
   class="br.gov.sc.tce.esfinge.generico.application.textoJuridico.beans.TextoJuridico" 
   not-null="true"/>                 

  <many-to-one name="detalhamentoDestinacaoRecurso" column="identificadorDetalhamentoDestinacaoRecurso" class="br.gov.sc.tce.esfinge.common.tabelabasico.DetalhamentoDestinacaoRecurso"/>
 
 </class>
 
</hibernate-mapping>