<?xml version="1.0" encoding="UTF-8"?>
<!DOCTYPE hibernate-mapping PUBLIC "-//Hibernate/Hibernate Mapping DTD 2.0//EN"
                                   "http://hibernate.sourceforge.net/hibernate-mapping-2.0.dtd">

<hibernate-mapping package="br.gov.sc.tce.esfinge.common.application.alteracaoOrcamentaria.beans">

 <class name="FonteRecursoCreditoAdicional" table="FonteRecursoCreditoAdicional">
 
  <id name="id" type="long">
   <column name="identificador" sql-type="INTEGER"/>
   <generator class="increment"/>
  </id>
  
  <property name="identificadorUnidadeGestora" type="integer">
  	<column name="identificadorUnidadeGestora" sql-type="INTEGER"/>
  </property>
  
  <property name="valorRecurso" not-null="true"/>
  <property name="competencia" not-null="true"/> 
  
  <many-to-one name="textoJuridico" column="identificadorTextoJuridico" 
   class="br.gov.sc.tce.esfinge.generico.application.textoJuridico.beans.TextoJuridico" 
   not-null="true"/>
   
  <many-to-one name="recursoCreditoAdicional" column="identificadorRecursoCreditoAdicional" 
   class="br.gov.sc.tce.esfinge.common.tabelabasico.RecursoCreditoAdicional" 
   not-null="true"/>    
  
 </class>

</hibernate-mapping>