<?xml version="1.0" encoding="UTF-8"?>
<!DOCTYPE hibernate-mapping PUBLIC "-//Hibernate/Hibernate Mapping DTD 2.0//EN"
                                   "http://hibernate.sourceforge.net/hibernate-mapping-2.0.dtd">
                                   
<hibernate-mapping package="br.gov.sc.tce.esfinge.common.application.alteracaoOrcamentaria.beans">

 <class name="NotaLiberacaoCreditoOrcamentario" table="NotaLiberacaoCreditoOrcamentario">
 
  <id name="id" type="long">
   <column name="identificador" sql-type="INTEGER"/>
   <generator class="increment"/>
  </id>
  
  <property name="identificadorUnidadeGestora" type="integer">
  	<column name="identificadorUnidadeGestora" sql-type="INTEGER"/>
  </property>

  <property name="numeroNotaLiberacao"  not-null="true"/>
  <property name="numeroProtocoloPadrao"  type="string" />
  <property name="dataLiberacaoCredito"  type="date" />
  <property name="dataTerminoPrazo"  type="date" />
  <property name="valorCreditoLiberado"  type="double" />
  <property name="discriminacaoDespesa"  type="string" />
  <property name="nomeOrdenadorDescentralizadorCredito"  type="string" />
  <property name="nomeOrdenadorexecutorCredito"  type="string" />
  <property name="competencia"  type="int"  not-null="true" />
  
  <many-to-one name="fonteRecurso" column="identificadorFonteRecurso"
	 class="br.gov.sc.tce.esfinge.common.application.loa.beans.FonteRecurso"/>
  
  <many-to-one name="unidadeOrcamentariaExecutora" column="identificadorUnidadeOrcamentariaExecutora"
	 class="br.gov.sc.tce.esfinge.common.application.loa.beans.UnidadeOrcamentaria"/>

  <many-to-one name="unidadeOrcamentariaDescentralizadora" column="identificadorUnidadeOrcamentariaDescentralizadora"
	 class="br.gov.sc.tce.esfinge.common.application.loa.beans.UnidadeOrcamentaria"/>

  </class>

</hibernate-mapping>