<?xml version="1.0" encoding="UTF-8"?>
<!DOCTYPE hibernate-mapping PUBLIC "-//Hibernate/Hibernate Mapping DTD 2.0//EN"
                                   "http://hibernate.sourceforge.net/hibernate-mapping-2.0.dtd">
                                   
<hibernate-mapping package="br.gov.sc.tce.esfinge.common.application.alteracaoOrcamentaria.beans">

 <class name="NotaAnulacaoLiberacaoCreditoOrcamentario" table="NotaAnulacaoLiberacaoCreditoOrcamentario">
 
  <id name="id" type="long">
   <column name="identificador" sql-type="INTEGER"/>
   <generator class="increment"/>
  </id>
  
  <property name="identificadorUnidadeGestora" type="integer">
  	<column name="identificadorUnidadeGestora" sql-type="INTEGER"/>
  </property>
 
  <property name="numeroNotaAnulacao" not-null="true"/>
  <property name="dataAnulacao" not-null="true"/>
  <property name="descricaoMotivoAnulacao" not-null="true"/>
  <property name="valorAnulacao" not-null="true"/>
  <property name="competencia" not-null="true"/> 
  
  <many-to-one name="notaLiberacaoCreditoOrcamentario" column="identificadorNotaLiberacaoCreditoOrcamentario"
	 class="br.gov.sc.tce.esfinge.common.application.alteracaoOrcamentaria.beans.NotaLiberacaoCreditoOrcamentario"/>
  
 </class>
 
</hibernate-mapping>