<?xml version="1.0" encoding="UTF-8"?>
<!DOCTYPE hibernate-mapping PUBLIC 
	"-//Hibernate/Hibernate Mapping DTD 2.0//EN"
    "http://hibernate.sourceforge.net/hibernate-mapping-2.0.dtd">

<hibernate-mapping package="br.gov.sc.tce.esfinge.common.controleCompetencia">
	<class name="br.gov.sc.tce.esfinge.common.controleCompetencia.FrameworkControleCompetencia" table="ControleCompetencia">
		<id name="identificador" type="integer" column="IDENTIFICADOR">
			<generator class="increment" /> 
		</id>
		<property name="indicativotravado" type="boolean" column="indicativotravado" /> 
		<property name="identificadorunidadegestora" type="integer" column="identificadorunidadegestora" not-null="true" /> 
		<many-to-one name="competencia" column="identificadorCompetencia" class="br.gov.sc.tce.esfinge.common.competencia.FrameworkCompetencia" 
   		  not-null="true"/>
	</class>
</hibernate-mapping>

