<?xml version="1.0" encoding="UTF-8"?>
<!DOCTYPE hibernate-mapping PUBLIC "-//Hibernate/Hibernate Mapping DTD 2.0//EN"
                                   "http://hibernate.sourceforge.net/hibernate-mapping-2.0.dtd">
                                   
<hibernate-mapping package="br.gov.sc.tce.esfinge.generico.application.importacao.beans">

 <class name="ControleRemessaImportacaoExportacao" table="ControleRemessaImportacaoExportacao">
 
  <id name="id" type="long">
   <column name="identificador" sql-type="INTEGER"/>
   <generator class="increment"/>
  </id>

  <property name="dataHora" not-null="true" type="timestamp"/>
  <property name="status" not-null="true"/>
  <property name="tipoOperacao" not-null="true"/>
  <property name="competencia" not-null="true"/>
  <property name="nomeUsuario" not-null="true"/>
  
  <many-to-one name="unidadeGestora" column="identificadorUnidadeGestora" 
   class="br.gov.sc.tce.esfinge.common.entidades.unidadeGestora.UnidadeGestora" 
   not-null="true"/>

 </class>
 
</hibernate-mapping>