<?xml version="1.0" encoding="UTF-8"?>
<!DOCTYPE hibernate-mapping PUBLIC "-//Hibernate/Hibernate Mapping DTD 2.0//EN"
                                   "http://hibernate.sourceforge.net/hibernate-mapping-2.0.dtd">
                                   
<hibernate-mapping package="br.gov.sc.tce.esfinge.generico.application.importacao.beans">

 <class name="PacoteGerado" table="PacoteGerado">
 
  <id name="identificador" type="int">
   <column name="identificador" sql-type="INTEGER"/>
   <generator class="increment"/>
  </id>

  <property name="identificadorUnidadeGestora" type="integer">
    <column name="identificadorUnidadeGestora" sql-type="INTEGER"/>
  </property>

  <property name="dataPacoteGerado" not-null="true"/>
  <property name="identificadorCompetencia" not-null="true"/> 
 
  
 </class>
 
</hibernate-mapping>