<?xml version="1.0" encoding="UTF-8"?>
<!DOCTYPE hibernate-mapping PUBLIC "-//Hibernate/Hibernate Mapping DTD 2.0//EN"
                                   "http://hibernate.sourceforge.net/hibernate-mapping-2.0.dtd">
                                   
<hibernate-mapping package="br.gov.sc.tce.esfinge.generico.application.importacao.beans">

 <class name="Tabela" table="Tabela">
 
  <id name="id" type="long">
   <column name="identificador" sql-type="INTEGER"/>
   <generator class="increment"/>
  </id>

  <property name="nome"/>
  <property name="descricao"/>
  <property name="indicativoBasica"/>
  <property name="indicativoExportacao"/>
  <property name="indicativoAtualizavel"/>
  <property name="dataAtualizacao"/>
  <property name="numeroPrecedencia"/>
  
  <many-to-one name="pacote" column="identificadorPacote" 
   class="br.gov.sc.tce.esfinge.generico.application.importacao.beans.Pacote" />
  </class>
 
</hibernate-mapping>