<?xml version="1.0" encoding="UTF-8"?>
<!DOCTYPE hibernate-mapping PUBLIC "-//Hibernate/Hibernate Mapping DTD 2.0//EN"
                                   "http://hibernate.sourceforge.net/hibernate-mapping-2.0.dtd">
                                   
<hibernate-mapping package="br.gov.sc.tce.esfinge.generico.application.importacao.beans">

 <class name="TxtXml" table="TxtXml">
 
  <id name="id" type="long">
   <column name="identificador" sql-type="INTEGER"/>
   <generator class="increment"/>
  </id>

  <property name="identificadorUnidadeGestora" type="integer">
    <column name="identificadorUnidadeGestora" sql-type="INTEGER"/>
  </property>
  
  <many-to-one name="tabela" column="identificadorTabela" 
   class="br.gov.sc.tce.esfinge.generico.application.importacao.beans.Tabela" />
  
  <many-to-one name="arquivoTxt" column="identificadorArquivoTxt" 
   class="br.gov.sc.tce.esfinge.generico.application.importacao.beans.ArquivoTxt" />
  
 </class>
 
</hibernate-mapping>