<?xml version="1.0" encoding="UTF-8"  ?>
<!-- Created with iReport - A designer for JasperReports -->
<!DOCTYPE jasperReport PUBLIC "//JasperReports//DTD Report Design//EN" "http://jasperreports.sourceforge.net/dtds/jasperreport.dtd">
<jasperReport
		 name="RelatorioVerificarInconsistencia"
		 columnCount="1"
		 printOrder="Vertical"
		 orientation="Landscape"
		 pageWidth="842"
		 pageHeight="595"
		 columnWidth="535"
		 columnSpacing="0"
		 leftMargin="30"
		 rightMargin="30"
		 topMargin="20"
		 bottomMargin="20"
		 whenNoDataType="AllSectionsNoDetail"
		 isTitleNewPage="false"
		 isSummaryNewPage="false">
	<parameter name="ReportTitle" isForPrompting="true" class="java.lang.String"/>
	<parameter name="DataHoraAtual" isForPrompting="true" class="java.lang.String"/>
	<parameter name="competencia" isForPrompting="true" class="java.lang.String"/>
	<parameter name="logo_image" isForPrompting="true" class="java.io.InputStream"/>
	<field name="nomeArquivo" class="java.lang.String"/>
	<field name="identificacao" class="java.lang.String"/>
	<field name="linha" class="java.lang.String"/>
	<field name="mensagemErro" class="java.lang.String"/>
		<background>
			<band height="0">
			</band>
		</background>
		<title>
			<band height="86">
				<textField isStretchWithOverflow="false" pattern="" isBlankWhenNull="true" evaluationTime="Now" hyperlinkType="None" >					<reportElement
						mode="Transparent"
						x="67"
						y="8"
						width="458"
						height="30"
						forecolor="#000000"
						backcolor="#FFFFFF"
						positionType="FixRelativeToTop"
						isPrintRepeatedValues="true"
						isRemoveLineWhenBlank="false"
						isPrintInFirstWholeBand="false"
						isPrintWhenDetailOverflows="false"/>
					<textElement textAlignment="Left" verticalAlignment="Top" lineSpacing="Single">
						<font fontName="Arial" pdfFontName="Helvetica-Bold" size="14" isBold="true" isItalic="false" isUnderline="false" isPdfEmbedded ="false" pdfEncoding ="Cp1252" isStrikeThrough="false" />
					</textElement>
				<textFieldExpression   class="java.lang.String">$P{ReportTitle}</textFieldExpression>
				</textField>
				<line direction="TopDown">
					<reportElement
						mode="Opaque"
						x="2"
						y="82"
						width="778"
						height="0"
						forecolor="#000000"
						backcolor="#FFFFFF"
						positionType="FixRelativeToTop"
						isPrintRepeatedValues="true"
						isRemoveLineWhenBlank="false"
						isPrintInFirstWholeBand="false"
						isPrintWhenDetailOverflows="false"/>
					<graphicElement stretchType="NoStretch" pen="Thin" fill="Solid" />
				</line>
				<image  scaleImage="RetainShape" vAlign="Top" hAlign="Left" isUsingCache="false" evaluationTime="Now" hyperlinkType="None">					<reportElement
						mode="Opaque"
						x="9"
						y="7"
						width="45"
						height="63"
						forecolor="#000000"
						backcolor="#FFFFFF"
						positionType="FixRelativeToTop"
						isPrintRepeatedValues="true"
						isRemoveLineWhenBlank="false"
						isPrintInFirstWholeBand="false"
						isPrintWhenDetailOverflows="false"/>
					<graphicElement stretchType="NoStretch" pen="None" fill="Solid" />
					<imageExpression class="java.io.InputStream">$P{logo_image}</imageExpression>				</image>
				<textField isStretchWithOverflow="false" pattern="" isBlankWhenNull="false" evaluationTime="Now" hyperlinkType="None" >					<reportElement
						mode="Transparent"
						x="66"
						y="53"
						width="398"
						height="21"
						forecolor="#000000"
						backcolor="#FFFFFF"
						positionType="FixRelativeToTop"
						isPrintRepeatedValues="true"
						isRemoveLineWhenBlank="false"
						isPrintInFirstWholeBand="false"
						isPrintWhenDetailOverflows="false"/>
					<textElement textAlignment="Left" verticalAlignment="Top" lineSpacing="Single">
						<font fontName="arial" pdfFontName="Helvetica" size="9" isBold="false" isItalic="false" isUnderline="false" isPdfEmbedded ="false" isStrikeThrough="false" />
					</textElement>
				<textFieldExpression   class="java.lang.String"><![CDATA["Competencia: "+$P{competencia}]]></textFieldExpression>
				</textField>
			</band>
		</title>
		<pageHeader>
			<band height="41">
				<textField isStretchWithOverflow="false" pattern="" isBlankWhenNull="false" evaluationTime="Now" hyperlinkType="None" >					<reportElement
						mode="Transparent"
						x="614"
						y="5"
						width="168"
						height="13"
						forecolor="#000000"
						backcolor="#FFFFFF"
						positionType="FixRelativeToTop"
						isPrintRepeatedValues="true"
						isRemoveLineWhenBlank="false"
						isPrintInFirstWholeBand="false"
						isPrintWhenDetailOverflows="false"/>
					<textElement textAlignment="Right" verticalAlignment="Top" lineSpacing="Single">
						<font fontName="Arial" pdfFontName="Helvetica-Bold" size="10" isBold="true" isItalic="false" isUnderline="false" isPdfEmbedded ="false" isStrikeThrough="false" />
					</textElement>
				<textFieldExpression   class="java.lang.String"><![CDATA["Página: " + $V{PAGE_NUMBER}]]></textFieldExpression>
				</textField>
				<staticText>
					<reportElement
						mode="Transparent"
						x="0"
						y="23"
						width="132"
						height="15"
						forecolor="#000000"
						backcolor="#FFFFFF"
						positionType="FixRelativeToTop"
						isPrintRepeatedValues="true"
						isRemoveLineWhenBlank="false"
						isPrintInFirstWholeBand="false"
						isPrintWhenDetailOverflows="false"/>
					<textElement textAlignment="Left" verticalAlignment="Top" lineSpacing="Single">
						<font fontName="Arial" pdfFontName="Helvetica-Bold" size="10" isBold="true" isItalic="false" isUnderline="true" isPdfEmbedded ="false" isStrikeThrough="false" />
					</textElement>
				<text>Nome do Arquivo</text>
				</staticText>
				<staticText>
					<reportElement
						mode="Transparent"
						x="187"
						y="23"
						width="169"
						height="14"
						forecolor="#000000"
						backcolor="#FFFFFF"
						positionType="FixRelativeToTop"
						isPrintRepeatedValues="true"
						isRemoveLineWhenBlank="false"
						isPrintInFirstWholeBand="false"
						isPrintWhenDetailOverflows="false"/>
					<textElement textAlignment="Left" verticalAlignment="Top" lineSpacing="Single">
						<font fontName="Arial" pdfFontName="Helvetica-Bold" size="10" isBold="true" isItalic="false" isUnderline="true" isPdfEmbedded ="false" isStrikeThrough="false" />
					</textElement>
				<text>Identificação da Informação</text>
				</staticText>
				<staticText>
					<reportElement
						mode="Transparent"
						x="486"
						y="23"
						width="68"
						height="15"
						forecolor="#000000"
						backcolor="#FFFFFF"
						positionType="FixRelativeToTop"
						isPrintRepeatedValues="true"
						isRemoveLineWhenBlank="false"
						isPrintInFirstWholeBand="false"
						isPrintWhenDetailOverflows="false"/>
					<textElement textAlignment="Left" verticalAlignment="Top" lineSpacing="Single">
						<font fontName="Arial" pdfFontName="Helvetica-Bold" size="10" isBold="true" isItalic="false" isUnderline="true" isPdfEmbedded ="false" isStrikeThrough="false" />
					</textElement>
				<text>Mensagem</text>
				</staticText>
				<staticText>
					<reportElement
						mode="Transparent"
						x="419"
						y="23"
						width="61"
						height="14"
						forecolor="#000000"
						backcolor="#FFFFFF"
						positionType="FixRelativeToTop"
						isPrintRepeatedValues="true"
						isRemoveLineWhenBlank="false"
						isPrintInFirstWholeBand="false"
						isPrintWhenDetailOverflows="false"/>
					<textElement textAlignment="Left" verticalAlignment="Top" lineSpacing="Single">
						<font fontName="Arial" pdfFontName="Helvetica-Bold" size="10" isBold="true" isItalic="false" isUnderline="true" isPdfEmbedded ="false" isStrikeThrough="false" />
					</textElement>
				<text>Linha</text>
				</staticText>
			</band>
		</pageHeader>
		<columnHeader>
			<band height="0">
			</band>
		</columnHeader>
		<detail>
			<band height="20">
				<textField isStretchWithOverflow="true" pattern="" isBlankWhenNull="true" evaluationTime="Now" hyperlinkType="None" >					<reportElement
						mode="Transparent"
						x="0"
						y="2"
						width="180"
						height="15"
						forecolor="#000000"
						backcolor="#FFFFFF"
						positionType="FixRelativeToTop"
						isPrintRepeatedValues="true"
						isRemoveLineWhenBlank="false"
						isPrintInFirstWholeBand="false"
						isPrintWhenDetailOverflows="false"/>
					<textElement textAlignment="Left" verticalAlignment="Top" lineSpacing="Single">
						<font fontName="Arial" pdfFontName="Helvetica" size="10" isBold="false" isItalic="false" isUnderline="false" isPdfEmbedded ="false" isStrikeThrough="false" />
					</textElement>
				<textFieldExpression   class="java.lang.String">$F{nomeArquivo}</textFieldExpression>
				</textField>
				<textField isStretchWithOverflow="true" pattern="" isBlankWhenNull="true" evaluationTime="Now" hyperlinkType="None" >					<reportElement
						mode="Transparent"
						x="187"
						y="2"
						width="225"
						height="15"
						forecolor="#000000"
						backcolor="#FFFFFF"
						positionType="FixRelativeToTop"
						isPrintRepeatedValues="true"
						isRemoveLineWhenBlank="false"
						isPrintInFirstWholeBand="false"
						isPrintWhenDetailOverflows="false"/>
					<textElement textAlignment="Left" verticalAlignment="Top" lineSpacing="Single">
						<font fontName="Arial" pdfFontName="Helvetica" size="10" isBold="false" isItalic="false" isUnderline="false" isPdfEmbedded ="false" isStrikeThrough="false" />
					</textElement>
				<textFieldExpression   class="java.lang.String">$F{identificacao}</textFieldExpression>
				</textField>
				<textField isStretchWithOverflow="true" pattern="" isBlankWhenNull="true" evaluationTime="Now" hyperlinkType="None" >					<reportElement
						mode="Transparent"
						x="486"
						y="2"
						width="296"
						height="15"
						forecolor="#000000"
						backcolor="#FFFFFF"
						positionType="FixRelativeToTop"
						isPrintRepeatedValues="true"
						isRemoveLineWhenBlank="false"
						isPrintInFirstWholeBand="false"
						isPrintWhenDetailOverflows="false"/>
					<textElement textAlignment="Left" verticalAlignment="Top" lineSpacing="Single">
						<font fontName="Arial" pdfFontName="Helvetica" size="10" isBold="false" isItalic="false" isUnderline="false" isPdfEmbedded ="false" isStrikeThrough="false" />
					</textElement>
				<textFieldExpression   class="java.lang.String">$F{mensagemErro}</textFieldExpression>
				</textField>
				<textField isStretchWithOverflow="true" pattern="" isBlankWhenNull="true" evaluationTime="Now" hyperlinkType="None" >					<reportElement
						mode="Transparent"
						x="419"
						y="2"
						width="60"
						height="15"
						forecolor="#000000"
						backcolor="#FFFFFF"
						positionType="FixRelativeToTop"
						isPrintRepeatedValues="true"
						isRemoveLineWhenBlank="false"
						isPrintInFirstWholeBand="false"
						isPrintWhenDetailOverflows="false"/>
					<textElement textAlignment="Left" verticalAlignment="Top" lineSpacing="Single">
						<font fontName="Arial" pdfFontName="Helvetica" size="10" isBold="false" isItalic="false" isUnderline="false" isPdfEmbedded ="false" isStrikeThrough="false" />
					</textElement>
				<textFieldExpression   class="java.lang.String">$F{linha}</textFieldExpression>
				</textField>
			</band>
		</detail>
		<columnFooter>
			<band height="0">
			</band>
		</columnFooter>
		<pageFooter>
			<band height="25">
				<staticText>
					<reportElement
						mode="Transparent"
						x="2"
						y="5"
						width="31"
						height="13"
						forecolor="#000000"
						backcolor="#FFFFFF"
						positionType="FixRelativeToTop"
						isPrintRepeatedValues="true"
						isRemoveLineWhenBlank="false"
						isPrintInFirstWholeBand="false"
						isPrintWhenDetailOverflows="false"/>
					<textElement textAlignment="Right" verticalAlignment="Top" lineSpacing="Single">
						<font fontName="arial" pdfFontName="Helvetica" size="8" isBold="false" isItalic="false" isUnderline="false" isPdfEmbedded ="false" isStrikeThrough="false" />
					</textElement>
				<text><![CDATA[E-Sfinge]]></text>
				</staticText>
				<textField isStretchWithOverflow="false" pattern="" isBlankWhenNull="false" evaluationTime="Now" hyperlinkType="None" >					<reportElement
						mode="Transparent"
						x="658"
						y="7"
						width="124"
						height="15"
						forecolor="#000000"
						backcolor="#FFFFFF"
						positionType="FixRelativeToTop"
						isPrintRepeatedValues="true"
						isRemoveLineWhenBlank="false"
						isPrintInFirstWholeBand="false"
						isPrintWhenDetailOverflows="false"/>
					<textElement textAlignment="Left" verticalAlignment="Top" lineSpacing="Single">
						<font fontName="arial" pdfFontName="Helvetica" size="8" isBold="false" isItalic="false" isUnderline="false" isPdfEmbedded ="false" isStrikeThrough="false" />
					</textElement>
				<textFieldExpression   class="java.lang.String"><![CDATA["Impresso em: "+$P{DataHoraAtual}]]></textFieldExpression>
				</textField>
				<line direction="TopDown">
					<reportElement
						mode="Opaque"
						x="2"
						y="2"
						width="778"
						height="0"
						forecolor="#000000"
						backcolor="#FFFFFF"
						positionType="FixRelativeToTop"
						isPrintRepeatedValues="true"
						isRemoveLineWhenBlank="false"
						isPrintInFirstWholeBand="false"
						isPrintWhenDetailOverflows="false"/>
					<graphicElement stretchType="NoStretch" pen="Thin" fill="Solid" />
				</line>
			</band>
		</pageFooter>
		<summary>
			<band height="0">
			</band>
		</summary>
</jasperReport>
