<?xml version="1.0" encoding="UTF-8"?>
<!DOCTYPE hibernate-mapping PUBLIC "-//Hibernate/Hibernate Mapping DTD 2.0//EN"
                                   "http://hibernate.sourceforge.net/hibernate-mapping-2.0.dtd">
                                   
<hibernate-mapping package="br.gov.sc.tce.esfinge.common.tabelabasico">

 <class name="Componente" table="Componente">
 
  <id name="id" type="long">
   <column name="identificador" sql-type="INTEGER"/>
   <generator class="increment"/>
  </id>
 
  <property name="numeroSequencialContaPadrao" />
  <property name="codigoComponente" type="int"/>
  <property name="nomeComponente" />
  <property name="descricaoComponente" />
  <property name="dataAtivacao" />
  <property name="dataDesativacao" />

   <many-to-one name="TipoComponente" column ="identificadorTipoComponente"
     class="br.gov.sc.tce.esfinge.common.tabelabasico.TipoComponente"/>
 
 </class>
 
</hibernate-mapping>
