<?xml version="1.0" encoding="UTF-8"?>
<!DOCTYPE hibernate-mapping PUBLIC "-//Hibernate/Hibernate Mapping DTD 2.0//EN"
                                   "http://hibernate.sourceforge.net/hibernate-mapping-2.0.dtd">

<hibernate-mapping package="br.gov.sc.tce.esfinge.common.tabelabasico">

 <class name="Competencia" table="Competencia">
  <id name="id" type="long" unsaved-value="0">
   <column name="identificador" sql-type="INTEGER"/>
   <generator class="increment"/>
  </id>
  
  <property name="numeroCompetencia" column="numerocompetencia" type="long"/>
  <property name="versao" column="versao" type="string"/>
  
 </class>

</hibernate-mapping>