<?xml version="1.0" encoding="UTF-8"?>
<!DOCTYPE hibernate-mapping PUBLIC "-//Hibernate/Hibernate Mapping DTD 2.0//EN"
                                   "http://hibernate.sourceforge.net/hibernate-mapping-2.0.dtd">
                                   
<hibernate-mapping package="br.gov.sc.tce.esfinge.common.tabelabasico">

 <class name="ComposicaoDemonstrativo" table="ComposicaoDemonstrativo">
 
  <id name="id" type="long">
   <column name="identificador" sql-type="INTEGER"/>
   <generator class="increment"/>
  </id>
 
  <property name="numeroLinha" />
  <property name="numeroColuna" />
  <property name="nomeComponenteDemonstrativo" />
  <property name="indicativoNegrito" />
  <property name="dataAtivacao" />
  <property name="dataDesativacao" />
  <property name="indicativoObrigatoriedade" />
  <property name="indicativoZeroValido" type="boolean"/>

   <many-to-one name="versaoDemonstrativo" column ="identificadorVersaoDemonstrativo"
     class="br.gov.sc.tce.esfinge.common.tabelabasico.VersaoDemonstrativo"/>
 
   <many-to-one name="componente" column ="identificadorComponente"
     class="br.gov.sc.tce.esfinge.common.tabelabasico.Componente"/>
 
 </class>
 
</hibernate-mapping>
