<?xml version="1.0" encoding="UTF-8"?>
<!DOCTYPE hibernate-mapping PUBLIC "-//Hibernate/Hibernate Mapping DTD 2.0//EN"
                                   "http://hibernate.sourceforge.net/hibernate-mapping-2.0.dtd">
<hibernate-mapping package="br.gov.sc.tce.esfinge.common.tabelabasico">
 <class name="DetalhamentoElementoDespesa" table="DetalhamentoElementoDespesa">
  <id name="id" type="int">
   <column name="identificador" sql-type="INTEGER"/>
   <generator class="increment"/>
  </id>
  <property name="codigo" column="codigoDetalhamentoElementoDespesa" type="int" />
  <property name="descricao" column="descricaoDetalhamentoElementoDespesa" type="string"/>  
  <property name="dataAtivacao" type="date"/>
  <property name="dataDesativacao" type="date"/>

  <many-to-one name="tipoEsfera" column="identificadorTipoEsfera" class="br.gov.sc.tce.esfinge.common.entidades.ente.TipoEsfera"/>	
  <many-to-one name="elementoDespesa" column="identificadorElementoDespesa" class="br.gov.sc.tce.esfinge.common.tabelabasico.ElementoDespesa"/>	
  
 </class>
</hibernate-mapping>
