<?xml version="1.0" encoding="UTF-8"?>
<!DOCTYPE hibernate-mapping PUBLIC "-//Hibernate/Hibernate Mapping DTD 2.0//EN"
                                   "http://hibernate.sourceforge.net/hibernate-mapping-2.0.dtd">
<hibernate-mapping package="br.gov.sc.tce.esfinge.common.tabelabasico">
 <class name="ElencoContaPadrao" table="ElencoContaPadrao">
  <id name="id" type="long">
   <column name="identificador" sql-type="INTEGER"/>
   <generator class="increment"/>
  </id>
  <property name="numeroSequencial" column="numeroSequencial" type="int"/>
  <property name="codigoConta" column="codigoConta" type="string"/>
  <property name="nomeConta" type="string"/>
  <property name="indicativoContaAnalitica"/>
  <property name="descricaoConta" type="string"/>
  <property name="numeroNivel" type="int"/>  
  <property name="dataInicioValidade" type="date"/>
  <property name="dataFimValidade" type="date"/>
  <property name="identificadorElencoContaPadrao" type="int"/>
 </class>
</hibernate-mapping>
