<?xml version="1.0" encoding="UTF-8"?>
<!DOCTYPE hibernate-mapping PUBLIC "-//Hibernate/Hibernate Mapping DTD 2.0//EN"
                                   "http://hibernate.sourceforge.net/hibernate-mapping-2.0.dtd">
                                   
<hibernate-mapping package="br.gov.sc.tce.esfinge.common.tabelabasico">

 <class name="ModalidadeAposentadoria" table="ModalidadeAposentadoria">
 
  <id name="id" type="long">
   <column name="identificador" sql-type="INTEGER"/>
   <generator class="increment"/>
  </id>
 
  <property name="codigoModalidade" column="codigoModalidadeAposentadoria"/>
  <property name="descricaoModalidade" column="descricaoModalidadeAposentadoria"/>
  <property name="dataAtivacao"/>
  <property name="dataDesativacao"/>

 </class>
 
</hibernate-mapping>