<?xml version="1.0" encoding="UTF-8"?>
<!DOCTYPE hibernate-mapping PUBLIC "-//Hibernate/Hibernate Mapping DTD 2.0//EN"
                                   "http://hibernate.sourceforge.net/hibernate-mapping-2.0.dtd">
<hibernate-mapping package="br.gov.sc.tce.esfinge.common.tabelabasico">

 <class name="MotivoDesligamento" table="MotivoDesligamento">
  	<id name="id" type="long">
   		<column name="identificador" sql-type="INTEGER"/>
   		<generator class="increment"/>
  	</id>
  	<property name="codigoMotivoDesligamento" type="int"/>
  	<property name="descricaoMotivoDesligamento" type="string"/>
  	<property name="dataAtivacao" type="date"/>
  	<property name="dataDesativacao" type="date"/>
 </class>
 
</hibernate-mapping>
