<?xml version="1.0" encoding="UTF-8"?>
<!DOCTYPE hibernate-mapping PUBLIC "-//Hibernate/Hibernate Mapping DTD 2.0//EN"
                                   "http://hibernate.sourceforge.net/hibernate-mapping-2.0.dtd">
                                   
<hibernate-mapping package="br.gov.sc.tce.esfinge.common.tabelabasico">

 <class name="PeriodoDemonstrativo" table="PeriodoDemonstrativo">
 
  <id name="id" type="long">
   <column name="identificador" sql-type="INTEGER"/>
   <generator class="increment"/>
  </id>

  <property name="competencia" />
  <property name="dataAtivacao" />
  <property name="dataDesativacao" />

   <many-to-one name="poderOrgao" column ="identificadorPoderOrgao"
     class="br.gov.sc.tce.esfinge.common.entidades.poderOrgao.PoderOrgao"/>
 
   <many-to-one name="tipoPeriodo" column ="identificadorTipoPeriodo"
     class="br.gov.sc.tce.esfinge.common.tabelabasico.TipoPeriodo"/>
 
   <many-to-one name="demonstrativo" column ="identificadorDemonstrativo"
     class="br.gov.sc.tce.esfinge.common.tabelabasico.Demonstrativo"/>
 
   <many-to-one name="tipoEsfera" column ="identificadorTipoEsfera"
     class="br.gov.sc.tce.esfinge.common.entidades.ente.TipoEsfera"/>
 
 </class>
 
</hibernate-mapping>
