<?xml version="1.0" encoding="UTF-8"?>
<!DOCTYPE hibernate-mapping PUBLIC "-//Hibernate/Hibernate Mapping DTD 2.0//EN"
                                   "http://hibernate.sourceforge.net/hibernate-mapping-2.0.dtd">
                                   
<hibernate-mapping package="br.gov.sc.tce.esfinge.common.tabelabasico">
 <class name="Publicidade" table="Publicidade">
 
   <id name="id" type="long">
     <column name="identificador" sql-type="INTEGER"/>
     <generator class="increment"/>
   </id>
   
   <property name="dataPublicacao" type="date"/>
   
   <many-to-one name="tipoMeioComunicacao" column="identificadorTipoMeioComunicacao"
	 class="br.gov.sc.tce.esfinge.common.tabelabasico.TipoMeioComunicacao"/>   
	 
   <many-to-one name="textoJuridico" column="identificadorTextoJuridico"
	 class="br.gov.sc.tce.esfinge.common.tabelabasico.TextoJuridico"/>   
	
 </class> 
</hibernate-mapping>
