<?xml version="1.0" encoding="UTF-8"?>
<!DOCTYPE hibernate-mapping PUBLIC "-//Hibernate/Hibernate Mapping DTD 2.0//EN"
                                   "http://hibernate.sourceforge.net/hibernate-mapping-2.0.dtd">
<hibernate-mapping package="br.gov.sc.tce.esfinge.common.tabelabasico">
 <class name="Regionalizacao" table="Regionalizacao" >
  <id name="id" column="identificador" type="long">
   <generator class="increment"/>
  </id>
  <property name="codigoRegionalizacao" type="long"/> 
  <property name="descricaoRegionalizacao" type="string"/>
  <property name="dataAtivacao" not-null="true"/>
  <property name="dataDesativacao" not-null="false"/>
  
 </class>
</hibernate-mapping>

