<?xml version="1.0" encoding="UTF-8"?>
<!DOCTYPE hibernate-mapping PUBLIC "-//Hibernate/Hibernate Mapping DTD 2.0//EN"
                                   "http://hibernate.sourceforge.net/hibernate-mapping-2.0.dtd">
                                   
<hibernate-mapping package="br.gov.sc.tce.esfinge.common.tabelabasico">

 <class name="TipoAlteracaoOrcamentaria" table="TipoAlteracaoOrcamentaria">
 
  <id name="id" type="long">
   <column name="identificador" sql-type="INTEGER"/>
   <generator class="increment"/>
  </id>
 
  <property name="codigoTipoAlteracaoOrcamentaria" not-null="true"/>
  <property name="descricaoTipoAlteracaoOrcamentaria" not-null="true"/>
  <property name="dataAtivacao" not-null="true"/>
  <property name="dataDesativacao" not-null="false"/>
  
  <many-to-one name="tipoOperacao" column="identificadorTipoOperacao" 
   class="br.gov.sc.tce.esfinge.common.tabelabasico.TipoOperacao" 
   not-null="true"/>  
 
 </class>
 
</hibernate-mapping>