<?xml version="1.0" encoding="UTF-8"?>
<!DOCTYPE hibernate-mapping PUBLIC "-//Hibernate/Hibernate Mapping DTD 2.0//EN"
                                   "http://hibernate.sourceforge.net/hibernate-mapping-2.0.dtd">
<hibernate-mapping package="br.gov.sc.tce.esfinge.common.tabelabasico">
 <class name="TipoMetaFiscal" table="TipoMetaFiscal" discriminator-value="C">
  <id name="id" column="identificador" type="long">
   <generator class="increment"/>
  </id>
  <property name="descricaoTipoMetaFiscal" column="descricaoTipoMetaFiscal" type="string"/> 
  <property name="tipoMetaFiscal" column="codigoTipoMetaFiscal" type="int"/>
  <property name="dataAtivacao" column="dataAtivacao" type="date"/>
  <property name="dataDesativacao" column="dataDesativacao" type="date"/>
 </class>
</hibernate-mapping>
