<?xml version="1.0" encoding="UTF-8"?>
<!DOCTYPE hibernate-mapping PUBLIC "-//Hibernate/Hibernate Mapping DTD 2.0//EN"
                                   "http://hibernate.sourceforge.net/hibernate-mapping-2.0.dtd">
<hibernate-mapping package="br.gov.sc.tce.esfinge.common.tabelabasico">
 <class name="TipoSituacaoLicitacao" table="TipoSituacaoLicitacao">
  <id name="identificador" type="int">
   <column name="identificador" sql-type="INTEGER"/>
   <generator class="increment"/>
  </id>
    
  <property name="descricao" column="DESCRICAOTIPOSITUACAOLICITACAO" type="string"/>
  <property name="codigo" column="CODIGOTIPOSITUACAOLICITACAO" type="int"/>
  <property name="dataAtivacao" column="dataativacao" type="date"/>
  <property name="dataDesativacao" column="datadesativacao" type="date"/>
  
  </class>
</hibernate-mapping>
