<?xml version="1.0" encoding="UTF-8"?>
<!DOCTYPE hibernate-mapping PUBLIC "-//Hibernate/Hibernate Mapping DTD 2.0//EN"
                                   "http://hibernate.sourceforge.net/hibernate-mapping-2.0.dtd">
<hibernate-mapping package="br.gov.sc.tce.esfinge.common.tabelabasico">
 <class name="TipoMovimentoBens" table="TipoMovimentoBens">
  <id name="id" type="long">
   <column name="identificador" sql-type="INTEGER"/>
   <generator class="increment"/>
  </id>
  <property name="codigoTipoMovimentoBens" column="codigoTipoMovimentoBens" type="int"/>
  <property name="descricaoTipoMovimentoBens" type="string"/>
  <property name="dataAtivacao" type="date"/>
  <property name="dataDesativacao" type="date"/>

  <many-to-one name="tipoOperacao" column="identificadorTipoOperacao" class="br.gov.sc.tce.esfinge.common.tabelabasico.TipoOperacao"/>	

 </class>
</hibernate-mapping>
