<?xml version="1.0" encoding="UTF-8"?>
<!DOCTYPE hibernate-mapping PUBLIC "-//Hibernate/Hibernate Mapping DTD 2.0//EN"
                                   "http://hibernate.sourceforge.net/hibernate-mapping-2.0.dtd">
<hibernate-mapping package="br.gov.sc.tce.esfinge.common.tabelabasico">
 <class name="TipoAtualizacao" table="TipoAtualizacao">
  <id name="id" type="long">
   <column name="identificador" sql-type="INTEGER"/> 
   <generator class="increment"/>
  </id>
  <property name="tipoAtualizacao"  column="codigoTipoAtualizacao" type="long"/>
  <property name="descricaoTipoAtualizacao" type="string"/>
  <property name="dataAtivacao" type="date"/>
  <property name="dataDesativacao" type="date"/>
 </class>
</hibernate-mapping>