<?xml version="1.0" encoding="UTF-8"?>
<!DOCTYPE hibernate-mapping PUBLIC "-//Hibernate/Hibernate Mapping DTD 2.0//EN"
                                   "http://hibernate.sourceforge.net/hibernate-mapping-2.0.dtd">
                                   
<hibernate-mapping package="br.gov.sc.tce.esfinge.common.tabelabasico">

 <class name="TipoQuadroPessoal" table="TipoQuadroPessoal">
 
  <id name="id" type="long">
   <column name="identificador" sql-type="INTEGER"/>
   <generator class="increment"/>
  </id>
 
  <property name="codigoTipoQuadro"    column="codigoTipoQuadroPessoal"      not-null="true"/>
  <property name="descricaoTipoQuadro" column="descricaoTipoQuadroPessoal"   not-null="false"/>
  <property name="dataAtivacao"        not-null="false"/>
  <property name="dataDesativacao"     not-null="false"/>  
  
 </class>
 
</hibernate-mapping>