<?xml version="1.0" encoding="UTF-8"?>
<!DOCTYPE hibernate-mapping PUBLIC "-//Hibernate/Hibernate Mapping DTD 2.0//EN"
                                   "http://hibernate.sourceforge.net/hibernate-mapping-2.0.dtd">
                                   
<hibernate-mapping package="br.gov.sc.tce.esfinge.common.tabelabasico">

 <class name="TipoDocumentoComprobatorio" table="TipoDocumentoComprobatorio">
 
  <id name="id" type="long">
   <column name="identificador" sql-type="INTEGER"/>
   <generator class="increment"/>
  </id>

  <property name="codigoTipoDocumento" not-null="true"/>
  <property name="descricaoTipoDocumento" not-null="true"/>
  <property name="dataAtivacao" not-null="true" type="date"/>
  <property name="dataDesativacao" not-null="false" type="date"/>

 </class>
 
</hibernate-mapping>