<?xml version="1.0" encoding="UTF-8"?>
<!DOCTYPE hibernate-mapping PUBLIC "-//Hibernate/Hibernate Mapping DTD 2.0//EN"
                                   "http://hibernate.sourceforge.net/hibernate-mapping-2.0.dtd">
<hibernate-mapping package="br.gov.sc.tce.esfinge.common.tabelabasico">
 <class name="TipoTextoJuridico" table="TipoTextoJuridico">
  <id name="id" column="identificador" type="long">
   <generator class="increment"/>
  </id>
  <property name="descricaoTipoTexto" column="descricaoTipoTextoJuridico" type="string"/>
  <property name="tipoTextoJuridico" column="codigoTipoTextoJuridico" type="int"/>
  <property name="dataAtivacao" column="dataativacao" type="date"/>
  <property name="dataDesativacao" column="datadesativacao" type="date"/>
  
  </class>
</hibernate-mapping>
