<?xml version="1.0" encoding="UTF-8"?>
<!DOCTYPE hibernate-mapping PUBLIC "-//Hibernate/Hibernate Mapping DTD 2.0//EN"
                                   "http://hibernate.sourceforge.net/hibernate-mapping-2.0.dtd">
<hibernate-mapping package="br.gov.sc.tce.esfinge.common.tabelabasico">
 <class name="TipoCompetencia" table="TipoCompetencia" discriminator-value="C">
 
  <id name="id" column="identificador" type="long">
   <generator class="increment"/>
  </id>
  
  <property name="codigoTipoCompetencia" not-null="true"/>
  <property name="descricaoTipoCompetencia" not-null="true" />
  <property name="dataAtivacao" not-null="true" type="date"/>
  <property name="dataDesativacao" not-null="false" type="date"/>
  
 </class>
  
</hibernate-mapping>
