<?xml version="1.0" encoding="UTF-8"?>
<!DOCTYPE hibernate-mapping PUBLIC "-//Hibernate/Hibernate Mapping DTD 2.0//EN"
                                   "http://hibernate.sourceforge.net/hibernate-mapping-2.0.dtd">
                                   
<hibernate-mapping package="br.gov.sc.tce.esfinge.common.tabelabasico">

 <class name="ValidacaoMensagem" table="ValidacaoMensagem">
 
  <id name="id" type="long">
   <column name="identificador" sql-type="INTEGER"/>
   <generator class="increment"/>
  </id>
 
  <property name="sistema" not-null="true"/>
  <property name="nrRegra" column="numeroRegra" not-null="true"/>
  <property name="txtRegra" column="descricaoRegra" not-null="true"/>
  <property name="nrErro" column="numeroErro" not-null="true"/>
  <property name="txtErro" column="descricaoErro" not-null="true"/>
  <property name="tipoErro" not-null="true"/>
 
 </class>
 
</hibernate-mapping>