<?xml version="1.0" encoding="UTF-8"?>
<!DOCTYPE hibernate-mapping PUBLIC "-//Hibernate/Hibernate Mapping DTD 2.0//EN"
                                   "http://hibernate.sourceforge.net/hibernate-mapping-2.0.dtd">
                                   
<hibernate-mapping package="br.gov.sc.tce.esfinge.common.tabelabasico">

 <class name="VersaoDemonstrativo" table="VersaoDemonstrativo">
 
  <id name="id" type="long">
   <column name="identificador" sql-type="INTEGER"/>
   <generator class="increment"/>
  </id>
 
  <property name="numeroVersao" />
  <property name="descricaoTituloCabecalho" />
  <property name="dataAtivacao" />
  <property name="dataDesativacao" />

   <many-to-one name="demonstrativo" column ="identificadorDemonstrativo"
     class="br.gov.sc.tce.esfinge.common.tabelabasico.Demonstrativo"/>
 
 </class>
 
</hibernate-mapping>
